[{"ListeningId": 0, "MeterId": 1, "Timestamp": 1632424500, "listeningvalues": [{"ListeningId": 0, "ParameterID": 1, "Value": 231.40426635742188}, {"ListeningId": 0, "ParameterID": 2, "Value": 231.62612915039062}, {"ListeningId": 0, "ParameterID": 3, "Value": 229.88882446289062}, {"ListeningId": 0, "ParameterID": 4, "Value": 401.2270202636719}, {"ListeningId": 0, "ParameterID": 5, "Value": 399.7245788574219}, {"ListeningId": 0, "ParameterID": 6, "Value": 399.7132568359375}, {"ListeningId": 0, "ParameterID": 7, "Value": 2.7138335704803467}, {"ListeningId": 0, "ParameterID": 8, "Value": 1.9833705425262451}, {"ListeningId": 0, "ParameterID": 9, "Value": 2.798128128051758}, {"ListeningId": 0, "ParameterID": 17, "Value": 622.4290161132812}, {"ListeningId": 0, "ParameterID": 18, "Value": 459.40045166015625}, {"ListeningId": 0, "ParameterID": 19, "Value": 606.5896606445312}, {"ListeningId": 0, "ParameterID": 20, "Value": 1688.419189453125}, {"ListeningId": 0, "ParameterID": 21, "Value": 627.99267578125}, {"ListeningId": 0, "ParameterID": 22, "Value": 459.40045166015625}, {"ListeningId": 0, "ParameterID": 23, "Value": 643.2583618164062}, {"ListeningId": 0, "ParameterID": 24, "Value": 1730.6513671875}, {"ListeningId": 0, "ParameterID": 25, "Value": 83.40825653076172}, {"ListeningId": 0, "ParameterID": 26, "Value": 0.0}, {"ListeningId": 0, "ParameterID": 27, "Value": 214.080078125}, {"ListeningId": 0, "ParameterID": 28, "Value": 297.48834228515625}, {"ListeningId": 0, "ParameterID": 13, "Value": 0.9604882001876831}, {"ListeningId": 0, "ParameterID": 14, "Value": 1.0}, {"ListeningId": 0, "ParameterID": 15, "Value": 0.9465018510818481}, {"ListeningId": 0, "ParameterID": 16, "Value": 0.9689967036247253}, {"ListeningId": 0, "ParameterID": 10, "Value": 50.14484786987305}, {"ListeningId": 0, "ParameterID": 11, "Value": 50.14484786987305}, {"ListeningId": 0, "ParameterID": 12, "Value": 50.14484786987305}, {"ListeningId": 0, "ParameterID": 32, "Value": 6171.78662109375}]}, {"ListeningId": 0, "MeterId": 2, "Timestamp": 1632424500, "listeningvalues": [{"ListeningId": 0, "ParameterID": 1, "Value": 231.91258239746094}, {"ListeningId": 0, "ParameterID": 2, "Value": 231.6894989013672}, {"ListeningId": 0, "ParameterID": 3, "Value": 230.56765747070312}, {"ListeningId": 0, "ParameterID": 4, "Value": 401.5364990234375}, {"ListeningId": 0, "ParameterID": 5, "Value": 400.44366455078125}, {"ListeningId": 0, "ParameterID": 6, "Value": 400.4575500488281}, {"ListeningId": 0, "ParameterID": 7, "Value": 2.5842478275299072}, {"ListeningId": 0, "ParameterID": 8, "Value": 2.2053093910217285}, {"ListeningId": 0, "ParameterID": 9, "Value": 3.139645576477051}, {"ListeningId": 0, "ParameterID": 17, "Value": 592.7582397460938}, {"ListeningId": 0, "ParameterID": 18, "Value": 504.93927001953125}, {"ListeningId": 0, "ParameterID": 19, "Value": 683.2388916015625}, {"ListeningId": 0, "ParameterID": 20, "Value": 1780.061767578125}, {"ListeningId": 0, "ParameterID": 21, "Value": 598.5797729492188}, {"ListeningId": 0, "ParameterID": 22, "Value": 510.8173522949219}, {"ListeningId": 0, "ParameterID": 23, "Value": 723.4898071289062}, {"ListeningId": 0, "ParameterID": 24, "Value": 1832.65283203125}, {"ListeningId": 0, "ParameterID": 25, "Value": 84.11314392089844}, {"ListeningId": 0, "ParameterID": 26, "Value": 76.35880279541016}, {"ListeningId": 0, "ParameterID": 27, "Value": 238.82772827148438}, {"ListeningId": 0, "ParameterID": 28, "Value": 399.7972717285156}, {"ListeningId": 0, "ParameterID": 13, "Value": 0.989596962928772}, {"ListeningId": 0, "ParameterID": 14, "Value": 0.9945310354232788}, {"ListeningId": 0, "ParameterID": 15, "Value": 0.9879018664360046}, {"ListeningId": 0, "ParameterID": 16, "Value": 0.9906766414642334}, {"ListeningId": 0, "ParameterID": 10, "Value": 50.14484786987305}, {"ListeningId": 0, "ParameterID": 11, "Value": 50.14484786987305}, {"ListeningId": 0, "ParameterID": 12, "Value": 50.14484786987305}, {"ListeningId": 0, "ParameterID": 32, "Value": 6177.6767578125}]}, {"ListeningId": 0, "MeterId": 3, "Timestamp": 1632424500, "listeningvalues": [{"ListeningId": 0, "ParameterID": 1, "Value": 230.75772094726562}, {"ListeningId": 0, "ParameterID": 2, "Value": 231.9469757080078}, {"ListeningId": 0, "ParameterID": 3, "Value": 230.509033203125}, {"ListeningId": 0, "ParameterID": 4, "Value": 400.2777099609375}, {"ListeningId": 0, "ParameterID": 5, "Value": 400.3192138671875}, {"ListeningId": 0, "ParameterID": 6, "Value": 399.8081970214844}, {"ListeningId": 0, "ParameterID": 7, "Value": 2.39518404006958}, {"ListeningId": 0, "ParameterID": 8, "Value": 2.152024984359741}, {"ListeningId": 0, "ParameterID": 9, "Value": 2.8297364711761475}, {"ListeningId": 0, "ParameterID": 17, "Value": 533.4005737304688}, {"ListeningId": 0, "ParameterID": 18, "Value": 495.27978515625}, {"ListeningId": 0, "ParameterID": 19, "Value": 636.8092651367188}, {"ListeningId": 0, "ParameterID": 20, "Value": 1664.6944580078125}, {"ListeningId": 0, "ParameterID": 21, "Value": 552.1707153320312}, {"ListeningId": 0, "ParameterID": 22, "Value": 499.3406982421875}, {"ListeningId": 0, "ParameterID": 23, "Value": 653.3306274414062}, {"ListeningId": 0, "ParameterID": 24, "Value": 1705.169677734375}, {"ListeningId": 0, "ParameterID": 25, "Value": 141.7293243408203}, {"ListeningId": 0, "ParameterID": 26, "Value": 65.05593872070312}, {"ListeningId": 0, "ParameterID": 27, "Value": 145.44625854492188}, {"ListeningId": 0, "ParameterID": 28, "Value": 352.1211242675781}, {"ListeningId": 0, "ParameterID": 13, "Value": 0.9760627746582031}, {"ListeningId": 0, "ParameterID": 14, "Value": 0.9875795841217041}, {"ListeningId": 0, "ParameterID": 15, "Value": 0.9441496729850769}, {"ListeningId": 0, "ParameterID": 16, "Value": 0.969264030456543}, {"ListeningId": 0, "ParameterID": 10, "Value": 50.14484786987305}, {"ListeningId": 0, "ParameterID": 11, "Value": 50.14484786987305}, {"ListeningId": 0, "ParameterID": 12, "Value": 50.14484786987305}, {"ListeningId": 0, "ParameterID": 32, "Value": 6178.9453125}]}, {"ListeningId": 0, "MeterId": 4, "Timestamp": 1632424500, "listeningvalues": [{"ListeningId": 0, "ParameterID": 1, "Value": 230.6328125}, {"ListeningId": 0, "ParameterID": 2, "Value": 232.3002166748047}, {"ListeningId": 0, "ParameterID": 3, "Value": 230.39088439941406}, {"ListeningId": 0, "ParameterID": 4, "Value": 400.8282470703125}, {"ListeningId": 0, "ParameterID": 5, "Value": 400.5846252441406}, {"ListeningId": 0, "ParameterID": 6, "Value": 398.9609680175781}, {"ListeningId": 0, "ParameterID": 7, "Value": 2.6051511764526367}, {"ListeningId": 0, "ParameterID": 8, "Value": 2.000452995300293}, {"ListeningId": 0, "ParameterID": 9, "Value": 2.7577452659606934}, {"ListeningId": 0, "ParameterID": 17, "Value": 583.0650634765625}, {"ListeningId": 0, "ParameterID": 18, "Value": 464.7056579589844}, {"ListeningId": 0, "ParameterID": 19, "Value": 608.8378295898438}, {"ListeningId": 0, "ParameterID": 20, "Value": 1656.608642578125}, {"ListeningId": 0, "ParameterID": 21, "Value": 600.8333129882812}, {"ListeningId": 0, "ParameterID": 22, "Value": 464.7056579589844}, {"ListeningId": 0, "ParameterID": 23, "Value": 635.359375}, {"ListeningId": 0, "ParameterID": 24, "Value": 1700.8983154296875}, {"ListeningId": 0, "ParameterID": 25, "Value": 145.03717041015625}, {"ListeningId": 0, "ParameterID": 26, "Value": 0.0}, {"ListeningId": 0, "ParameterID": 27, "Value": 181.65359497070312}, {"ListeningId": 0, "ParameterID": 28, "Value": 326.6907653808594}, {"ListeningId": 0, "ParameterID": 13, "Value": 0.9704273343086243}, {"ListeningId": 0, "ParameterID": 14, "Value": 1.0}, {"ListeningId": 0, "ParameterID": 15, "Value": 0.9582574367523193}, {"ListeningId": 0, "ParameterID": 16, "Value": 0.9762282371520996}, {"ListeningId": 0, "ParameterID": 10, "Value": 50.008934020996094}, {"ListeningId": 0, "ParameterID": 11, "Value": 50.008934020996094}, {"ListeningId": 0, "ParameterID": 12, "Value": 50.008934020996094}, {"ListeningId": 0, "ParameterID": 32, "Value": 6178.767578125}]}, {"ListeningId": 0, "MeterId": 5, "Timestamp": 1632424500, "listeningvalues": [{"ListeningId": 0, "ParameterID": 1, "Value": 231.0460205078125}, {"ListeningId": 0, "ParameterID": 2, "Value": 231.28799438476562}, {"ListeningId": 0, "ParameterID": 3, "Value": 229.79026794433594}, {"ListeningId": 0, "ParameterID": 4, "Value": 400.3974304199219}, {"ListeningId": 0, "ParameterID": 5, "Value": 399.3191833496094}, {"ListeningId": 0, "ParameterID": 6, "Value": 399.5957946777344}, {"ListeningId": 0, "ParameterID": 7, "Value": 2.2900309562683105}, {"ListeningId": 0, "ParameterID": 8, "Value": 1.7527164220809937}, {"ListeningId": 0, "ParameterID": 9, "Value": 2.88745379447937}, {"ListeningId": 0, "ParameterID": 17, "Value": 512.1185302734375}, {"ListeningId": 0, "ParameterID": 18, "Value": 400.959716796875}, {"ListeningId": 0, "ParameterID": 19, "Value": 645.43408203125}, {"ListeningId": 0, "ParameterID": 20, "Value": 1557.7340087890625}, {"ListeningId": 0, "ParameterID": 21, "Value": 529.7185668945312}, {"ListeningId": 0, "ParameterID": 22, "Value": 405.0412292480469}, {"ListeningId": 0, "ParameterID": 23, "Value": 664.2451171875}, {"ListeningId": 0, "ParameterID": 24, "Value": 1599.758056640625}, {"ListeningId": 0, "ParameterID": 25, "Value": 137.51210021972656}, {"ListeningId": 0, "ParameterID": 26, "Value": 59.79496765136719}, {"ListeningId": 0, "ParameterID": 27, "Value": 157.2294921875}, {"ListeningId": 0, "ParameterID": 28, "Value": 354.29339599609375}, {"ListeningId": 0, "ParameterID": 13, "Value": 0.9841690063476562}, {"ListeningId": 0, "ParameterID": 14, "Value": 1.0}, {"ListeningId": 0, "ParameterID": 15, "Value": 0.975651204586029}, {"ListeningId": 0, "ParameterID": 16, "Value": 0.986606776714325}, {"ListeningId": 0, "ParameterID": 10, "Value": 50.008934020996094}, {"ListeningId": 0, "ParameterID": 11, "Value": 50.008934020996094}, {"ListeningId": 0, "ParameterID": 12, "Value": 50.008934020996094}, {"ListeningId": 0, "ParameterID": 32, "Value": 6175.97021484375}]}, {"ListeningId": 0, "MeterId": 6, "Timestamp": 1632424500, "listeningvalues": [{"ListeningId": 0, "ParameterID": 1, "Value": 230.6836700439453}, {"ListeningId": 0, "ParameterID": 2, "Value": 232.01927185058594}, {"ListeningId": 0, "ParameterID": 3, "Value": 230.4635772705078}, {"ListeningId": 0, "ParameterID": 4, "Value": 400.5771179199219}, {"ListeningId": 0, "ParameterID": 5, "Value": 400.241943359375}, {"ListeningId": 0, "ParameterID": 6, "Value": 399.1020812988281}, {"ListeningId": 0, "ParameterID": 7, "Value": 2.6990647315979004}, {"ListeningId": 0, "ParameterID": 8, "Value": 2.2104790210723877}, {"ListeningId": 0, "ParameterID": 9, "Value": 2.8703384399414062}, {"ListeningId": 0, "ParameterID": 17, "Value": 608.6768188476562}, {"ListeningId": 0, "ParameterID": 18, "Value": 512.4097900390625}, {"ListeningId": 0, "ParameterID": 19, "Value": 625.4844360351562}, {"ListeningId": 0, "ParameterID": 20, "Value": 1747.699462890625}, {"ListeningId": 0, "ParameterID": 21, "Value": 623.2354125976562}, {"ListeningId": 0, "ParameterID": 22, "Value": 512.4888305664062}, {"ListeningId": 0, "ParameterID": 23, "Value": 662.261962890625}, {"ListeningId": 0, "ParameterID": 24, "Value": 1796.59765625}, {"ListeningId": 0, "ParameterID": 25, "Value": 128.8009033203125}, {"ListeningId": 0, "ParameterID": 26, "Value": 0.0}, {"ListeningId": 0, "ParameterID": 27, "Value": 215.4232635498047}, {"ListeningId": 0, "ParameterID": 28, "Value": 344.5273132324219}, {"ListeningId": 0, "ParameterID": 13, "Value": 0.9670025706291199}, {"ListeningId": 0, "ParameterID": 14, "Value": 1.0}, {"ListeningId": 0, "ParameterID": 15, "Value": 0.9404081702232361}, {"ListeningId": 0, "ParameterID": 16, "Value": 0.9691369533538818}, {"ListeningId": 0, "ParameterID": 10, "Value": 50.008934020996094}, {"ListeningId": 0, "ParameterID": 11, "Value": 50.008934020996094}, {"ListeningId": 0, "ParameterID": 12, "Value": 50.008934020996094}, {"ListeningId": 0, "ParameterID": 32, "Value": 6177.0390625}]}, {"ListeningId": 0, "MeterId": 7, "Timestamp": 1632424500, "listeningvalues": [{"ListeningId": 0, "ParameterID": 1, "Value": 230.66331481933594}, {"ListeningId": 0, "ParameterID": 2, "Value": 232.20492553710938}, {"ListeningId": 0, "ParameterID": 3, "Value": 230.09605407714844}, {"ListeningId": 0, "ParameterID": 4, "Value": 400.9764709472656}, {"ListeningId": 0, "ParameterID": 5, "Value": 400.6836242675781}, {"ListeningId": 0, "ParameterID": 6, "Value": 398.7142333984375}, {"ListeningId": 0, "ParameterID": 7, "Value": 2.316662073135376}, {"ListeningId": 0, "ParameterID": 8, "Value": 1.743863582611084}, {"ListeningId": 0, "ParameterID": 9, "Value": 2.6400904655456543}, {"ListeningId": 0, "ParameterID": 17, "Value": 527.7235717773438}, {"ListeningId": 0, "ParameterID": 18, "Value": 402.0281982421875}, {"ListeningId": 0, "ParameterID": 19, "Value": 578.9051513671875}, {"ListeningId": 0, "ParameterID": 20, "Value": 1510.331298828125}, {"ListeningId": 0, "ParameterID": 21, "Value": 534.7564697265625}, {"ListeningId": 0, "ParameterID": 22, "Value": 405.0755920410156}, {"ListeningId": 0, "ParameterID": 23, "Value": 608.5150756835938}, {"ListeningId": 0, "ParameterID": 24, "Value": 1549.2906494140625}, {"ListeningId": 0, "ParameterID": 25, "Value": 87.79071044921875}, {"ListeningId": 0, "ParameterID": 26, "Value": 49.47452163696289}, {"ListeningId": 0, "ParameterID": 27, "Value": 183.72068786621094}, {"ListeningId": 0, "ParameterID": 28, "Value": 321.1531066894531}, {"ListeningId": 0, "ParameterID": 13, "Value": 0.9627996683120728}, {"ListeningId": 0, "ParameterID": 14, "Value": 0.9875442385673523}, {"ListeningId": 0, "ParameterID": 15, "Value": 0.9557328224182129}, {"ListeningId": 0, "ParameterID": 16, "Value": 0.9686922430992126}, {"ListeningId": 0, "ParameterID": 10, "Value": 50.008934020996094}, {"ListeningId": 0, "ParameterID": 11, "Value": 50.008934020996094}, {"ListeningId": 0, "ParameterID": 12, "Value": 50.008934020996094}, {"ListeningId": 0, "ParameterID": 32, "Value": 6179.7060546875}]}, {"ListeningId": 0, "MeterId": 8, "Timestamp": 1632424500, "listeningvalues": [{"ListeningId": 0, "ParameterID": 1, "Value": 230.38217163085938}, {"ListeningId": 0, "ParameterID": 2, "Value": 232.62820434570312}, {"ListeningId": 0, "ParameterID": 3, "Value": 230.03028869628906}, {"ListeningId": 0, "ParameterID": 4, "Value": 400.6285095214844}, {"ListeningId": 0, "ParameterID": 5, "Value": 400.2495422363281}, {"ListeningId": 0, "ParameterID": 6, "Value": 398.80023193359375}, {"ListeningId": 0, "ParameterID": 7, "Value": 2.3208744525909424}, {"ListeningId": 0, "ParameterID": 8, "Value": 1.7454460859298706}, {"ListeningId": 0, "ParameterID": 9, "Value": 2.6414966583251953}, {"ListeningId": 0, "ParameterID": 17, "Value": 527.7135009765625}, {"ListeningId": 0, "ParameterID": 18, "Value": 402.5785827636719}, {"ListeningId": 0, "ParameterID": 19, "Value": 579.2802734375}, {"ListeningId": 0, "ParameterID": 20, "Value": 1507.7899169921875}, {"ListeningId": 0, "ParameterID": 21, "Value": 534.7858276367188}, {"ListeningId": 0, "ParameterID": 22, "Value": 405.3010559082031}, {"ListeningId": 0, "ParameterID": 23, "Value": 607.779296875}, {"ListeningId": 0, "ParameterID": 24, "Value": 1549.2218017578125}, {"ListeningId": 0, "ParameterID": 25, "Value": 87.82362365722656}, {"ListeningId": 0, "ParameterID": 26, "Value": 49.403770446777344}, {"ListeningId": 0, "ParameterID": 27, "Value": 183.8625946044922}, {"ListeningId": 0, "ParameterID": 28, "Value": 321.1973876953125}, {"ListeningId": 0, "ParameterID": 13, "Value": 0.9627996683120728}, {"ListeningId": 0, "ParameterID": 14, "Value": 0.9875442385673523}, {"ListeningId": 0, "ParameterID": 15, "Value": 0.9557328224182129}, {"ListeningId": 0, "ParameterID": 16, "Value": 0.9686922430992126}, {"ListeningId": 0, "ParameterID": 10, "Value": 50.008934020996094}, {"ListeningId": 0, "ParameterID": 11, "Value": 50.008934020996094}, {"ListeningId": 0, "ParameterID": 12, "Value": 50.008934020996094}, {"ListeningId": 0, "ParameterID": 32, "Value": 6179.7060546875}]}, {"ListeningId": 0, "MeterId": 9, "Timestamp": 1632424500, "listeningvalues": [{"ListeningId": 0, "ParameterID": 1, "Value": 231.2030792236328}, {"ListeningId": 0, "ParameterID": 2, "Value": 231.8920440673828}, {"ListeningId": 0, "ParameterID": 3, "Value": 230.16261291503906}, {"ListeningId": 0, "ParameterID": 4, "Value": 401.3154602050781}, {"ListeningId": 0, "ParameterID": 5, "Value": 400.4441833496094}, {"ListeningId": 0, "ParameterID": 6, "Value": 399.3997497558594}, {"ListeningId": 0, "ParameterID": 7, "Value": 2.5795693397521973}, {"ListeningId": 0, "ParameterID": 8, "Value": 1.903489589691162}, {"ListeningId": 0, "ParameterID": 9, "Value": 3.052175521850586}, {"ListeningId": 0, "ParameterID": 17, "Value": 591.1161499023438}, {"ListeningId": 0, "ParameterID": 18, "Value": 437.78143310546875}, {"ListeningId": 0, "ParameterID": 19, "Value": 689.2174682617188}, {"ListeningId": 0, "ParameterID": 20, "Value": 1718.114990234375}, {"ListeningId": 0, "ParameterID": 21, "Value": 596.4043579101562}, {"ListeningId": 0, "ParameterID": 22, "Value": 441.4040832519531}, {"ListeningId": 0, "ParameterID": 23, "Value": 702.4967041015625}, {"ListeningId": 0, "ParameterID": 24, "Value": 1740.30517578125}, {"ListeningId": 0, "ParameterID": 25, "Value": 79.24546813964844}, {"ListeningId": 0, "ParameterID": 26, "Value": 56.435665130615234}, {"ListeningId": 0, "ParameterID": 27, "Value": 135.9445037841797}, {"ListeningId": 0, "ParameterID": 28, "Value": 271.6256408691406}, {"ListeningId": 0, "ParameterID": 13, "Value": 0.9911332130432129}, {"ListeningId": 0, "ParameterID": 14, "Value": 0.9917929172515869}, {"ListeningId": 0, "ParameterID": 15, "Value": 0.9810971021652222}, {"ListeningId": 0, "ParameterID": 16, "Value": 0.9880077242851257}, {"ListeningId": 0, "ParameterID": 10, "Value": 50.00082015991211}, {"ListeningId": 0, "ParameterID": 11, "Value": 50.00082015991211}, {"ListeningId": 0, "ParameterID": 12, "Value": 50.00082015991211}, {"ListeningId": 0, "ParameterID": 32, "Value": 6183.61279296875}]}, {"ListeningId": 0, "MeterId": 10, "Timestamp": 1632424500, "listeningvalues": [{"ListeningId": 0, "ParameterID": 1, "Value": 231.0791778564453}, {"ListeningId": 0, "ParameterID": 2, "Value": 232.8313751220703}, {"ListeningId": 0, "ParameterID": 3, "Value": 230.9244384765625}, {"ListeningId": 0, "ParameterID": 4, "Value": 401.7600402832031}, {"ListeningId": 0, "ParameterID": 5, "Value": 401.8291931152344}, {"ListeningId": 0, "ParameterID": 6, "Value": 400.0040283203125}, {"ListeningId": 0, "ParameterID": 7, "Value": 2.612036943435669}, {"ListeningId": 0, "ParameterID": 8, "Value": 2.020205497741699}, {"ListeningId": 0, "ParameterID": 9, "Value": 2.8273701667785645}, {"ListeningId": 0, "ParameterID": 17, "Value": 600.6807250976562}, {"ListeningId": 0, "ParameterID": 18, "Value": 465.2591552734375}, {"ListeningId": 0, "ParameterID": 19, "Value": 635.3793334960938}, {"ListeningId": 0, "ParameterID": 20, "Value": 1700.253173828125}, {"ListeningId": 0, "ParameterID": 21, "Value": 603.3253173828125}, {"ListeningId": 0, "ParameterID": 22, "Value": 469.2440490722656}, {"ListeningId": 0, "ParameterID": 23, "Value": 653.171630859375}, {"ListeningId": 0, "ParameterID": 24, "Value": 1724.666259765625}, {"ListeningId": 0, "ParameterID": 25, "Value": 52.16265869140625}, {"ListeningId": 0, "ParameterID": 26, "Value": 64.5592269897461}, {"ListeningId": 0, "ParameterID": 27, "Value": 146.33749389648438}, {"ListeningId": 0, "ParameterID": 28, "Value": 262.8516540527344}, {"ListeningId": 0, "ParameterID": 13, "Value": 0.9792867302894592}, {"ListeningId": 0, "ParameterID": 14, "Value": 0.9933573007583618}, {"ListeningId": 0, "ParameterID": 15, "Value": 0.9899404644966125}, {"ListeningId": 0, "ParameterID": 16, "Value": 0.9875281453132629}, {"ListeningId": 0, "ParameterID": 10, "Value": 50.00082015991211}, {"ListeningId": 0, "ParameterID": 11, "Value": 50.00082015991211}, {"ListeningId": 0, "ParameterID": 12, "Value": 50.00082015991211}, {"ListeningId": 0, "ParameterID": 32, "Value": 7761.7314453125}]}, {"ListeningId": 0, "MeterId": 11, "Timestamp": 1632424500, "listeningvalues": [{"ListeningId": 0, "ParameterID": 1, "Value": 230.5057830810547}, {"ListeningId": 0, "ParameterID": 2, "Value": 232.19691467285156}, {"ListeningId": 0, "ParameterID": 3, "Value": 230.23294067382812}, {"ListeningId": 0, "ParameterID": 4, "Value": 400.76690673828125}, {"ListeningId": 0, "ParameterID": 5, "Value": 400.46875}, {"ListeningId": 0, "ParameterID": 6, "Value": 398.8503723144531}, {"ListeningId": 0, "ParameterID": 7, "Value": 2.5302703380584717}, {"ListeningId": 0, "ParameterID": 8, "Value": 1.8051261901855469}, {"ListeningId": 0, "ParameterID": 9, "Value": 2.860482931137085}, {"ListeningId": 0, "ParameterID": 17, "Value": 560.6287231445312}, {"ListeningId": 0, "ParameterID": 18, "Value": 416.8084716796875}, {"ListeningId": 0, "ParameterID": 19, "Value": 627.3880615234375}, {"ListeningId": 0, "ParameterID": 20, "Value": 1605.333984375}, {"ListeningId": 0, "ParameterID": 21, "Value": 582.6819458007812}, {"ListeningId": 0, "ParameterID": 22, "Value": 419.1089172363281}, {"ListeningId": 0, "ParameterID": 23, "Value": 658.6919555664062}, {"ListeningId": 0, "ParameterID": 24, "Value": 1661.5400390625}, {"ListeningId": 0, "ParameterID": 25, "Value": 159.9364776611328}, {"ListeningId": 0, "ParameterID": 26, "Value": 38.35969543457031}, {"ListeningId": 0, "ParameterID": 27, "Value": 201.80335998535156}, {"ListeningId": 0, "ParameterID": 28, "Value": 400.2268981933594}, {"ListeningId": 0, "ParameterID": 13, "Value": 0.992699384689331}, {"ListeningId": 0, "ParameterID": 14, "Value": 1.0}, {"ListeningId": 0, "ParameterID": 15, "Value": 0.9822034239768982}, {"ListeningId": 0, "ParameterID": 16, "Value": 0.9916343092918396}, {"ListeningId": 0, "ParameterID": 10, "Value": 50.00082015991211}, {"ListeningId": 0, "ParameterID": 11, "Value": 50.00082015991211}, {"ListeningId": 0, "ParameterID": 12, "Value": 50.00082015991211}, {"ListeningId": 0, "ParameterID": 32, "Value": 6173.32958984375}]}, {"ListeningId": 0, "MeterId": 12, "Timestamp": 1632424500, "listeningvalues": [{"ListeningId": 0, "ParameterID": 1, "Value": 230.37509155273438}, {"ListeningId": 0, "ParameterID": 2, "Value": 231.80947875976562}, {"ListeningId": 0, "ParameterID": 3, "Value": 230.93560791015625}, {"ListeningId": 0, "ParameterID": 4, "Value": 399.89105224609375}, {"ListeningId": 0, "ParameterID": 5, "Value": 400.7160949707031}, {"ListeningId": 0, "ParameterID": 6, "Value": 399.2029724121094}, {"ListeningId": 0, "ParameterID": 7, "Value": 2.667172431945801}, {"ListeningId": 0, "ParameterID": 8, "Value": 2.022120475769043}, {"ListeningId": 0, "ParameterID": 9, "Value": 2.6617555618286133}, {"ListeningId": 0, "ParameterID": 17, "Value": 591.9047241210938}, {"ListeningId": 0, "ParameterID": 18, "Value": 468.0797119140625}, {"ListeningId": 0, "ParameterID": 19, "Value": 585.0537719726562}, {"ListeningId": 0, "ParameterID": 20, "Value": 1644.5206298828125}, {"ListeningId": 0, "ParameterID": 21, "Value": 613.4954223632812}, {"ListeningId": 0, "ParameterID": 22, "Value": 468.3023376464844}, {"ListeningId": 0, "ParameterID": 23, "Value": 614.4532470703125}, {"ListeningId": 0, "ParameterID": 24, "Value": 1696.13623046875}, {"ListeningId": 0, "ParameterID": 25, "Value": 163.56503295898438}, {"ListeningId": 0, "ParameterID": 26, "Value": 0.0}, {"ListeningId": 0, "ParameterID": 27, "Value": 188.60768127441406}, {"ListeningId": 0, "ParameterID": 28, "Value": 352.1989440917969}, {"ListeningId": 0, "ParameterID": 13, "Value": 0.9707251787185669}, {"ListeningId": 0, "ParameterID": 14, "Value": 0.9861019253730774}, {"ListeningId": 0, "ParameterID": 15, "Value": 0.9603967070579529}, {"ListeningId": 0, "ParameterID": 16, "Value": 0.9724079966545105}, {"ListeningId": 0, "ParameterID": 10, "Value": 50.00082015991211}, {"ListeningId": 0, "ParameterID": 11, "Value": 50.00082015991211}, {"ListeningId": 0, "ParameterID": 12, "Value": 50.00082015991211}, {"ListeningId": 0, "ParameterID": 32, "Value": 6173.35791015625}]}]