[{"ListeningId": 0, "MeterId": 1, "Timestamp": 1632425520, "listeningvalues": [{"ListeningId": 0, "ParameterID": 1, "Value": 231.52915954589844}, {"ListeningId": 0, "ParameterID": 2, "Value": 232.3003387451172}, {"ListeningId": 0, "ParameterID": 3, "Value": 231.1885223388672}, {"ListeningId": 0, "ParameterID": 4, "Value": 401.4675598144531}, {"ListeningId": 0, "ParameterID": 5, "Value": 401.2618103027344}, {"ListeningId": 0, "ParameterID": 6, "Value": 400.3754577636719}, {"ListeningId": 0, "ParameterID": 7, "Value": 2.4053571224212646}, {"ListeningId": 0, "ParameterID": 8, "Value": 1.797454595565796}, {"ListeningId": 0, "ParameterID": 9, "Value": 2.7211005687713623}, {"ListeningId": 0, "ParameterID": 17, "Value": 543.0189208984375}, {"ListeningId": 0, "ParameterID": 18, "Value": 417.54931640625}, {"ListeningId": 0, "ParameterID": 19, "Value": 605.9510498046875}, {"ListeningId": 0, "ParameterID": 20, "Value": 1566.519287109375}, {"ListeningId": 0, "ParameterID": 21, "Value": 556.9103393554688}, {"ListeningId": 0, "ParameterID": 22, "Value": 417.54931640625}, {"ListeningId": 0, "ParameterID": 23, "Value": 629.0872192382812}, {"ListeningId": 0, "ParameterID": 24, "Value": 1603.546875}, {"ListeningId": 0, "ParameterID": 25, "Value": 123.61052703857422}, {"ListeningId": 0, "ParameterID": 26, "Value": 0.0}, {"ListeningId": 0, "ParameterID": 27, "Value": 169.03854370117188}, {"ListeningId": 0, "ParameterID": 28, "Value": 292.6490783691406}, {"ListeningId": 0, "ParameterID": 13, "Value": 0.9965922832489014}, {"ListeningId": 0, "ParameterID": 14, "Value": 0.9918222427368164}, {"ListeningId": 0, "ParameterID": 15, "Value": 0.966338574886322}, {"ListeningId": 0, "ParameterID": 16, "Value": 0.9849177002906799}, {"ListeningId": 0, "ParameterID": 10, "Value": 50.114620208740234}, {"ListeningId": 0, "ParameterID": 11, "Value": 50.114620208740234}, {"ListeningId": 0, "ParameterID": 12, "Value": 50.114620208740234}, {"ListeningId": 0, "ParameterID": 32, "Value": 6638.134765625}]}, {"ListeningId": 0, "MeterId": 2, "Timestamp": 1632425520, "listeningvalues": [{"ListeningId": 0, "ParameterID": 1, "Value": 230.66238403320312}, {"ListeningId": 0, "ParameterID": 2, "Value": 232.107666015625}, {"ListeningId": 0, "ParameterID": 3, "Value": 230.30201721191406}, {"ListeningId": 0, "ParameterID": 4, "Value": 400.8126525878906}, {"ListeningId": 0, "ParameterID": 5, "Value": 400.7093811035156}, {"ListeningId": 0, "ParameterID": 6, "Value": 399.7115478515625}, {"ListeningId": 0, "ParameterID": 7, "Value": 2.6343188285827637}, {"ListeningId": 0, "ParameterID": 8, "Value": 1.994433045387268}, {"ListeningId": 0, "ParameterID": 9, "Value": 3.093841314315796}, {"ListeningId": 0, "ParameterID": 17, "Value": 601.8013916015625}, {"ListeningId": 0, "ParameterID": 18, "Value": 459.3495178222656}, {"ListeningId": 0, "ParameterID": 19, "Value": 672.2904663085938}, {"ListeningId": 0, "ParameterID": 20, "Value": 1733.4114990234375}, {"ListeningId": 0, "ParameterID": 21, "Value": 608.2932739257812}, {"ListeningId": 0, "ParameterID": 22, "Value": 462.7438659667969}, {"ListeningId": 0, "ParameterID": 23, "Value": 713.6196899414062}, {"ListeningId": 0, "ParameterID": 24, "Value": 1783.646240234375}, {"ListeningId": 0, "ParameterID": 25, "Value": 90.44500732421875}, {"ListeningId": 0, "ParameterID": 26, "Value": 55.4522705078125}, {"ListeningId": 0, "ParameterID": 27, "Value": 238.36376953125}, {"ListeningId": 0, "ParameterID": 28, "Value": 383.911865234375}, {"ListeningId": 0, "ParameterID": 13, "Value": 0.9943333268165588}, {"ListeningId": 0, "ParameterID": 14, "Value": 1.0}, {"ListeningId": 0, "ParameterID": 15, "Value": 0.9657946228981018}, {"ListeningId": 0, "ParameterID": 16, "Value": 0.9867092967033386}, {"ListeningId": 0, "ParameterID": 10, "Value": 50.114620208740234}, {"ListeningId": 0, "ParameterID": 11, "Value": 50.114620208740234}, {"ListeningId": 0, "ParameterID": 12, "Value": 50.114620208740234}, {"ListeningId": 0, "ParameterID": 32, "Value": 6643.8466796875}]}, {"ListeningId": 0, "MeterId": 3, "Timestamp": 1632425520, "listeningvalues": [{"ListeningId": 0, "ParameterID": 1, "Value": 230.6763458251953}, {"ListeningId": 0, "ParameterID": 2, "Value": 231.81878662109375}, {"ListeningId": 0, "ParameterID": 3, "Value": 230.71969604492188}, {"ListeningId": 0, "ParameterID": 4, "Value": 400.3217468261719}, {"ListeningId": 0, "ParameterID": 5, "Value": 400.32794189453125}, {"ListeningId": 0, "ParameterID": 6, "Value": 399.80950927734375}, {"ListeningId": 0, "ParameterID": 7, "Value": 2.285734176635742}, {"ListeningId": 0, "ParameterID": 8, "Value": 2.1610848903656006}, {"ListeningId": 0, "ParameterID": 9, "Value": 2.7116477489471436}, {"ListeningId": 0, "ParameterID": 17, "Value": 518.4796752929688}, {"ListeningId": 0, "ParameterID": 18, "Value": 500.9800720214844}, {"ListeningId": 0, "ParameterID": 19, "Value": 613.3026733398438}, {"ListeningId": 0, "ParameterID": 20, "Value": 1632.762451171875}, {"ListeningId": 0, "ParameterID": 21, "Value": 527.2648315429688}, {"ListeningId": 0, "ParameterID": 22, "Value": 500.9800720214844}, {"ListeningId": 0, "ParameterID": 23, "Value": 625.6305541992188}, {"ListeningId": 0, "ParameterID": 24, "Value": 1653.87548828125}, {"ListeningId": 0, "ParameterID": 25, "Value": 95.84883880615234}, {"ListeningId": 0, "ParameterID": 26, "Value": 0.0}, {"ListeningId": 0, "ParameterID": 27, "Value": 123.58574676513672}, {"ListeningId": 0, "ParameterID": 28, "Value": 219.43458557128906}, {"ListeningId": 0, "ParameterID": 13, "Value": 0.9833382964134216}, {"ListeningId": 0, "ParameterID": 14, "Value": 1.0}, {"ListeningId": 0, "ParameterID": 15, "Value": 0.9802952408790588}, {"ListeningId": 0, "ParameterID": 16, "Value": 0.9878778457641602}, {"ListeningId": 0, "ParameterID": 10, "Value": 50.15170669555664}, {"ListeningId": 0, "ParameterID": 11, "Value": 50.15170669555664}, {"ListeningId": 0, "ParameterID": 12, "Value": 50.15170669555664}, {"ListeningId": 0, "ParameterID": 32, "Value": 6645.2021484375}]}, {"ListeningId": 0, "MeterId": 4, "Timestamp": 1632425520, "listeningvalues": [{"ListeningId": 0, "ParameterID": 1, "Value": 230.82574462890625}, {"ListeningId": 0, "ParameterID": 2, "Value": 232.49266052246094}, {"ListeningId": 0, "ParameterID": 3, "Value": 231.0546112060547}, {"ListeningId": 0, "ParameterID": 4, "Value": 401.322021484375}, {"ListeningId": 0, "ParameterID": 5, "Value": 401.5421447753906}, {"ListeningId": 0, "ParameterID": 6, "Value": 400.2358703613281}, {"ListeningId": 0, "ParameterID": 7, "Value": 2.324108600616455}, {"ListeningId": 0, "ParameterID": 8, "Value": 2.1077897548675537}, {"ListeningId": 0, "ParameterID": 9, "Value": 2.6944398880004883}, {"ListeningId": 0, "ParameterID": 17, "Value": 513.2613525390625}, {"ListeningId": 0, "ParameterID": 18, "Value": 486.5361022949219}, {"ListeningId": 0, "ParameterID": 19, "Value": 615.4472045898438}, {"ListeningId": 0, "ParameterID": 20, "Value": 1615.719482421875}, {"ListeningId": 0, "ParameterID": 21, "Value": 536.2379150390625}, {"ListeningId": 0, "ParameterID": 22, "Value": 489.5285339355469}, {"ListeningId": 0, "ParameterID": 23, "Value": 621.9778442382812}, {"ListeningId": 0, "ParameterID": 24, "Value": 1647.612060546875}, {"ListeningId": 0, "ParameterID": 25, "Value": 155.0625762939453}, {"ListeningId": 0, "ParameterID": 26, "Value": 55.974552154541016}, {"ListeningId": 0, "ParameterID": 27, "Value": 96.13713073730469}, {"ListeningId": 0, "ParameterID": 28, "Value": 307.5119323730469}, {"ListeningId": 0, "ParameterID": 13, "Value": 0.9572728276252747}, {"ListeningId": 0, "ParameterID": 14, "Value": 0.9934451580047607}, {"ListeningId": 0, "ParameterID": 15, "Value": 0.9880064129829407}, {"ListeningId": 0, "ParameterID": 16, "Value": 0.9795747399330139}, {"ListeningId": 0, "ParameterID": 10, "Value": 50.15170669555664}, {"ListeningId": 0, "ParameterID": 11, "Value": 50.15170669555664}, {"ListeningId": 0, "ParameterID": 12, "Value": 50.15170669555664}, {"ListeningId": 0, "ParameterID": 32, "Value": 6644.87890625}]}, {"ListeningId": 0, "MeterId": 5, "Timestamp": 1632425520, "listeningvalues": [{"ListeningId": 0, "ParameterID": 1, "Value": 231.36183166503906}, {"ListeningId": 0, "ParameterID": 2, "Value": 231.6724090576172}, {"ListeningId": 0, "ParameterID": 3, "Value": 230.11524963378906}, {"ListeningId": 0, "ParameterID": 4, "Value": 400.5907287597656}, {"ListeningId": 0, "ParameterID": 5, "Value": 400.013427734375}, {"ListeningId": 0, "ParameterID": 6, "Value": 399.7505187988281}, {"ListeningId": 0, "ParameterID": 7, "Value": 2.5027947425842285}, {"ListeningId": 0, "ParameterID": 8, "Value": 2.2300190925598145}, {"ListeningId": 0, "ParameterID": 9, "Value": 3.0745739936828613}, {"ListeningId": 0, "ParameterID": 17, "Value": 563.68505859375}, {"ListeningId": 0, "ParameterID": 18, "Value": 516.8216552734375}, {"ListeningId": 0, "ParameterID": 19, "Value": 665.9131469726562}, {"ListeningId": 0, "ParameterID": 20, "Value": 1748.102294921875}, {"ListeningId": 0, "ParameterID": 21, "Value": 578.3671875}, {"ListeningId": 0, "ParameterID": 22, "Value": 516.7789306640625}, {"ListeningId": 0, "ParameterID": 23, "Value": 706.8781127929688}, {"ListeningId": 0, "ParameterID": 24, "Value": 1800.4759521484375}, {"ListeningId": 0, "ParameterID": 25, "Value": 128.95162963867188}, {"ListeningId": 0, "ParameterID": 26, "Value": 0.0}, {"ListeningId": 0, "ParameterID": 27, "Value": 233.8331298828125}, {"ListeningId": 0, "ParameterID": 28, "Value": 363.1800537109375}, {"ListeningId": 0, "ParameterID": 13, "Value": 0.9773036241531372}, {"ListeningId": 0, "ParameterID": 14, "Value": 1.0}, {"ListeningId": 0, "ParameterID": 15, "Value": 0.9558388590812683}, {"ListeningId": 0, "ParameterID": 16, "Value": 0.9777141213417053}, {"ListeningId": 0, "ParameterID": 10, "Value": 50.15170669555664}, {"ListeningId": 0, "ParameterID": 11, "Value": 50.15170669555664}, {"ListeningId": 0, "ParameterID": 12, "Value": 50.15170669555664}, {"ListeningId": 0, "ParameterID": 32, "Value": 6642.5361328125}]}, {"ListeningId": 0, "MeterId": 6, "Timestamp": 1632425520, "listeningvalues": [{"ListeningId": 0, "ParameterID": 1, "Value": 231.3250274658203}, {"ListeningId": 0, "ParameterID": 2, "Value": 231.7139434814453}, {"ListeningId": 0, "ParameterID": 3, "Value": 230.0442657470703}, {"ListeningId": 0, "ParameterID": 4, "Value": 400.6545104980469}, {"ListeningId": 0, "ParameterID": 5, "Value": 399.725830078125}, {"ListeningId": 0, "ParameterID": 6, "Value": 399.0997009277344}, {"ListeningId": 0, "ParameterID": 7, "Value": 2.562241315841675}, {"ListeningId": 0, "ParameterID": 8, "Value": 2.13228178024292}, {"ListeningId": 0, "ParameterID": 9, "Value": 3.01601243019104}, {"ListeningId": 0, "ParameterID": 17, "Value": 574.3311157226562}, {"ListeningId": 0, "ParameterID": 18, "Value": 493.3117370605469}, {"ListeningId": 0, "ParameterID": 19, "Value": 667.0372314453125}, {"ListeningId": 0, "ParameterID": 20, "Value": 1735.5380859375}, {"ListeningId": 0, "ParameterID": 21, "Value": 592.3814697265625}, {"ListeningId": 0, "ParameterID": 22, "Value": 494.36199951171875}, {"ListeningId": 0, "ParameterID": 23, "Value": 693.8639526367188}, {"ListeningId": 0, "ParameterID": 24, "Value": 1778.402099609375}, {"ListeningId": 0, "ParameterID": 25, "Value": 142.8079376220703}, {"ListeningId": 0, "ParameterID": 26, "Value": 25.99164581298828}, {"ListeningId": 0, "ParameterID": 27, "Value": 188.990234375}, {"ListeningId": 0, "ParameterID": 28, "Value": 357.55694580078125}, {"ListeningId": 0, "ParameterID": 13, "Value": 0.9943956136703491}, {"ListeningId": 0, "ParameterID": 14, "Value": 1.0}, {"ListeningId": 0, "ParameterID": 15, "Value": 0.9419341087341309}, {"ListeningId": 0, "ParameterID": 16, "Value": 0.9787766337394714}, {"ListeningId": 0, "ParameterID": 10, "Value": 50.15170669555664}, {"ListeningId": 0, "ParameterID": 11, "Value": 50.15170669555664}, {"ListeningId": 0, "ParameterID": 12, "Value": 50.15170669555664}, {"ListeningId": 0, "ParameterID": 32, "Value": 6643.33935546875}]}, {"ListeningId": 0, "MeterId": 7, "Timestamp": 1632425520, "listeningvalues": [{"ListeningId": 0, "ParameterID": 1, "Value": 230.61276245117188}, {"ListeningId": 0, "ParameterID": 2, "Value": 231.76736450195312}, {"ListeningId": 0, "ParameterID": 3, "Value": 230.33534240722656}, {"ListeningId": 0, "ParameterID": 4, "Value": 400.3421936035156}, {"ListeningId": 0, "ParameterID": 5, "Value": 400.3309326171875}, {"ListeningId": 0, "ParameterID": 6, "Value": 398.8642272949219}, {"ListeningId": 0, "ParameterID": 7, "Value": 2.4913699626922607}, {"ListeningId": 0, "ParameterID": 8, "Value": 2.2096567153930664}, {"ListeningId": 0, "ParameterID": 9, "Value": 2.791811943054199}, {"ListeningId": 0, "ParameterID": 17, "Value": 565.8368530273438}, {"ListeningId": 0, "ParameterID": 18, "Value": 512.6471557617188}, {"ListeningId": 0, "ParameterID": 19, "Value": 625.7535400390625}, {"ListeningId": 0, "ParameterID": 20, "Value": 1702.5804443359375}, {"ListeningId": 0, "ParameterID": 21, "Value": 575.1124877929688}, {"ListeningId": 0, "ParameterID": 22, "Value": 512.2899169921875}, {"ListeningId": 0, "ParameterID": 23, "Value": 641.838134765625}, {"ListeningId": 0, "ParameterID": 24, "Value": 1729.859130859375}, {"ListeningId": 0, "ParameterID": 25, "Value": 105.91152954101562}, {"ListeningId": 0, "ParameterID": 26, "Value": 0.0}, {"ListeningId": 0, "ParameterID": 27, "Value": 144.6476287841797}, {"ListeningId": 0, "ParameterID": 28, "Value": 250.7953643798828}, {"ListeningId": 0, "ParameterID": 13, "Value": 0.9908567070960999}, {"ListeningId": 0, "ParameterID": 14, "Value": 1.0}, {"ListeningId": 0, "ParameterID": 15, "Value": 0.9694170951843262}, {"ListeningId": 0, "ParameterID": 16, "Value": 0.9867579340934753}, {"ListeningId": 0, "ParameterID": 10, "Value": 50.15170669555664}, {"ListeningId": 0, "ParameterID": 11, "Value": 50.15170669555664}, {"ListeningId": 0, "ParameterID": 12, "Value": 50.15170669555664}, {"ListeningId": 0, "ParameterID": 32, "Value": 6646.376953125}]}, {"ListeningId": 0, "MeterId": 8, "Timestamp": 1632425520, "listeningvalues": [{"ListeningId": 0, "ParameterID": 1, "Value": 231.2193145751953}, {"ListeningId": 0, "ParameterID": 2, "Value": 231.9662628173828}, {"ListeningId": 0, "ParameterID": 3, "Value": 230.67588806152344}, {"ListeningId": 0, "ParameterID": 4, "Value": 401.0675964355469}, {"ListeningId": 0, "ParameterID": 5, "Value": 401.0079345703125}, {"ListeningId": 0, "ParameterID": 6, "Value": 400.1331787109375}, {"ListeningId": 0, "ParameterID": 7, "Value": 2.5151305198669434}, {"ListeningId": 0, "ParameterID": 8, "Value": 1.7610390186309814}, {"ListeningId": 0, "ParameterID": 9, "Value": 3.0385494232177734}, {"ListeningId": 0, "ParameterID": 17, "Value": 576.2294921875}, {"ListeningId": 0, "ParameterID": 18, "Value": 408.50164794921875}, {"ListeningId": 0, "ParameterID": 19, "Value": 679.4839477539062}, {"ListeningId": 0, "ParameterID": 20, "Value": 1664.215087890625}, {"ListeningId": 0, "ParameterID": 21, "Value": 581.5467529296875}, {"ListeningId": 0, "ParameterID": 22, "Value": 408.50164794921875}, {"ListeningId": 0, "ParameterID": 23, "Value": 700.9201049804688}, {"ListeningId": 0, "ParameterID": 24, "Value": 1690.968505859375}, {"ListeningId": 0, "ParameterID": 25, "Value": 78.46137237548828}, {"ListeningId": 0, "ParameterID": 26, "Value": 0.0}, {"ListeningId": 0, "ParameterID": 27, "Value": 172.01907348632812}, {"ListeningId": 0, "ParameterID": 28, "Value": 250.48043823242188}, {"ListeningId": 0, "ParameterID": 13, "Value": 0.9908567070960999}, {"ListeningId": 0, "ParameterID": 14, "Value": 1.0}, {"ListeningId": 0, "ParameterID": 15, "Value": 0.9694170951843262}, {"ListeningId": 0, "ParameterID": 16, "Value": 0.9867579340934753}, {"ListeningId": 0, "ParameterID": 10, "Value": 50.09998321533203}, {"ListeningId": 0, "ParameterID": 11, "Value": 50.09998321533203}, {"ListeningId": 0, "ParameterID": 12, "Value": 50.09998321533203}, {"ListeningId": 0, "ParameterID": 32, "Value": 6646.376953125}]}, {"ListeningId": 0, "MeterId": 9, "Timestamp": 1632425520, "listeningvalues": [{"ListeningId": 0, "ParameterID": 1, "Value": 231.74229431152344}, {"ListeningId": 0, "ParameterID": 2, "Value": 231.5032958984375}, {"ListeningId": 0, "ParameterID": 3, "Value": 230.98599243164062}, {"ListeningId": 0, "ParameterID": 4, "Value": 400.91595458984375}, {"ListeningId": 0, "ParameterID": 5, "Value": 400.3271179199219}, {"ListeningId": 0, "ParameterID": 6, "Value": 400.24908447265625}, {"ListeningId": 0, "ParameterID": 7, "Value": 2.720393657684326}, {"ListeningId": 0, "ParameterID": 8, "Value": 1.741121530532837}, {"ListeningId": 0, "ParameterID": 9, "Value": 2.808617353439331}, {"ListeningId": 0, "ParameterID": 17, "Value": 614.6388549804688}, {"ListeningId": 0, "ParameterID": 18, "Value": 403.1151428222656}, {"ListeningId": 0, "ParameterID": 19, "Value": 622.4725341796875}, {"ListeningId": 0, "ParameterID": 20, "Value": 1638.832763671875}, {"ListeningId": 0, "ParameterID": 21, "Value": 629.9525146484375}, {"ListeningId": 0, "ParameterID": 22, "Value": 403.1116027832031}, {"ListeningId": 0, "ParameterID": 23, "Value": 648.6342163085938}, {"ListeningId": 0, "ParameterID": 24, "Value": 1680.3626708984375}, {"ListeningId": 0, "ParameterID": 25, "Value": 140.6840057373047}, {"ListeningId": 0, "ParameterID": 26, "Value": 11.726962089538574}, {"ListeningId": 0, "ParameterID": 27, "Value": 180.97122192382812}, {"ListeningId": 0, "ParameterID": 28, "Value": 333.4132995605469}, {"ListeningId": 0, "ParameterID": 13, "Value": 0.9747364521026611}, {"ListeningId": 0, "ParameterID": 14, "Value": 0.9995762705802917}, {"ListeningId": 0, "ParameterID": 15, "Value": 0.9603082537651062}, {"ListeningId": 0, "ParameterID": 16, "Value": 0.9782070517539978}, {"ListeningId": 0, "ParameterID": 10, "Value": 50.09998321533203}, {"ListeningId": 0, "ParameterID": 11, "Value": 50.09998321533203}, {"ListeningId": 0, "ParameterID": 12, "Value": 50.09998321533203}, {"ListeningId": 0, "ParameterID": 32, "Value": 6649.61669921875}]}, {"ListeningId": 0, "MeterId": 10, "Timestamp": 1632425520, "listeningvalues": [{"ListeningId": 0, "ParameterID": 1, "Value": 231.16529846191406}, {"ListeningId": 0, "ParameterID": 2, "Value": 231.97149658203125}, {"ListeningId": 0, "ParameterID": 3, "Value": 230.5589599609375}, {"ListeningId": 0, "ParameterID": 4, "Value": 401.19146728515625}, {"ListeningId": 0, "ParameterID": 5, "Value": 400.47979736328125}, {"ListeningId": 0, "ParameterID": 6, "Value": 399.9040222167969}, {"ListeningId": 0, "ParameterID": 7, "Value": 2.5064876079559326}, {"ListeningId": 0, "ParameterID": 8, "Value": 1.8223799467086792}, {"ListeningId": 0, "ParameterID": 9, "Value": 2.988097906112671}, {"ListeningId": 0, "ParameterID": 17, "Value": 566.9345703125}, {"ListeningId": 0, "ParameterID": 18, "Value": 418.42529296875}, {"ListeningId": 0, "ParameterID": 19, "Value": 655.18603515625}, {"ListeningId": 0, "ParameterID": 20, "Value": 1640.0753173828125}, {"ListeningId": 0, "ParameterID": 21, "Value": 579.8361206054688}, {"ListeningId": 0, "ParameterID": 22, "Value": 422.865234375}, {"ListeningId": 0, "ParameterID": 23, "Value": 690.2637939453125}, {"ListeningId": 0, "ParameterID": 24, "Value": 1691.783203125}, {"ListeningId": 0, "ParameterID": 25, "Value": 119.39588928222656}, {"ListeningId": 0, "ParameterID": 26, "Value": 61.9069938659668}, {"ListeningId": 0, "ParameterID": 27, "Value": 216.65426635742188}, {"ListeningId": 0, "ParameterID": 28, "Value": 398.15838623046875}, {"ListeningId": 0, "ParameterID": 13, "Value": 0.9907810091972351}, {"ListeningId": 0, "ParameterID": 14, "Value": 1.0}, {"ListeningId": 0, "ParameterID": 15, "Value": 0.979796290397644}, {"ListeningId": 0, "ParameterID": 16, "Value": 0.9901924133300781}, {"ListeningId": 0, "ParameterID": 10, "Value": 50.09998321533203}, {"ListeningId": 0, "ParameterID": 11, "Value": 50.09998321533203}, {"ListeningId": 0, "ParameterID": 12, "Value": 50.09998321533203}, {"ListeningId": 0, "ParameterID": 32, "Value": 8227.7138671875}]}, {"ListeningId": 0, "MeterId": 11, "Timestamp": 1632425520, "listeningvalues": [{"ListeningId": 0, "ParameterID": 1, "Value": 230.717529296875}, {"ListeningId": 0, "ParameterID": 2, "Value": 231.8584747314453}, {"ListeningId": 0, "ParameterID": 3, "Value": 230.58274841308594}, {"ListeningId": 0, "ParameterID": 4, "Value": 400.30084228515625}, {"ListeningId": 0, "ParameterID": 5, "Value": 400.6894226074219}, {"ListeningId": 0, "ParameterID": 6, "Value": 399.1103210449219}, {"ListeningId": 0, "ParameterID": 7, "Value": 2.6835038661956787}, {"ListeningId": 0, "ParameterID": 8, "Value": 2.172600269317627}, {"ListeningId": 0, "ParameterID": 9, "Value": 2.8289191722869873}, {"ListeningId": 0, "ParameterID": 17, "Value": 603.6953125}, {"ListeningId": 0, "ParameterID": 18, "Value": 503.3919677734375}, {"ListeningId": 0, "ParameterID": 19, "Value": 633.545654296875}, {"ListeningId": 0, "ParameterID": 20, "Value": 1740.4600830078125}, {"ListeningId": 0, "ParameterID": 21, "Value": 618.34765625}, {"ListeningId": 0, "ParameterID": 22, "Value": 503.38031005859375}, {"ListeningId": 0, "ParameterID": 23, "Value": 652.4810180664062}, {"ListeningId": 0, "ParameterID": 24, "Value": 1772.295654296875}, {"ListeningId": 0, "ParameterID": 25, "Value": 133.81692504882812}, {"ListeningId": 0, "ParameterID": 26, "Value": 0.0}, {"ListeningId": 0, "ParameterID": 27, "Value": 151.67430114746094}, {"ListeningId": 0, "ParameterID": 28, "Value": 285.56585693359375}, {"ListeningId": 0, "ParameterID": 13, "Value": 0.9831386804580688}, {"ListeningId": 0, "ParameterID": 14, "Value": 1.0}, {"ListeningId": 0, "ParameterID": 15, "Value": 0.9836316704750061}, {"ListeningId": 0, "ParameterID": 16, "Value": 0.9889234900474548}, {"ListeningId": 0, "ParameterID": 10, "Value": 50.09998321533203}, {"ListeningId": 0, "ParameterID": 11, "Value": 50.09998321533203}, {"ListeningId": 0, "ParameterID": 12, "Value": 50.09998321533203}, {"ListeningId": 0, "ParameterID": 32, "Value": 6639.4072265625}]}, {"ListeningId": 0, "MeterId": 12, "Timestamp": 1632425520, "listeningvalues": [{"ListeningId": 0, "ParameterID": 1, "Value": 230.01516723632812}, {"ListeningId": 0, "ParameterID": 2, "Value": 231.25791931152344}, {"ListeningId": 0, "ParameterID": 3, "Value": 230.14834594726562}, {"ListeningId": 0, "ParameterID": 4, "Value": 399.9187927246094}, {"ListeningId": 0, "ParameterID": 5, "Value": 400.0729064941406}, {"ListeningId": 0, "ParameterID": 6, "Value": 398.68804931640625}, {"ListeningId": 0, "ParameterID": 7, "Value": 2.5421063899993896}, {"ListeningId": 0, "ParameterID": 8, "Value": 1.8103621006011963}, {"ListeningId": 0, "ParameterID": 9, "Value": 2.9814867973327637}, {"ListeningId": 0, "ParameterID": 17, "Value": 578.827392578125}, {"ListeningId": 0, "ParameterID": 18, "Value": 413.8121032714844}, {"ListeningId": 0, "ParameterID": 19, "Value": 653.4801635742188}, {"ListeningId": 0, "ParameterID": 20, "Value": 1648.360107421875}, {"ListeningId": 0, "ParameterID": 21, "Value": 585.77734375}, {"ListeningId": 0, "ParameterID": 22, "Value": 418.91217041015625}, {"ListeningId": 0, "ParameterID": 23, "Value": 685.6580810546875}, {"ListeningId": 0, "ParameterID": 24, "Value": 1689.720703125}, {"ListeningId": 0, "ParameterID": 25, "Value": 89.89970397949219}, {"ListeningId": 0, "ParameterID": 26, "Value": 61.188697814941406}, {"ListeningId": 0, "ParameterID": 27, "Value": 207.107666015625}, {"ListeningId": 0, "ParameterID": 28, "Value": 357.8192443847656}, {"ListeningId": 0, "ParameterID": 13, "Value": 0.9902665019035339}, {"ListeningId": 0, "ParameterID": 14, "Value": 0.9910727143287659}, {"ListeningId": 0, "ParameterID": 15, "Value": 0.956404983997345}, {"ListeningId": 0, "ParameterID": 16, "Value": 0.979248046875}, {"ListeningId": 0, "ParameterID": 10, "Value": 50.09998321533203}, {"ListeningId": 0, "ParameterID": 11, "Value": 50.09998321533203}, {"ListeningId": 0, "ParameterID": 12, "Value": 50.09998321533203}, {"ListeningId": 0, "ParameterID": 32, "Value": 6638.6279296875}]}]