[{"ListeningId": 0, "MeterId": 1, "Timestamp": 1632423960, "listeningvalues": [{"ListeningId": 0, "ParameterID": 1, "Value": 231.5636444091797}, {"ListeningId": 0, "ParameterID": 2, "Value": 231.8061065673828}, {"ListeningId": 0, "ParameterID": 3, "Value": 231.14227294921875}, {"ListeningId": 0, "ParameterID": 4, "Value": 401.3912658691406}, {"ListeningId": 0, "ParameterID": 5, "Value": 400.9563293457031}, {"ListeningId": 0, "ParameterID": 6, "Value": 400.9830322265625}, {"ListeningId": 0, "ParameterID": 7, "Value": 2.622576951980591}, {"ListeningId": 0, "ParameterID": 8, "Value": 1.852959394454956}, {"ListeningId": 0, "ParameterID": 9, "Value": 3.0718064308166504}, {"ListeningId": 0, "ParameterID": 17, "Value": 602.2301025390625}, {"ListeningId": 0, "ParameterID": 18, "Value": 429.5273132324219}, {"ListeningId": 0, "ParameterID": 19, "Value": 694.6065673828125}, {"ListeningId": 0, "ParameterID": 20, "Value": 1726.364013671875}, {"ListeningId": 0, "ParameterID": 21, "Value": 607.29345703125}, {"ListeningId": 0, "ParameterID": 22, "Value": 429.5273132324219}, {"ListeningId": 0, "ParameterID": 23, "Value": 710.0242919921875}, {"ListeningId": 0, "ParameterID": 24, "Value": 1746.8450927734375}, {"ListeningId": 0, "ParameterID": 25, "Value": 78.2575912475586}, {"ListeningId": 0, "ParameterID": 26, "Value": 0.0}, {"ListeningId": 0, "ParameterID": 27, "Value": 147.1605224609375}, {"ListeningId": 0, "ParameterID": 28, "Value": 225.41812133789062}, {"ListeningId": 0, "ParameterID": 13, "Value": 0.9819674491882324}, {"ListeningId": 0, "ParameterID": 14, "Value": 1.0}, {"ListeningId": 0, "ParameterID": 15, "Value": 0.9449019432067871}, {"ListeningId": 0, "ParameterID": 16, "Value": 0.9756231307983398}, {"ListeningId": 0, "ParameterID": 10, "Value": 50.039337158203125}, {"ListeningId": 0, "ParameterID": 11, "Value": 50.039337158203125}, {"ListeningId": 0, "ParameterID": 12, "Value": 50.039337158203125}, {"ListeningId": 0, "ParameterID": 32, "Value": 5925.73291015625}]}, {"ListeningId": 0, "MeterId": 2, "Timestamp": 1632423960, "listeningvalues": [{"ListeningId": 0, "ParameterID": 1, "Value": 230.0902099609375}, {"ListeningId": 0, "ParameterID": 2, "Value": 231.65818786621094}, {"ListeningId": 0, "ParameterID": 3, "Value": 229.69857788085938}, {"ListeningId": 0, "ParameterID": 4, "Value": 400.0155334472656}, {"ListeningId": 0, "ParameterID": 5, "Value": 399.3744201660156}, {"ListeningId": 0, "ParameterID": 6, "Value": 398.37786865234375}, {"ListeningId": 0, "ParameterID": 7, "Value": 2.637025833129883}, {"ListeningId": 0, "ParameterID": 8, "Value": 2.1177401542663574}, {"ListeningId": 0, "ParameterID": 9, "Value": 3.0275990962982178}, {"ListeningId": 0, "ParameterID": 17, "Value": 582.9236450195312}, {"ListeningId": 0, "ParameterID": 18, "Value": 489.57684326171875}, {"ListeningId": 0, "ParameterID": 19, "Value": 666.621337890625}, {"ListeningId": 0, "ParameterID": 20, "Value": 1738.021240234375}, {"ListeningId": 0, "ParameterID": 21, "Value": 607.5023193359375}, {"ListeningId": 0, "ParameterID": 22, "Value": 490.3576354980469}, {"ListeningId": 0, "ParameterID": 23, "Value": 695.7777709960938}, {"ListeningId": 0, "ParameterID": 24, "Value": 1795.2037353515625}, {"ListeningId": 0, "ParameterID": 25, "Value": 169.663330078125}, {"ListeningId": 0, "ParameterID": 26, "Value": 0.0}, {"ListeningId": 0, "ParameterID": 27, "Value": 201.71400451660156}, {"ListeningId": 0, "ParameterID": 28, "Value": 371.1937561035156}, {"ListeningId": 0, "ParameterID": 13, "Value": 0.972899317741394}, {"ListeningId": 0, "ParameterID": 14, "Value": 1.0}, {"ListeningId": 0, "ParameterID": 15, "Value": 0.9491035342216492}, {"ListeningId": 0, "ParameterID": 16, "Value": 0.9740009307861328}, {"ListeningId": 0, "ParameterID": 10, "Value": 50.039337158203125}, {"ListeningId": 0, "ParameterID": 11, "Value": 50.039337158203125}, {"ListeningId": 0, "ParameterID": 12, "Value": 50.039337158203125}, {"ListeningId": 0, "ParameterID": 32, "Value": 5930.529296875}]}, {"ListeningId": 0, "MeterId": 3, "Timestamp": 1632423960, "listeningvalues": [{"ListeningId": 0, "ParameterID": 1, "Value": 230.79991149902344}, {"ListeningId": 0, "ParameterID": 2, "Value": 232.47027587890625}, {"ListeningId": 0, "ParameterID": 3, "Value": 230.56190490722656}, {"ListeningId": 0, "ParameterID": 4, "Value": 401.3927917480469}, {"ListeningId": 0, "ParameterID": 5, "Value": 401.0060119628906}, {"ListeningId": 0, "ParameterID": 6, "Value": 399.6243896484375}, {"ListeningId": 0, "ParameterID": 7, "Value": 2.71228289604187}, {"ListeningId": 0, "ParameterID": 8, "Value": 2.0366134643554688}, {"ListeningId": 0, "ParameterID": 9, "Value": 2.92596435546875}, {"ListeningId": 0, "ParameterID": 17, "Value": 599.8074340820312}, {"ListeningId": 0, "ParameterID": 18, "Value": 473.21124267578125}, {"ListeningId": 0, "ParameterID": 19, "Value": 664.3698120117188}, {"ListeningId": 0, "ParameterID": 20, "Value": 1736.6986083984375}, {"ListeningId": 0, "ParameterID": 21, "Value": 624.5608520507812}, {"ListeningId": 0, "ParameterID": 22, "Value": 473.4442138671875}, {"ListeningId": 0, "ParameterID": 23, "Value": 673.9690551757812}, {"ListeningId": 0, "ParameterID": 24, "Value": 1772.64990234375}, {"ListeningId": 0, "ParameterID": 25, "Value": 176.84262084960938}, {"ListeningId": 0, "ParameterID": 26, "Value": 0.0}, {"ListeningId": 0, "ParameterID": 27, "Value": 113.52547454833984}, {"ListeningId": 0, "ParameterID": 28, "Value": 290.5381164550781}, {"ListeningId": 0, "ParameterID": 13, "Value": 0.9819607138633728}, {"ListeningId": 0, "ParameterID": 14, "Value": 0.9982554316520691}, {"ListeningId": 0, "ParameterID": 15, "Value": 0.9631616473197937}, {"ListeningId": 0, "ParameterID": 16, "Value": 0.9811258912086487}, {"ListeningId": 0, "ParameterID": 10, "Value": 50.039337158203125}, {"ListeningId": 0, "ParameterID": 11, "Value": 50.039337158203125}, {"ListeningId": 0, "ParameterID": 12, "Value": 50.039337158203125}, {"ListeningId": 0, "ParameterID": 32, "Value": 5932.78662109375}]}, {"ListeningId": 0, "MeterId": 4, "Timestamp": 1632423960, "listeningvalues": [{"ListeningId": 0, "ParameterID": 1, "Value": 230.401611328125}, {"ListeningId": 0, "ParameterID": 2, "Value": 231.62745666503906}, {"ListeningId": 0, "ParameterID": 3, "Value": 231.04135131835938}, {"ListeningId": 0, "ParameterID": 4, "Value": 400.31756591796875}, {"ListeningId": 0, "ParameterID": 5, "Value": 400.8671569824219}, {"ListeningId": 0, "ParameterID": 6, "Value": 399.324462890625}, {"ListeningId": 0, "ParameterID": 7, "Value": 2.4962551593780518}, {"ListeningId": 0, "ParameterID": 8, "Value": 2.2286288738250732}, {"ListeningId": 0, "ParameterID": 9, "Value": 2.773057699203491}, {"ListeningId": 0, "ParameterID": 17, "Value": 557.0582275390625}, {"ListeningId": 0, "ParameterID": 18, "Value": 516.2116088867188}, {"ListeningId": 0, "ParameterID": 19, "Value": 604.7507934570312}, {"ListeningId": 0, "ParameterID": 20, "Value": 1678.0205078125}, {"ListeningId": 0, "ParameterID": 21, "Value": 575.1412353515625}, {"ListeningId": 0, "ParameterID": 22, "Value": 516.2116088867188}, {"ListeningId": 0, "ParameterID": 23, "Value": 640.6909790039062}, {"ListeningId": 0, "ParameterID": 24, "Value": 1732.043701171875}, {"ListeningId": 0, "ParameterID": 25, "Value": 143.0858612060547}, {"ListeningId": 0, "ParameterID": 26, "Value": 0.0}, {"ListeningId": 0, "ParameterID": 27, "Value": 211.56890869140625}, {"ListeningId": 0, "ParameterID": 28, "Value": 354.65478515625}, {"ListeningId": 0, "ParameterID": 13, "Value": 0.9685590267181396}, {"ListeningId": 0, "ParameterID": 14, "Value": 1.0}, {"ListeningId": 0, "ParameterID": 15, "Value": 0.9439040422439575}, {"ListeningId": 0, "ParameterID": 16, "Value": 0.9708210825920105}, {"ListeningId": 0, "ParameterID": 10, "Value": 50.13972091674805}, {"ListeningId": 0, "ParameterID": 11, "Value": 50.13972091674805}, {"ListeningId": 0, "ParameterID": 12, "Value": 50.13972091674805}, {"ListeningId": 0, "ParameterID": 32, "Value": 5931.658203125}]}, {"ListeningId": 0, "MeterId": 5, "Timestamp": 1632423960, "listeningvalues": [{"ListeningId": 0, "ParameterID": 1, "Value": 231.7268829345703}, {"ListeningId": 0, "ParameterID": 2, "Value": 231.39239501953125}, {"ListeningId": 0, "ParameterID": 3, "Value": 230.05255126953125}, {"ListeningId": 0, "ParameterID": 4, "Value": 401.2875061035156}, {"ListeningId": 0, "ParameterID": 5, "Value": 399.4895324707031}, {"ListeningId": 0, "ParameterID": 6, "Value": 399.6033630371094}, {"ListeningId": 0, "ParameterID": 7, "Value": 2.4583256244659424}, {"ListeningId": 0, "ParameterID": 8, "Value": 2.0990257263183594}, {"ListeningId": 0, "ParameterID": 9, "Value": 2.820793867111206}, {"ListeningId": 0, "ParameterID": 17, "Value": 565.045166015625}, {"ListeningId": 0, "ParameterID": 18, "Value": 485.5960998535156}, {"ListeningId": 0, "ParameterID": 19, "Value": 638.4920654296875}, {"ListeningId": 0, "ParameterID": 20, "Value": 1687.3111572265625}, {"ListeningId": 0, "ParameterID": 21, "Value": 569.3505859375}, {"ListeningId": 0, "ParameterID": 22, "Value": 485.6168518066406}, {"ListeningId": 0, "ParameterID": 23, "Value": 648.3729858398438}, {"ListeningId": 0, "ParameterID": 24, "Value": 1705.2603759765625}, {"ListeningId": 0, "ParameterID": 25, "Value": 77.3004150390625}, {"ListeningId": 0, "ParameterID": 26, "Value": 0.0}, {"ListeningId": 0, "ParameterID": 27, "Value": 116.43595886230469}, {"ListeningId": 0, "ParameterID": 28, "Value": 193.723876953125}, {"ListeningId": 0, "ParameterID": 13, "Value": 0.9765364527702332}, {"ListeningId": 0, "ParameterID": 14, "Value": 1.0}, {"ListeningId": 0, "ParameterID": 15, "Value": 0.9469390511512756}, {"ListeningId": 0, "ParameterID": 16, "Value": 0.9744918346405029}, {"ListeningId": 0, "ParameterID": 10, "Value": 50.13972091674805}, {"ListeningId": 0, "ParameterID": 11, "Value": 50.13972091674805}, {"ListeningId": 0, "ParameterID": 12, "Value": 50.13972091674805}, {"ListeningId": 0, "ParameterID": 32, "Value": 5929.45751953125}]}, {"ListeningId": 0, "MeterId": 6, "Timestamp": 1632423960, "listeningvalues": [{"ListeningId": 0, "ParameterID": 1, "Value": 230.4503173828125}, {"ListeningId": 0, "ParameterID": 2, "Value": 232.1583251953125}, {"ListeningId": 0, "ParameterID": 3, "Value": 231.1065216064453}, {"ListeningId": 0, "ParameterID": 4, "Value": 400.63311767578125}, {"ListeningId": 0, "ParameterID": 5, "Value": 400.811767578125}, {"ListeningId": 0, "ParameterID": 6, "Value": 400.0236511230469}, {"ListeningId": 0, "ParameterID": 7, "Value": 2.602710008621216}, {"ListeningId": 0, "ParameterID": 8, "Value": 1.9638025760650635}, {"ListeningId": 0, "ParameterID": 9, "Value": 2.789094924926758}, {"ListeningId": 0, "ParameterID": 17, "Value": 590.512939453125}, {"ListeningId": 0, "ParameterID": 18, "Value": 455.2767333984375}, {"ListeningId": 0, "ParameterID": 19, "Value": 611.88525390625}, {"ListeningId": 0, "ParameterID": 20, "Value": 1655.4014892578125}, {"ListeningId": 0, "ParameterID": 21, "Value": 600.7530517578125}, {"ListeningId": 0, "ParameterID": 22, "Value": 455.5279846191406}, {"ListeningId": 0, "ParameterID": 23, "Value": 645.193603515625}, {"ListeningId": 0, "ParameterID": 24, "Value": 1702.260498046875}, {"ListeningId": 0, "ParameterID": 25, "Value": 111.31733703613281}, {"ListeningId": 0, "ParameterID": 26, "Value": 0.0}, {"ListeningId": 0, "ParameterID": 27, "Value": 206.2777099609375}, {"ListeningId": 0, "ParameterID": 28, "Value": 317.25543212890625}, {"ListeningId": 0, "ParameterID": 13, "Value": 0.9711548686027527}, {"ListeningId": 0, "ParameterID": 14, "Value": 1.0}, {"ListeningId": 0, "ParameterID": 15, "Value": 0.9568719267845154}, {"ListeningId": 0, "ParameterID": 16, "Value": 0.976008951663971}, {"ListeningId": 0, "ParameterID": 10, "Value": 50.13972091674805}, {"ListeningId": 0, "ParameterID": 11, "Value": 50.13972091674805}, {"ListeningId": 0, "ParameterID": 12, "Value": 50.13972091674805}, {"ListeningId": 0, "ParameterID": 32, "Value": 5930.6650390625}]}, {"ListeningId": 0, "MeterId": 7, "Timestamp": 1632423960, "listeningvalues": [{"ListeningId": 0, "ParameterID": 1, "Value": 231.72796630859375}, {"ListeningId": 0, "ParameterID": 2, "Value": 232.1978302001953}, {"ListeningId": 0, "ParameterID": 3, "Value": 230.31007385253906}, {"ListeningId": 0, "ParameterID": 4, "Value": 401.5815124511719}, {"ListeningId": 0, "ParameterID": 5, "Value": 400.8191223144531}, {"ListeningId": 0, "ParameterID": 6, "Value": 400.1056213378906}, {"ListeningId": 0, "ParameterID": 7, "Value": 2.6737499237060547}, {"ListeningId": 0, "ParameterID": 8, "Value": 2.1472671031951904}, {"ListeningId": 0, "ParameterID": 9, "Value": 3.0696001052856445}, {"ListeningId": 0, "ParameterID": 17, "Value": 612.0911254882812}, {"ListeningId": 0, "ParameterID": 18, "Value": 498.11651611328125}, {"ListeningId": 0, "ParameterID": 19, "Value": 672.1973266601562}, {"ListeningId": 0, "ParameterID": 20, "Value": 1781.3890380859375}, {"ListeningId": 0, "ParameterID": 21, "Value": 619.4839477539062}, {"ListeningId": 0, "ParameterID": 22, "Value": 497.77117919921875}, {"ListeningId": 0, "ParameterID": 23, "Value": 706.9830932617188}, {"ListeningId": 0, "ParameterID": 24, "Value": 1824.4140625}, {"ListeningId": 0, "ParameterID": 25, "Value": 95.8909683227539}, {"ListeningId": 0, "ParameterID": 26, "Value": 0.0}, {"ListeningId": 0, "ParameterID": 27, "Value": 219.81463623046875}, {"ListeningId": 0, "ParameterID": 28, "Value": 315.7917785644531}, {"ListeningId": 0, "ParameterID": 13, "Value": 0.9924772381782532}, {"ListeningId": 0, "ParameterID": 14, "Value": 1.0}, {"ListeningId": 0, "ParameterID": 15, "Value": 0.9895277619361877}, {"ListeningId": 0, "ParameterID": 16, "Value": 0.9940016269683838}, {"ListeningId": 0, "ParameterID": 10, "Value": 50.13972091674805}, {"ListeningId": 0, "ParameterID": 11, "Value": 50.13972091674805}, {"ListeningId": 0, "ParameterID": 12, "Value": 50.13972091674805}, {"ListeningId": 0, "ParameterID": 32, "Value": 5933.12451171875}]}, {"ListeningId": 0, "MeterId": 8, "Timestamp": 1632423960, "listeningvalues": [{"ListeningId": 0, "ParameterID": 1, "Value": 231.62193298339844}, {"ListeningId": 0, "ParameterID": 2, "Value": 232.2901611328125}, {"ListeningId": 0, "ParameterID": 3, "Value": 230.51028442382812}, {"ListeningId": 0, "ParameterID": 4, "Value": 402.0257873535156}, {"ListeningId": 0, "ParameterID": 5, "Value": 400.37646484375}, {"ListeningId": 0, "ParameterID": 6, "Value": 400.27484130859375}, {"ListeningId": 0, "ParameterID": 7, "Value": 2.673042058944702}, {"ListeningId": 0, "ParameterID": 8, "Value": 2.145381450653076}, {"ListeningId": 0, "ParameterID": 9, "Value": 3.06866717338562}, {"ListeningId": 0, "ParameterID": 17, "Value": 612.3438720703125}, {"ListeningId": 0, "ParameterID": 18, "Value": 498.4997863769531}, {"ListeningId": 0, "ParameterID": 19, "Value": 671.8247680664062}, {"ListeningId": 0, "ParameterID": 20, "Value": 1781.6285400390625}, {"ListeningId": 0, "ParameterID": 21, "Value": 619.9827270507812}, {"ListeningId": 0, "ParameterID": 22, "Value": 498.59759521484375}, {"ListeningId": 0, "ParameterID": 23, "Value": 706.994140625}, {"ListeningId": 0, "ParameterID": 24, "Value": 1823.3133544921875}, {"ListeningId": 0, "ParameterID": 25, "Value": 95.99051666259766}, {"ListeningId": 0, "ParameterID": 26, "Value": 0.0}, {"ListeningId": 0, "ParameterID": 27, "Value": 219.7638702392578}, {"ListeningId": 0, "ParameterID": 28, "Value": 315.68780517578125}, {"ListeningId": 0, "ParameterID": 13, "Value": 0.9924772381782532}, {"ListeningId": 0, "ParameterID": 14, "Value": 1.0}, {"ListeningId": 0, "ParameterID": 15, "Value": 0.9895277619361877}, {"ListeningId": 0, "ParameterID": 16, "Value": 0.9940016269683838}, {"ListeningId": 0, "ParameterID": 10, "Value": 50.13972091674805}, {"ListeningId": 0, "ParameterID": 11, "Value": 50.13972091674805}, {"ListeningId": 0, "ParameterID": 12, "Value": 50.13972091674805}, {"ListeningId": 0, "ParameterID": 32, "Value": 5933.12451171875}]}, {"ListeningId": 0, "MeterId": 9, "Timestamp": 1632423960, "listeningvalues": [{"ListeningId": 0, "ParameterID": 1, "Value": 231.60305786132812}, {"ListeningId": 0, "ParameterID": 2, "Value": 232.61000061035156}, {"ListeningId": 0, "ParameterID": 3, "Value": 230.61660766601562}, {"ListeningId": 0, "ParameterID": 4, "Value": 401.6431884765625}, {"ListeningId": 0, "ParameterID": 5, "Value": 400.8126220703125}, {"ListeningId": 0, "ParameterID": 6, "Value": 399.9826354980469}, {"ListeningId": 0, "ParameterID": 7, "Value": 2.6109955310821533}, {"ListeningId": 0, "ParameterID": 8, "Value": 1.8327716588974}, {"ListeningId": 0, "ParameterID": 9, "Value": 2.769814968109131}, {"ListeningId": 0, "ParameterID": 17, "Value": 598.4517211914062}, {"ListeningId": 0, "ParameterID": 18, "Value": 426.19732666015625}, {"ListeningId": 0, "ParameterID": 19, "Value": 616.3118286132812}, {"ListeningId": 0, "ParameterID": 20, "Value": 1640.9609375}, {"ListeningId": 0, "ParameterID": 21, "Value": 604.7145385742188}, {"ListeningId": 0, "ParameterID": 22, "Value": 426.3210144042969}, {"ListeningId": 0, "ParameterID": 23, "Value": 638.7653198242188}, {"ListeningId": 0, "ParameterID": 24, "Value": 1669.80078125}, {"ListeningId": 0, "ParameterID": 25, "Value": 86.8056411743164}, {"ListeningId": 0, "ParameterID": 26, "Value": 10.269037246704102}, {"ListeningId": 0, "ParameterID": 27, "Value": 167.8715057373047}, {"ListeningId": 0, "ParameterID": 28, "Value": 264.9461669921875}, {"ListeningId": 0, "ParameterID": 13, "Value": 0.9896433353424072}, {"ListeningId": 0, "ParameterID": 14, "Value": 0.9997099041938782}, {"ListeningId": 0, "ParameterID": 15, "Value": 0.9648485779762268}, {"ListeningId": 0, "ParameterID": 16, "Value": 0.9847338795661926}, {"ListeningId": 0, "ParameterID": 10, "Value": 50.06987380981445}, {"ListeningId": 0, "ParameterID": 11, "Value": 50.06987380981445}, {"ListeningId": 0, "ParameterID": 12, "Value": 50.06987380981445}, {"ListeningId": 0, "ParameterID": 32, "Value": 5937.28369140625}]}, {"ListeningId": 0, "MeterId": 10, "Timestamp": 1632423960, "listeningvalues": [{"ListeningId": 0, "ParameterID": 1, "Value": 230.81796264648438}, {"ListeningId": 0, "ParameterID": 2, "Value": 231.1809844970703}, {"ListeningId": 0, "ParameterID": 3, "Value": 230.1272735595703}, {"ListeningId": 0, "ParameterID": 4, "Value": 400.3978271484375}, {"ListeningId": 0, "ParameterID": 5, "Value": 399.9986572265625}, {"ListeningId": 0, "ParameterID": 6, "Value": 398.95361328125}, {"ListeningId": 0, "ParameterID": 7, "Value": 2.4986462593078613}, {"ListeningId": 0, "ParameterID": 8, "Value": 2.0729589462280273}, {"ListeningId": 0, "ParameterID": 9, "Value": 2.909693479537964}, {"ListeningId": 0, "ParameterID": 17, "Value": 566.896728515625}, {"ListeningId": 0, "ParameterID": 18, "Value": 479.87188720703125}, {"ListeningId": 0, "ParameterID": 19, "Value": 657.9199829101562}, {"ListeningId": 0, "ParameterID": 20, "Value": 1705.989013671875}, {"ListeningId": 0, "ParameterID": 21, "Value": 577.1741943359375}, {"ListeningId": 0, "ParameterID": 22, "Value": 479.4282531738281}, {"ListeningId": 0, "ParameterID": 23, "Value": 669.643798828125}, {"ListeningId": 0, "ParameterID": 24, "Value": 1726.3779296875}, {"ListeningId": 0, "ParameterID": 25, "Value": 108.21170806884766}, {"ListeningId": 0, "ParameterID": 26, "Value": 0.0}, {"ListeningId": 0, "ParameterID": 27, "Value": 117.73526000976562}, {"ListeningId": 0, "ParameterID": 28, "Value": 226.14236450195312}, {"ListeningId": 0, "ParameterID": 13, "Value": 0.9773427248001099}, {"ListeningId": 0, "ParameterID": 14, "Value": 1.0}, {"ListeningId": 0, "ParameterID": 15, "Value": 0.9859662652015686}, {"ListeningId": 0, "ParameterID": 16, "Value": 0.9877696633338928}, {"ListeningId": 0, "ParameterID": 10, "Value": 50.06987380981445}, {"ListeningId": 0, "ParameterID": 11, "Value": 50.06987380981445}, {"ListeningId": 0, "ParameterID": 12, "Value": 50.06987380981445}, {"ListeningId": 0, "ParameterID": 32, "Value": 7515.298828125}]}, {"ListeningId": 0, "MeterId": 11, "Timestamp": 1632423960, "listeningvalues": [{"ListeningId": 0, "ParameterID": 1, "Value": 231.5733642578125}, {"ListeningId": 0, "ParameterID": 2, "Value": 231.7209930419922}, {"ListeningId": 0, "ParameterID": 3, "Value": 230.8114013671875}, {"ListeningId": 0, "ParameterID": 4, "Value": 401.5248718261719}, {"ListeningId": 0, "ParameterID": 5, "Value": 400.654296875}, {"ListeningId": 0, "ParameterID": 6, "Value": 400.16729736328125}, {"ListeningId": 0, "ParameterID": 7, "Value": 2.6021909713745117}, {"ListeningId": 0, "ParameterID": 8, "Value": 2.11824107170105}, {"ListeningId": 0, "ParameterID": 9, "Value": 2.743940830230713}, {"ListeningId": 0, "ParameterID": 17, "Value": 583.2552490234375}, {"ListeningId": 0, "ParameterID": 18, "Value": 490.50946044921875}, {"ListeningId": 0, "ParameterID": 19, "Value": 615.9228515625}, {"ListeningId": 0, "ParameterID": 20, "Value": 1690.8046875}, {"ListeningId": 0, "ParameterID": 21, "Value": 602.9498901367188}, {"ListeningId": 0, "ParameterID": 22, "Value": 490.96234130859375}, {"ListeningId": 0, "ParameterID": 23, "Value": 632.927001953125}, {"ListeningId": 0, "ParameterID": 24, "Value": 1726.9835205078125}, {"ListeningId": 0, "ParameterID": 25, "Value": 150.65264892578125}, {"ListeningId": 0, "ParameterID": 26, "Value": 0.0}, {"ListeningId": 0, "ParameterID": 27, "Value": 144.77151489257812}, {"ListeningId": 0, "ParameterID": 28, "Value": 295.2619323730469}, {"ListeningId": 0, "ParameterID": 13, "Value": 0.9614654183387756}, {"ListeningId": 0, "ParameterID": 14, "Value": 1.0}, {"ListeningId": 0, "ParameterID": 15, "Value": 0.9449126720428467}, {"ListeningId": 0, "ParameterID": 16, "Value": 0.9687926769256592}, {"ListeningId": 0, "ParameterID": 10, "Value": 50.06987380981445}, {"ListeningId": 0, "ParameterID": 11, "Value": 50.06987380981445}, {"ListeningId": 0, "ParameterID": 12, "Value": 50.06987380981445}, {"ListeningId": 0, "ParameterID": 32, "Value": 5927.25244140625}]}, {"ListeningId": 0, "MeterId": 12, "Timestamp": 1632423960, "listeningvalues": [{"ListeningId": 0, "ParameterID": 1, "Value": 230.94261169433594}, {"ListeningId": 0, "ParameterID": 2, "Value": 232.37918090820312}, {"ListeningId": 0, "ParameterID": 3, "Value": 230.29908752441406}, {"ListeningId": 0, "ParameterID": 4, "Value": 401.1513366699219}, {"ListeningId": 0, "ParameterID": 5, "Value": 400.6687316894531}, {"ListeningId": 0, "ParameterID": 6, "Value": 399.80548095703125}, {"ListeningId": 0, "ParameterID": 7, "Value": 2.2346346378326416}, {"ListeningId": 0, "ParameterID": 8, "Value": 1.7976487874984741}, {"ListeningId": 0, "ParameterID": 9, "Value": 2.930293321609497}, {"ListeningId": 0, "ParameterID": 17, "Value": 507.7943420410156}, {"ListeningId": 0, "ParameterID": 18, "Value": 417.5292053222656}, {"ListeningId": 0, "ParameterID": 19, "Value": 638.9246826171875}, {"ListeningId": 0, "ParameterID": 20, "Value": 1563.0384521484375}, {"ListeningId": 0, "ParameterID": 21, "Value": 516.0091552734375}, {"ListeningId": 0, "ParameterID": 22, "Value": 417.4401550292969}, {"ListeningId": 0, "ParameterID": 23, "Value": 674.1861572265625}, {"ListeningId": 0, "ParameterID": 24, "Value": 1607.00830078125}, {"ListeningId": 0, "ParameterID": 25, "Value": 93.86336517333984}, {"ListeningId": 0, "ParameterID": 26, "Value": 0.0}, {"ListeningId": 0, "ParameterID": 27, "Value": 216.9002227783203}, {"ListeningId": 0, "ParameterID": 28, "Value": 310.3233642578125}, {"ListeningId": 0, "ParameterID": 13, "Value": 0.9905833005905151}, {"ListeningId": 0, "ParameterID": 14, "Value": 0.9909133911132812}, {"ListeningId": 0, "ParameterID": 15, "Value": 0.9585282802581787}, {"ListeningId": 0, "ParameterID": 16, "Value": 0.9800083041191101}, {"ListeningId": 0, "ParameterID": 10, "Value": 50.06987380981445}, {"ListeningId": 0, "ParameterID": 11, "Value": 50.06987380981445}, {"ListeningId": 0, "ParameterID": 12, "Value": 50.06987380981445}, {"ListeningId": 0, "ParameterID": 32, "Value": 5927.1357421875}]}]