[{"ListeningId": 0, "MeterId": 1, "Timestamp": 1632425820, "listeningvalues": [{"ListeningId": 0, "ParameterID": 1, "Value": 230.6245574951172}, {"ListeningId": 0, "ParameterID": 2, "Value": 231.4113006591797}, {"ListeningId": 0, "ParameterID": 3, "Value": 230.7772216796875}, {"ListeningId": 0, "ParameterID": 4, "Value": 400.524169921875}, {"ListeningId": 0, "ParameterID": 5, "Value": 400.4447937011719}, {"ListeningId": 0, "ParameterID": 6, "Value": 399.2849426269531}, {"ListeningId": 0, "ParameterID": 7, "Value": 2.561411142349243}, {"ListeningId": 0, "ParameterID": 8, "Value": 1.8461462259292603}, {"ListeningId": 0, "ParameterID": 9, "Value": 2.786210775375366}, {"ListeningId": 0, "ParameterID": 17, "Value": 582.1296997070312}, {"ListeningId": 0, "ParameterID": 18, "Value": 421.5751647949219}, {"ListeningId": 0, "ParameterID": 19, "Value": 615.9506225585938}, {"ListeningId": 0, "ParameterID": 20, "Value": 1619.655517578125}, {"ListeningId": 0, "ParameterID": 21, "Value": 590.7243041992188}, {"ListeningId": 0, "ParameterID": 22, "Value": 427.2190856933594}, {"ListeningId": 0, "ParameterID": 23, "Value": 642.9939575195312}, {"ListeningId": 0, "ParameterID": 24, "Value": 1660.937255859375}, {"ListeningId": 0, "ParameterID": 25, "Value": 100.4002914428711}, {"ListeningId": 0, "ParameterID": 26, "Value": 69.21355438232422}, {"ListeningId": 0, "ParameterID": 27, "Value": 184.5157470703125}, {"ListeningId": 0, "ParameterID": 28, "Value": 354.12957763671875}, {"ListeningId": 0, "ParameterID": 13, "Value": 0.9659314155578613}, {"ListeningId": 0, "ParameterID": 14, "Value": 1.0}, {"ListeningId": 0, "ParameterID": 15, "Value": 0.9476295113563538}, {"ListeningId": 0, "ParameterID": 16, "Value": 0.9711869359016418}, {"ListeningId": 0, "ParameterID": 10, "Value": 49.98268127441406}, {"ListeningId": 0, "ParameterID": 11, "Value": 49.98268127441406}, {"ListeningId": 0, "ParameterID": 12, "Value": 49.98268127441406}, {"ListeningId": 0, "ParameterID": 32, "Value": 6775.19091796875}]}, {"ListeningId": 0, "MeterId": 2, "Timestamp": 1632425820, "listeningvalues": [{"ListeningId": 0, "ParameterID": 1, "Value": 230.9144287109375}, {"ListeningId": 0, "ParameterID": 2, "Value": 231.7465362548828}, {"ListeningId": 0, "ParameterID": 3, "Value": 230.809814453125}, {"ListeningId": 0, "ParameterID": 4, "Value": 401.2270812988281}, {"ListeningId": 0, "ParameterID": 5, "Value": 400.4907531738281}, {"ListeningId": 0, "ParameterID": 6, "Value": 399.742431640625}, {"ListeningId": 0, "ParameterID": 7, "Value": 2.6979260444641113}, {"ListeningId": 0, "ParameterID": 8, "Value": 1.8172998428344727}, {"ListeningId": 0, "ParameterID": 9, "Value": 2.86087703704834}, {"ListeningId": 0, "ParameterID": 17, "Value": 602.6088256835938}, {"ListeningId": 0, "ParameterID": 18, "Value": 416.8514099121094}, {"ListeningId": 0, "ParameterID": 19, "Value": 640.9627685546875}, {"ListeningId": 0, "ParameterID": 20, "Value": 1659.7154541015625}, {"ListeningId": 0, "ParameterID": 21, "Value": 624.471923828125}, {"ListeningId": 0, "ParameterID": 22, "Value": 421.2598876953125}, {"ListeningId": 0, "ParameterID": 23, "Value": 661.34814453125}, {"ListeningId": 0, "ParameterID": 24, "Value": 1706.9932861328125}, {"ListeningId": 0, "ParameterID": 25, "Value": 160.1016082763672}, {"ListeningId": 0, "ParameterID": 26, "Value": 63.4876708984375}, {"ListeningId": 0, "ParameterID": 27, "Value": 162.20396423339844}, {"ListeningId": 0, "ParameterID": 28, "Value": 385.771728515625}, {"ListeningId": 0, "ParameterID": 13, "Value": 0.9810506701469421}, {"ListeningId": 0, "ParameterID": 14, "Value": 1.0}, {"ListeningId": 0, "ParameterID": 15, "Value": 0.9623140096664429}, {"ListeningId": 0, "ParameterID": 16, "Value": 0.9811215400695801}, {"ListeningId": 0, "ParameterID": 10, "Value": 49.98268127441406}, {"ListeningId": 0, "ParameterID": 11, "Value": 49.98268127441406}, {"ListeningId": 0, "ParameterID": 12, "Value": 49.98268127441406}, {"ListeningId": 0, "ParameterID": 32, "Value": 6780.83935546875}]}, {"ListeningId": 0, "MeterId": 3, "Timestamp": 1632425820, "listeningvalues": [{"ListeningId": 0, "ParameterID": 1, "Value": 231.2618865966797}, {"ListeningId": 0, "ParameterID": 2, "Value": 231.9145050048828}, {"ListeningId": 0, "ParameterID": 3, "Value": 230.95770263671875}, {"ListeningId": 0, "ParameterID": 4, "Value": 400.79437255859375}, {"ListeningId": 0, "ParameterID": 5, "Value": 401.25933837890625}, {"ListeningId": 0, "ParameterID": 6, "Value": 400.2051086425781}, {"ListeningId": 0, "ParameterID": 7, "Value": 2.5805842876434326}, {"ListeningId": 0, "ParameterID": 8, "Value": 1.7758097648620605}, {"ListeningId": 0, "ParameterID": 9, "Value": 2.6626205444335938}, {"ListeningId": 0, "ParameterID": 17, "Value": 573.194091796875}, {"ListeningId": 0, "ParameterID": 18, "Value": 407.76202392578125}, {"ListeningId": 0, "ParameterID": 19, "Value": 608.4231567382812}, {"ListeningId": 0, "ParameterID": 20, "Value": 1589.3792724609375}, {"ListeningId": 0, "ParameterID": 21, "Value": 596.790771484375}, {"ListeningId": 0, "ParameterID": 22, "Value": 411.8360290527344}, {"ListeningId": 0, "ParameterID": 23, "Value": 614.9526977539062}, {"ListeningId": 0, "ParameterID": 24, "Value": 1623.57958984375}, {"ListeningId": 0, "ParameterID": 25, "Value": 166.1558074951172}, {"ListeningId": 0, "ParameterID": 26, "Value": 57.78448486328125}, {"ListeningId": 0, "ParameterID": 27, "Value": 89.37596130371094}, {"ListeningId": 0, "ParameterID": 28, "Value": 313.3162536621094}, {"ListeningId": 0, "ParameterID": 13, "Value": 0.9604607224464417}, {"ListeningId": 0, "ParameterID": 14, "Value": 0.9901077151298523}, {"ListeningId": 0, "ParameterID": 15, "Value": 0.9893820285797119}, {"ListeningId": 0, "ParameterID": 16, "Value": 0.9799835085868835}, {"ListeningId": 0, "ParameterID": 10, "Value": 50.14437484741211}, {"ListeningId": 0, "ParameterID": 11, "Value": 50.14437484741211}, {"ListeningId": 0, "ParameterID": 12, "Value": 50.14437484741211}, {"ListeningId": 0, "ParameterID": 32, "Value": 6782.02099609375}]}, {"ListeningId": 0, "MeterId": 4, "Timestamp": 1632425820, "listeningvalues": [{"ListeningId": 0, "ParameterID": 1, "Value": 230.87525939941406}, {"ListeningId": 0, "ParameterID": 2, "Value": 231.5506591796875}, {"ListeningId": 0, "ParameterID": 3, "Value": 231.11387634277344}, {"ListeningId": 0, "ParameterID": 4, "Value": 400.07122802734375}, {"ListeningId": 0, "ParameterID": 5, "Value": 400.7131042480469}, {"ListeningId": 0, "ParameterID": 6, "Value": 400.5979309082031}, {"ListeningId": 0, "ParameterID": 7, "Value": 2.675961971282959}, {"ListeningId": 0, "ParameterID": 8, "Value": 1.9801820516586304}, {"ListeningId": 0, "ParameterID": 9, "Value": 2.736804246902466}, {"ListeningId": 0, "ParameterID": 17, "Value": 608.119384765625}, {"ListeningId": 0, "ParameterID": 18, "Value": 458.4244384765625}, {"ListeningId": 0, "ParameterID": 19, "Value": 602.23291015625}, {"ListeningId": 0, "ParameterID": 20, "Value": 1667.3314208984375}, {"ListeningId": 0, "ParameterID": 21, "Value": 619.1332397460938}, {"ListeningId": 0, "ParameterID": 22, "Value": 457.8529968261719}, {"ListeningId": 0, "ParameterID": 23, "Value": 631.9320068359375}, {"ListeningId": 0, "ParameterID": 24, "Value": 1707.119140625}, {"ListeningId": 0, "ParameterID": 25, "Value": 114.34452819824219}, {"ListeningId": 0, "ParameterID": 26, "Value": 0.0}, {"ListeningId": 0, "ParameterID": 27, "Value": 191.4727020263672}, {"ListeningId": 0, "ParameterID": 28, "Value": 305.9420471191406}, {"ListeningId": 0, "ParameterID": 13, "Value": 0.9618945121765137}, {"ListeningId": 0, "ParameterID": 14, "Value": 1.0}, {"ListeningId": 0, "ParameterID": 15, "Value": 0.981072723865509}, {"ListeningId": 0, "ParameterID": 16, "Value": 0.9809890389442444}, {"ListeningId": 0, "ParameterID": 10, "Value": 50.14437484741211}, {"ListeningId": 0, "ParameterID": 11, "Value": 50.14437484741211}, {"ListeningId": 0, "ParameterID": 12, "Value": 50.14437484741211}, {"ListeningId": 0, "ParameterID": 32, "Value": 6781.87939453125}]}, {"ListeningId": 0, "MeterId": 5, "Timestamp": 1632425820, "listeningvalues": [{"ListeningId": 0, "ParameterID": 1, "Value": 230.65771484375}, {"ListeningId": 0, "ParameterID": 2, "Value": 232.01791381835938}, {"ListeningId": 0, "ParameterID": 3, "Value": 230.18240356445312}, {"ListeningId": 0, "ParameterID": 4, "Value": 400.5474853515625}, {"ListeningId": 0, "ParameterID": 5, "Value": 400.1800231933594}, {"ListeningId": 0, "ParameterID": 6, "Value": 398.7196960449219}, {"ListeningId": 0, "ParameterID": 7, "Value": 2.6628973484039307}, {"ListeningId": 0, "ParameterID": 8, "Value": 2.1085870265960693}, {"ListeningId": 0, "ParameterID": 9, "Value": 2.698582172393799}, {"ListeningId": 0, "ParameterID": 17, "Value": 586.8992919921875}, {"ListeningId": 0, "ParameterID": 18, "Value": 489.40496826171875}, {"ListeningId": 0, "ParameterID": 19, "Value": 610.2583618164062}, {"ListeningId": 0, "ParameterID": 20, "Value": 1687.3424072265625}, {"ListeningId": 0, "ParameterID": 21, "Value": 613.96240234375}, {"ListeningId": 0, "ParameterID": 22, "Value": 489.3821716308594}, {"ListeningId": 0, "ParameterID": 23, "Value": 621.4088134765625}, {"ListeningId": 0, "ParameterID": 24, "Value": 1725.8997802734375}, {"ListeningId": 0, "ParameterID": 25, "Value": 176.7693634033203}, {"ListeningId": 0, "ParameterID": 26, "Value": 0.0}, {"ListeningId": 0, "ParameterID": 27, "Value": 113.99566650390625}, {"ListeningId": 0, "ParameterID": 28, "Value": 290.86627197265625}, {"ListeningId": 0, "ParameterID": 13, "Value": 0.964127779006958}, {"ListeningId": 0, "ParameterID": 14, "Value": 1.0}, {"ListeningId": 0, "ParameterID": 15, "Value": 0.9451277852058411}, {"ListeningId": 0, "ParameterID": 16, "Value": 0.9697518348693848}, {"ListeningId": 0, "ParameterID": 10, "Value": 50.14437484741211}, {"ListeningId": 0, "ParameterID": 11, "Value": 50.14437484741211}, {"ListeningId": 0, "ParameterID": 12, "Value": 50.14437484741211}, {"ListeningId": 0, "ParameterID": 32, "Value": 6780.0380859375}]}, {"ListeningId": 0, "MeterId": 6, "Timestamp": 1632425820, "listeningvalues": [{"ListeningId": 0, "ParameterID": 1, "Value": 231.24087524414062}, {"ListeningId": 0, "ParameterID": 2, "Value": 232.2757110595703}, {"ListeningId": 0, "ParameterID": 3, "Value": 231.02943420410156}, {"ListeningId": 0, "ParameterID": 4, "Value": 401.0284423828125}, {"ListeningId": 0, "ParameterID": 5, "Value": 400.8666687011719}, {"ListeningId": 0, "ParameterID": 6, "Value": 400.6902160644531}, {"ListeningId": 0, "ParameterID": 7, "Value": 2.334317207336426}, {"ListeningId": 0, "ParameterID": 8, "Value": 2.033018112182617}, {"ListeningId": 0, "ParameterID": 9, "Value": 2.7773611545562744}, {"ListeningId": 0, "ParameterID": 17, "Value": 531.4468994140625}, {"ListeningId": 0, "ParameterID": 18, "Value": 465.23236083984375}, {"ListeningId": 0, "ParameterID": 19, "Value": 623.7984619140625}, {"ListeningId": 0, "ParameterID": 20, "Value": 1621.0474853515625}, {"ListeningId": 0, "ParameterID": 21, "Value": 539.8222045898438}, {"ListeningId": 0, "ParameterID": 22, "Value": 471.3302001953125}, {"ListeningId": 0, "ParameterID": 23, "Value": 641.785400390625}, {"ListeningId": 0, "ParameterID": 24, "Value": 1654.46142578125}, {"ListeningId": 0, "ParameterID": 25, "Value": 94.33788299560547}, {"ListeningId": 0, "ParameterID": 26, "Value": 74.1670150756836}, {"ListeningId": 0, "ParameterID": 27, "Value": 148.35726928710938}, {"ListeningId": 0, "ParameterID": 28, "Value": 317.0418701171875}, {"ListeningId": 0, "ParameterID": 13, "Value": 0.966218888759613}, {"ListeningId": 0, "ParameterID": 14, "Value": 0.9946109652519226}, {"ListeningId": 0, "ParameterID": 15, "Value": 0.9521576166152954}, {"ListeningId": 0, "ParameterID": 16, "Value": 0.9709958434104919}, {"ListeningId": 0, "ParameterID": 10, "Value": 50.14437484741211}, {"ListeningId": 0, "ParameterID": 11, "Value": 50.14437484741211}, {"ListeningId": 0, "ParameterID": 12, "Value": 50.14437484741211}, {"ListeningId": 0, "ParameterID": 32, "Value": 6779.93359375}]}, {"ListeningId": 0, "MeterId": 7, "Timestamp": 1632425820, "listeningvalues": [{"ListeningId": 0, "ParameterID": 1, "Value": 230.92312622070312}, {"ListeningId": 0, "ParameterID": 2, "Value": 231.9661407470703}, {"ListeningId": 0, "ParameterID": 3, "Value": 230.66885375976562}, {"ListeningId": 0, "ParameterID": 4, "Value": 401.032470703125}, {"ListeningId": 0, "ParameterID": 5, "Value": 400.884765625}, {"ListeningId": 0, "ParameterID": 6, "Value": 400.0617370605469}, {"ListeningId": 0, "ParameterID": 7, "Value": 2.7268528938293457}, {"ListeningId": 0, "ParameterID": 8, "Value": 1.8079322576522827}, {"ListeningId": 0, "ParameterID": 9, "Value": 2.7283456325531006}, {"ListeningId": 0, "ParameterID": 17, "Value": 620.241943359375}, {"ListeningId": 0, "ParameterID": 18, "Value": 419.9764099121094}, {"ListeningId": 0, "ParameterID": 19, "Value": 614.55419921875}, {"ListeningId": 0, "ParameterID": 20, "Value": 1656.2476806640625}, {"ListeningId": 0, "ParameterID": 21, "Value": 629.3174438476562}, {"ListeningId": 0, "ParameterID": 22, "Value": 419.295654296875}, {"ListeningId": 0, "ParameterID": 23, "Value": 629.8244018554688}, {"ListeningId": 0, "ParameterID": 24, "Value": 1679.638671875}, {"ListeningId": 0, "ParameterID": 25, "Value": 101.20369720458984}, {"ListeningId": 0, "ParameterID": 26, "Value": 0.0}, {"ListeningId": 0, "ParameterID": 27, "Value": 137.75189208984375}, {"ListeningId": 0, "ParameterID": 28, "Value": 239.0535430908203}, {"ListeningId": 0, "ParameterID": 13, "Value": 0.9887088537216187}, {"ListeningId": 0, "ParameterID": 14, "Value": 1.0}, {"ListeningId": 0, "ParameterID": 15, "Value": 0.9576714634895325}, {"ListeningId": 0, "ParameterID": 16, "Value": 0.982126772403717}, {"ListeningId": 0, "ParameterID": 10, "Value": 50.14437484741211}, {"ListeningId": 0, "ParameterID": 11, "Value": 50.14437484741211}, {"ListeningId": 0, "ParameterID": 12, "Value": 50.14437484741211}, {"ListeningId": 0, "ParameterID": 32, "Value": 6783.77734375}]}, {"ListeningId": 0, "MeterId": 8, "Timestamp": 1632425820, "listeningvalues": [{"ListeningId": 0, "ParameterID": 1, "Value": 231.49484252929688}, {"ListeningId": 0, "ParameterID": 2, "Value": 231.74098205566406}, {"ListeningId": 0, "ParameterID": 3, "Value": 230.5203857421875}, {"ListeningId": 0, "ParameterID": 4, "Value": 401.2986145019531}, {"ListeningId": 0, "ParameterID": 5, "Value": 400.1625061035156}, {"ListeningId": 0, "ParameterID": 6, "Value": 399.8487548828125}, {"ListeningId": 0, "ParameterID": 7, "Value": 2.383643627166748}, {"ListeningId": 0, "ParameterID": 8, "Value": 1.936990737915039}, {"ListeningId": 0, "ParameterID": 9, "Value": 3.06856369972229}, {"ListeningId": 0, "ParameterID": 17, "Value": 545.5707397460938}, {"ListeningId": 0, "ParameterID": 18, "Value": 448.880126953125}, {"ListeningId": 0, "ParameterID": 19, "Value": 677.4247436523438}, {"ListeningId": 0, "ParameterID": 20, "Value": 1671.8756103515625}, {"ListeningId": 0, "ParameterID": 21, "Value": 551.8012084960938}, {"ListeningId": 0, "ParameterID": 22, "Value": 448.880126953125}, {"ListeningId": 0, "ParameterID": 23, "Value": 707.3665161132812}, {"ListeningId": 0, "ParameterID": 24, "Value": 1708.0478515625}, {"ListeningId": 0, "ParameterID": 25, "Value": 82.6869125366211}, {"ListeningId": 0, "ParameterID": 26, "Value": 0.0}, {"ListeningId": 0, "ParameterID": 27, "Value": 203.6248779296875}, {"ListeningId": 0, "ParameterID": 28, "Value": 286.3117980957031}, {"ListeningId": 0, "ParameterID": 13, "Value": 0.9887088537216187}, {"ListeningId": 0, "ParameterID": 14, "Value": 1.0}, {"ListeningId": 0, "ParameterID": 15, "Value": 0.9576714634895325}, {"ListeningId": 0, "ParameterID": 16, "Value": 0.982126772403717}, {"ListeningId": 0, "ParameterID": 10, "Value": 50.08266830444336}, {"ListeningId": 0, "ParameterID": 11, "Value": 50.08266830444336}, {"ListeningId": 0, "ParameterID": 12, "Value": 50.08266830444336}, {"ListeningId": 0, "ParameterID": 32, "Value": 6783.77734375}]}, {"ListeningId": 0, "MeterId": 9, "Timestamp": 1632425820, "listeningvalues": [{"ListeningId": 0, "ParameterID": 1, "Value": 231.77496337890625}, {"ListeningId": 0, "ParameterID": 2, "Value": 232.421630859375}, {"ListeningId": 0, "ParameterID": 3, "Value": 230.69534301757812}, {"ListeningId": 0, "ParameterID": 4, "Value": 401.93084716796875}, {"ListeningId": 0, "ParameterID": 5, "Value": 401.2892761230469}, {"ListeningId": 0, "ParameterID": 6, "Value": 400.6765441894531}, {"ListeningId": 0, "ParameterID": 7, "Value": 2.5032312870025635}, {"ListeningId": 0, "ParameterID": 8, "Value": 1.805422067642212}, {"ListeningId": 0, "ParameterID": 9, "Value": 2.94455623626709}, {"ListeningId": 0, "ParameterID": 17, "Value": 563.0357055664062}, {"ListeningId": 0, "ParameterID": 18, "Value": 419.5889587402344}, {"ListeningId": 0, "ParameterID": 19, "Value": 645.2701416015625}, {"ListeningId": 0, "ParameterID": 20, "Value": 1626.200927734375}, {"ListeningId": 0, "ParameterID": 21, "Value": 579.8963012695312}, {"ListeningId": 0, "ParameterID": 22, "Value": 419.427978515625}, {"ListeningId": 0, "ParameterID": 23, "Value": 678.8650512695312}, {"ListeningId": 0, "ParameterID": 24, "Value": 1677.5458984375}, {"ListeningId": 0, "ParameterID": 25, "Value": 140.15773010253906}, {"ListeningId": 0, "ParameterID": 26, "Value": 0.0}, {"ListeningId": 0, "ParameterID": 27, "Value": 213.14979553222656}, {"ListeningId": 0, "ParameterID": 28, "Value": 353.0860595703125}, {"ListeningId": 0, "ParameterID": 13, "Value": 0.9921982884407043}, {"ListeningId": 0, "ParameterID": 14, "Value": 1.0}, {"ListeningId": 0, "ParameterID": 15, "Value": 0.9572144746780396}, {"ListeningId": 0, "ParameterID": 16, "Value": 0.9831376075744629}, {"ListeningId": 0, "ParameterID": 10, "Value": 50.08266830444336}, {"ListeningId": 0, "ParameterID": 11, "Value": 50.08266830444336}, {"ListeningId": 0, "ParameterID": 12, "Value": 50.08266830444336}, {"ListeningId": 0, "ParameterID": 32, "Value": 6786.61572265625}]}, {"ListeningId": 0, "MeterId": 10, "Timestamp": 1632425820, "listeningvalues": [{"ListeningId": 0, "ParameterID": 1, "Value": 230.70089721679688}, {"ListeningId": 0, "ParameterID": 2, "Value": 231.92796325683594}, {"ListeningId": 0, "ParameterID": 3, "Value": 229.70960998535156}, {"ListeningId": 0, "ParameterID": 4, "Value": 400.66265869140625}, {"ListeningId": 0, "ParameterID": 5, "Value": 399.8205871582031}, {"ListeningId": 0, "ParameterID": 6, "Value": 399.0286560058594}, {"ListeningId": 0, "ParameterID": 7, "Value": 2.6008903980255127}, {"ListeningId": 0, "ParameterID": 8, "Value": 1.797083854675293}, {"ListeningId": 0, "ParameterID": 9, "Value": 3.110417127609253}, {"ListeningId": 0, "ParameterID": 17, "Value": 590.78466796875}, {"ListeningId": 0, "ParameterID": 18, "Value": 417.5467224121094}, {"ListeningId": 0, "ParameterID": 19, "Value": 676.5639038085938}, {"ListeningId": 0, "ParameterID": 20, "Value": 1682.4969482421875}, {"ListeningId": 0, "ParameterID": 21, "Value": 599.6834106445312}, {"ListeningId": 0, "ParameterID": 22, "Value": 417.5285949707031}, {"ListeningId": 0, "ParameterID": 23, "Value": 714.6183471679688}, {"ListeningId": 0, "ParameterID": 24, "Value": 1731.9693603515625}, {"ListeningId": 0, "ParameterID": 25, "Value": 106.49667358398438}, {"ListeningId": 0, "ParameterID": 26, "Value": 0.0}, {"ListeningId": 0, "ParameterID": 27, "Value": 232.92510986328125}, {"ListeningId": 0, "ParameterID": 28, "Value": 339.4551086425781}, {"ListeningId": 0, "ParameterID": 13, "Value": 0.9684082269668579}, {"ListeningId": 0, "ParameterID": 14, "Value": 0.9959378838539124}, {"ListeningId": 0, "ParameterID": 15, "Value": 0.9448203444480896}, {"ListeningId": 0, "ParameterID": 16, "Value": 0.9697222113609314}, {"ListeningId": 0, "ParameterID": 10, "Value": 50.08266830444336}, {"ListeningId": 0, "ParameterID": 11, "Value": 50.08266830444336}, {"ListeningId": 0, "ParameterID": 12, "Value": 50.08266830444336}, {"ListeningId": 0, "ParameterID": 32, "Value": 8364.408203125}]}, {"ListeningId": 0, "MeterId": 11, "Timestamp": 1632425820, "listeningvalues": [{"ListeningId": 0, "ParameterID": 1, "Value": 231.3637237548828}, {"ListeningId": 0, "ParameterID": 2, "Value": 231.52073669433594}, {"ListeningId": 0, "ParameterID": 3, "Value": 230.72300720214844}, {"ListeningId": 0, "ParameterID": 4, "Value": 400.81512451171875}, {"ListeningId": 0, "ParameterID": 5, "Value": 400.13763427734375}, {"ListeningId": 0, "ParameterID": 6, "Value": 400.27752685546875}, {"ListeningId": 0, "ParameterID": 7, "Value": 2.518933057785034}, {"ListeningId": 0, "ParameterID": 8, "Value": 1.8430628776550293}, {"ListeningId": 0, "ParameterID": 9, "Value": 2.7276558876037598}, {"ListeningId": 0, "ParameterID": 17, "Value": 571.9464111328125}, {"ListeningId": 0, "ParameterID": 18, "Value": 426.5348815917969}, {"ListeningId": 0, "ParameterID": 19, "Value": 596.9732666015625}, {"ListeningId": 0, "ParameterID": 20, "Value": 1595.5445556640625}, {"ListeningId": 0, "ParameterID": 21, "Value": 582.479248046875}, {"ListeningId": 0, "ParameterID": 22, "Value": 426.84039306640625}, {"ListeningId": 0, "ParameterID": 23, "Value": 629.1273803710938}, {"ListeningId": 0, "ParameterID": 24, "Value": 1637.73583984375}, {"ListeningId": 0, "ParameterID": 25, "Value": 108.88548278808594}, {"ListeningId": 0, "ParameterID": 26, "Value": 0.0}, {"ListeningId": 0, "ParameterID": 27, "Value": 199.0417938232422}, {"ListeningId": 0, "ParameterID": 28, "Value": 308.00537109375}, {"ListeningId": 0, "ParameterID": 13, "Value": 0.987845778465271}, {"ListeningId": 0, "ParameterID": 14, "Value": 0.9915964007377625}, {"ListeningId": 0, "ParameterID": 15, "Value": 0.9488502144813538}, {"ListeningId": 0, "ParameterID": 16, "Value": 0.9760974049568176}, {"ListeningId": 0, "ParameterID": 10, "Value": 50.08266830444336}, {"ListeningId": 0, "ParameterID": 11, "Value": 50.08266830444336}, {"ListeningId": 0, "ParameterID": 12, "Value": 50.08266830444336}, {"ListeningId": 0, "ParameterID": 32, "Value": 6776.37841796875}]}, {"ListeningId": 0, "MeterId": 12, "Timestamp": 1632425820, "listeningvalues": [{"ListeningId": 0, "ParameterID": 1, "Value": 230.19186401367188}, {"ListeningId": 0, "ParameterID": 2, "Value": 232.36509704589844}, {"ListeningId": 0, "ParameterID": 3, "Value": 231.31736755371094}, {"ListeningId": 0, "ParameterID": 4, "Value": 401.1437683105469}, {"ListeningId": 0, "ParameterID": 5, "Value": 401.3132629394531}, {"ListeningId": 0, "ParameterID": 6, "Value": 399.76788330078125}, {"ListeningId": 0, "ParameterID": 7, "Value": 2.6251795291900635}, {"ListeningId": 0, "ParameterID": 8, "Value": 2.1713807582855225}, {"ListeningId": 0, "ParameterID": 9, "Value": 2.903705596923828}, {"ListeningId": 0, "ParameterID": 17, "Value": 590.4473876953125}, {"ListeningId": 0, "ParameterID": 18, "Value": 504.1546630859375}, {"ListeningId": 0, "ParameterID": 19, "Value": 651.74072265625}, {"ListeningId": 0, "ParameterID": 20, "Value": 1746.8824462890625}, {"ListeningId": 0, "ParameterID": 21, "Value": 604.37890625}, {"ListeningId": 0, "ParameterID": 22, "Value": 504.7066345214844}, {"ListeningId": 0, "ParameterID": 23, "Value": 671.4414672851562}, {"ListeningId": 0, "ParameterID": 24, "Value": 1782.37060546875}, {"ListeningId": 0, "ParameterID": 25, "Value": 128.739013671875}, {"ListeningId": 0, "ParameterID": 26, "Value": 0.0}, {"ListeningId": 0, "ParameterID": 27, "Value": 160.2570343017578}, {"ListeningId": 0, "ParameterID": 28, "Value": 289.146240234375}, {"ListeningId": 0, "ParameterID": 13, "Value": 0.9874960780143738}, {"ListeningId": 0, "ParameterID": 14, "Value": 1.0}, {"ListeningId": 0, "ParameterID": 15, "Value": 0.9832616448402405}, {"ListeningId": 0, "ParameterID": 16, "Value": 0.9902525544166565}, {"ListeningId": 0, "ParameterID": 10, "Value": 50.08266830444336}, {"ListeningId": 0, "ParameterID": 11, "Value": 50.08266830444336}, {"ListeningId": 0, "ParameterID": 12, "Value": 50.08266830444336}, {"ListeningId": 0, "ParameterID": 32, "Value": 6775.615234375}]}]