[{"ListeningId": 0, "MeterId": 1, "Timestamp": 1632425220, "listeningvalues": [{"ListeningId": 0, "ParameterID": 1, "Value": 231.71817016601562}, {"ListeningId": 0, "ParameterID": 2, "Value": 232.06655883789062}, {"ListeningId": 0, "ParameterID": 3, "Value": 231.08932495117188}, {"ListeningId": 0, "ParameterID": 4, "Value": 401.37457275390625}, {"ListeningId": 0, "ParameterID": 5, "Value": 400.9681091308594}, {"ListeningId": 0, "ParameterID": 6, "Value": 400.48834228515625}, {"ListeningId": 0, "ParameterID": 7, "Value": 2.238316774368286}, {"ListeningId": 0, "ParameterID": 8, "Value": 2.176259756088257}, {"ListeningId": 0, "ParameterID": 9, "Value": 2.877429246902466}, {"ListeningId": 0, "ParameterID": 17, "Value": 508.4648132324219}, {"ListeningId": 0, "ParameterID": 18, "Value": 505.037109375}, {"ListeningId": 0, "ParameterID": 19, "Value": 641.3213500976562}, {"ListeningId": 0, "ParameterID": 20, "Value": 1654.8232421875}, {"ListeningId": 0, "ParameterID": 21, "Value": 518.65869140625}, {"ListeningId": 0, "ParameterID": 22, "Value": 505.037109375}, {"ListeningId": 0, "ParameterID": 23, "Value": 664.9431762695312}, {"ListeningId": 0, "ParameterID": 24, "Value": 1688.638916015625}, {"ListeningId": 0, "ParameterID": 25, "Value": 102.3248519897461}, {"ListeningId": 0, "ParameterID": 26, "Value": 0.0}, {"ListeningId": 0, "ParameterID": 27, "Value": 175.65982055664062}, {"ListeningId": 0, "ParameterID": 28, "Value": 277.98468017578125}, {"ListeningId": 0, "ParameterID": 13, "Value": 0.9660608172416687}, {"ListeningId": 0, "ParameterID": 14, "Value": 1.0}, {"ListeningId": 0, "ParameterID": 15, "Value": 0.9411749243736267}, {"ListeningId": 0, "ParameterID": 16, "Value": 0.9690786004066467}, {"ListeningId": 0, "ParameterID": 10, "Value": 50.16990280151367}, {"ListeningId": 0, "ParameterID": 11, "Value": 50.16990280151367}, {"ListeningId": 0, "ParameterID": 12, "Value": 50.16990280151367}, {"ListeningId": 0, "ParameterID": 32, "Value": 6501.02685546875}]}, {"ListeningId": 0, "MeterId": 2, "Timestamp": 1632425220, "listeningvalues": [{"ListeningId": 0, "ParameterID": 1, "Value": 230.8096466064453}, {"ListeningId": 0, "ParameterID": 2, "Value": 231.62197875976562}, {"ListeningId": 0, "ParameterID": 3, "Value": 231.3291473388672}, {"ListeningId": 0, "ParameterID": 4, "Value": 400.8227233886719}, {"ListeningId": 0, "ParameterID": 5, "Value": 400.7974548339844}, {"ListeningId": 0, "ParameterID": 6, "Value": 399.81036376953125}, {"ListeningId": 0, "ParameterID": 7, "Value": 2.575078248977661}, {"ListeningId": 0, "ParameterID": 8, "Value": 2.1168265342712402}, {"ListeningId": 0, "ParameterID": 9, "Value": 3.001013994216919}, {"ListeningId": 0, "ParameterID": 17, "Value": 589.1593627929688}, {"ListeningId": 0, "ParameterID": 18, "Value": 490.76141357421875}, {"ListeningId": 0, "ParameterID": 19, "Value": 666.792724609375}, {"ListeningId": 0, "ParameterID": 20, "Value": 1745.302734375}, {"ListeningId": 0, "ParameterID": 21, "Value": 595.2550048828125}, {"ListeningId": 0, "ParameterID": 22, "Value": 490.7137756347656}, {"ListeningId": 0, "ParameterID": 23, "Value": 692.4545288085938}, {"ListeningId": 0, "ParameterID": 24, "Value": 1777.0413818359375}, {"ListeningId": 0, "ParameterID": 25, "Value": 83.8916244506836}, {"ListeningId": 0, "ParameterID": 26, "Value": 0.0}, {"ListeningId": 0, "ParameterID": 27, "Value": 190.6035919189453}, {"ListeningId": 0, "ParameterID": 28, "Value": 274.6941833496094}, {"ListeningId": 0, "ParameterID": 13, "Value": 0.9919712543487549}, {"ListeningId": 0, "ParameterID": 14, "Value": 1.0}, {"ListeningId": 0, "ParameterID": 15, "Value": 0.9534302353858948}, {"ListeningId": 0, "ParameterID": 16, "Value": 0.9818004965782166}, {"ListeningId": 0, "ParameterID": 10, "Value": 50.16990280151367}, {"ListeningId": 0, "ParameterID": 11, "Value": 50.16990280151367}, {"ListeningId": 0, "ParameterID": 12, "Value": 50.16990280151367}, {"ListeningId": 0, "ParameterID": 32, "Value": 6506.64306640625}]}, {"ListeningId": 0, "MeterId": 3, "Timestamp": 1632425220, "listeningvalues": [{"ListeningId": 0, "ParameterID": 1, "Value": 231.42945861816406}, {"ListeningId": 0, "ParameterID": 2, "Value": 231.33938598632812}, {"ListeningId": 0, "ParameterID": 3, "Value": 230.19667053222656}, {"ListeningId": 0, "ParameterID": 4, "Value": 400.8050231933594}, {"ListeningId": 0, "ParameterID": 5, "Value": 399.458740234375}, {"ListeningId": 0, "ParameterID": 6, "Value": 400.1001892089844}, {"ListeningId": 0, "ParameterID": 7, "Value": 2.717510223388672}, {"ListeningId": 0, "ParameterID": 8, "Value": 1.968131422996521}, {"ListeningId": 0, "ParameterID": 9, "Value": 2.960263967514038}, {"ListeningId": 0, "ParameterID": 17, "Value": 616.3984375}, {"ListeningId": 0, "ParameterID": 18, "Value": 454.6794128417969}, {"ListeningId": 0, "ParameterID": 19, "Value": 663.4993286132812}, {"ListeningId": 0, "ParameterID": 20, "Value": 1734.1248779296875}, {"ListeningId": 0, "ParameterID": 21, "Value": 628.8421020507812}, {"ListeningId": 0, "ParameterID": 22, "Value": 454.7941589355469}, {"ListeningId": 0, "ParameterID": 23, "Value": 682.0285034179688}, {"ListeningId": 0, "ParameterID": 24, "Value": 1765.60693359375}, {"ListeningId": 0, "ParameterID": 25, "Value": 126.5287857055664}, {"ListeningId": 0, "ParameterID": 26, "Value": 0.0}, {"ListeningId": 0, "ParameterID": 27, "Value": 161.9382781982422}, {"ListeningId": 0, "ParameterID": 28, "Value": 288.58807373046875}, {"ListeningId": 0, "ParameterID": 13, "Value": 0.9945555329322815}, {"ListeningId": 0, "ParameterID": 14, "Value": 1.0}, {"ListeningId": 0, "ParameterID": 15, "Value": 0.9783130884170532}, {"ListeningId": 0, "ParameterID": 16, "Value": 0.9909561276435852}, {"ListeningId": 0, "ParameterID": 10, "Value": 50.16990280151367}, {"ListeningId": 0, "ParameterID": 11, "Value": 50.16990280151367}, {"ListeningId": 0, "ParameterID": 12, "Value": 50.16990280151367}, {"ListeningId": 0, "ParameterID": 32, "Value": 6507.89599609375}]}, {"ListeningId": 0, "MeterId": 4, "Timestamp": 1632425220, "listeningvalues": [{"ListeningId": 0, "ParameterID": 1, "Value": 231.66778564453125}, {"ListeningId": 0, "ParameterID": 2, "Value": 231.64968872070312}, {"ListeningId": 0, "ParameterID": 3, "Value": 230.24114990234375}, {"ListeningId": 0, "ParameterID": 4, "Value": 401.271484375}, {"ListeningId": 0, "ParameterID": 5, "Value": 400.2933044433594}, {"ListeningId": 0, "ParameterID": 6, "Value": 400.0110778808594}, {"ListeningId": 0, "ParameterID": 7, "Value": 2.396850347518921}, {"ListeningId": 0, "ParameterID": 8, "Value": 2.0069382190704346}, {"ListeningId": 0, "ParameterID": 9, "Value": 2.956799030303955}, {"ListeningId": 0, "ParameterID": 17, "Value": 533.7879638671875}, {"ListeningId": 0, "ParameterID": 18, "Value": 461.4534606933594}, {"ListeningId": 0, "ParameterID": 19, "Value": 669.8372192382812}, {"ListeningId": 0, "ParameterID": 20, "Value": 1665.07861328125}, {"ListeningId": 0, "ParameterID": 21, "Value": 555.2730102539062}, {"ListeningId": 0, "ParameterID": 22, "Value": 464.9066162109375}, {"ListeningId": 0, "ParameterID": 23, "Value": 680.7767944335938}, {"ListeningId": 0, "ParameterID": 24, "Value": 1700.9564208984375}, {"ListeningId": 0, "ParameterID": 25, "Value": 152.96578979492188}, {"ListeningId": 0, "ParameterID": 26, "Value": 56.5584602355957}, {"ListeningId": 0, "ParameterID": 27, "Value": 121.55297088623047}, {"ListeningId": 0, "ParameterID": 28, "Value": 331.07720947265625}, {"ListeningId": 0, "ParameterID": 13, "Value": 0.9613072872161865}, {"ListeningId": 0, "ParameterID": 14, "Value": 0.9925723671913147}, {"ListeningId": 0, "ParameterID": 15, "Value": 0.9839307069778442}, {"ListeningId": 0, "ParameterID": 16, "Value": 0.9792701601982117}, {"ListeningId": 0, "ParameterID": 10, "Value": 50.07556915283203}, {"ListeningId": 0, "ParameterID": 11, "Value": 50.07556915283203}, {"ListeningId": 0, "ParameterID": 12, "Value": 50.07556915283203}, {"ListeningId": 0, "ParameterID": 32, "Value": 6507.1259765625}]}, {"ListeningId": 0, "MeterId": 5, "Timestamp": 1632425220, "listeningvalues": [{"ListeningId": 0, "ParameterID": 1, "Value": 231.23434448242188}, {"ListeningId": 0, "ParameterID": 2, "Value": 232.52294921875}, {"ListeningId": 0, "ParameterID": 3, "Value": 230.41526794433594}, {"ListeningId": 0, "ParameterID": 4, "Value": 401.5690002441406}, {"ListeningId": 0, "ParameterID": 5, "Value": 401.020263671875}, {"ListeningId": 0, "ParameterID": 6, "Value": 399.6180419921875}, {"ListeningId": 0, "ParameterID": 7, "Value": 2.338831901550293}, {"ListeningId": 0, "ParameterID": 8, "Value": 2.077155590057373}, {"ListeningId": 0, "ParameterID": 9, "Value": 2.816875457763672}, {"ListeningId": 0, "ParameterID": 17, "Value": 537.3045043945312}, {"ListeningId": 0, "ParameterID": 18, "Value": 483.4714050292969}, {"ListeningId": 0, "ParameterID": 19, "Value": 620.302978515625}, {"ListeningId": 0, "ParameterID": 20, "Value": 1641.9696044921875}, {"ListeningId": 0, "ParameterID": 21, "Value": 540.4951782226562}, {"ListeningId": 0, "ParameterID": 22, "Value": 482.9684143066406}, {"ListeningId": 0, "ParameterID": 23, "Value": 649.7938842773438}, {"ListeningId": 0, "ParameterID": 24, "Value": 1674.613037109375}, {"ListeningId": 0, "ParameterID": 25, "Value": 59.891807556152344}, {"ListeningId": 0, "ParameterID": 26, "Value": 0.0}, {"ListeningId": 0, "ParameterID": 27, "Value": 194.24569702148438}, {"ListeningId": 0, "ParameterID": 28, "Value": 254.25770568847656}, {"ListeningId": 0, "ParameterID": 13, "Value": 0.9935111999511719}, {"ListeningId": 0, "ParameterID": 14, "Value": 1.0}, {"ListeningId": 0, "ParameterID": 15, "Value": 0.9775753617286682}, {"ListeningId": 0, "ParameterID": 16, "Value": 0.9903621673583984}, {"ListeningId": 0, "ParameterID": 10, "Value": 50.07556915283203}, {"ListeningId": 0, "ParameterID": 11, "Value": 50.07556915283203}, {"ListeningId": 0, "ParameterID": 12, "Value": 50.07556915283203}, {"ListeningId": 0, "ParameterID": 32, "Value": 6504.8671875}]}, {"ListeningId": 0, "MeterId": 6, "Timestamp": 1632425220, "listeningvalues": [{"ListeningId": 0, "ParameterID": 1, "Value": 231.44764709472656}, {"ListeningId": 0, "ParameterID": 2, "Value": 231.27281188964844}, {"ListeningId": 0, "ParameterID": 3, "Value": 230.59442138671875}, {"ListeningId": 0, "ParameterID": 4, "Value": 401.07440185546875}, {"ListeningId": 0, "ParameterID": 5, "Value": 399.8604431152344}, {"ListeningId": 0, "ParameterID": 6, "Value": 400.3489074707031}, {"ListeningId": 0, "ParameterID": 7, "Value": 2.3884682655334473}, {"ListeningId": 0, "ParameterID": 8, "Value": 1.8006885051727295}, {"ListeningId": 0, "ParameterID": 9, "Value": 2.684951066970825}, {"ListeningId": 0, "ParameterID": 17, "Value": 547.2816162109375}, {"ListeningId": 0, "ParameterID": 18, "Value": 416.56524658203125}, {"ListeningId": 0, "ParameterID": 19, "Value": 603.3162231445312}, {"ListeningId": 0, "ParameterID": 20, "Value": 1567.4998779296875}, {"ListeningId": 0, "ParameterID": 21, "Value": 553.5807495117188}, {"ListeningId": 0, "ParameterID": 22, "Value": 416.4566650390625}, {"ListeningId": 0, "ParameterID": 23, "Value": 618.8995361328125}, {"ListeningId": 0, "ParameterID": 24, "Value": 1587.8564453125}, {"ListeningId": 0, "ParameterID": 25, "Value": 79.1430435180664}, {"ListeningId": 0, "ParameterID": 26, "Value": 0.0}, {"ListeningId": 0, "ParameterID": 27, "Value": 137.09544372558594}, {"ListeningId": 0, "ParameterID": 28, "Value": 216.5353546142578}, {"ListeningId": 0, "ParameterID": 13, "Value": 0.9916623830795288}, {"ListeningId": 0, "ParameterID": 14, "Value": 1.0}, {"ListeningId": 0, "ParameterID": 15, "Value": 0.9433638453483582}, {"ListeningId": 0, "ParameterID": 16, "Value": 0.9783420562744141}, {"ListeningId": 0, "ParameterID": 10, "Value": 50.07556915283203}, {"ListeningId": 0, "ParameterID": 11, "Value": 50.07556915283203}, {"ListeningId": 0, "ParameterID": 12, "Value": 50.07556915283203}, {"ListeningId": 0, "ParameterID": 32, "Value": 6506.18017578125}]}, {"ListeningId": 0, "MeterId": 7, "Timestamp": 1632425220, "listeningvalues": [{"ListeningId": 0, "ParameterID": 1, "Value": 231.2106475830078}, {"ListeningId": 0, "ParameterID": 2, "Value": 232.15786743164062}, {"ListeningId": 0, "ParameterID": 3, "Value": 231.14288330078125}, {"ListeningId": 0, "ParameterID": 4, "Value": 401.48553466796875}, {"ListeningId": 0, "ParameterID": 5, "Value": 401.4375915527344}, {"ListeningId": 0, "ParameterID": 6, "Value": 400.20404052734375}, {"ListeningId": 0, "ParameterID": 7, "Value": 2.5186963081359863}, {"ListeningId": 0, "ParameterID": 8, "Value": 2.027340888977051}, {"ListeningId": 0, "ParameterID": 9, "Value": 3.0416555404663086}, {"ListeningId": 0, "ParameterID": 17, "Value": 563.6151123046875}, {"ListeningId": 0, "ParameterID": 18, "Value": 470.4663391113281}, {"ListeningId": 0, "ParameterID": 19, "Value": 682.0848388671875}, {"ListeningId": 0, "ParameterID": 20, "Value": 1718.4111328125}, {"ListeningId": 0, "ParameterID": 21, "Value": 582.9249877929688}, {"ListeningId": 0, "ParameterID": 22, "Value": 470.4336242675781}, {"ListeningId": 0, "ParameterID": 23, "Value": 702.7119750976562}, {"ListeningId": 0, "ParameterID": 24, "Value": 1757.76318359375}, {"ListeningId": 0, "ParameterID": 25, "Value": 147.20346069335938}, {"ListeningId": 0, "ParameterID": 26, "Value": 0.0}, {"ListeningId": 0, "ParameterID": 27, "Value": 168.3400115966797}, {"ListeningId": 0, "ParameterID": 28, "Value": 315.8940124511719}, {"ListeningId": 0, "ParameterID": 13, "Value": 0.9949058294296265}, {"ListeningId": 0, "ParameterID": 14, "Value": 1.0}, {"ListeningId": 0, "ParameterID": 15, "Value": 0.9891393780708313}, {"ListeningId": 0, "ParameterID": 16, "Value": 0.9946817755699158}, {"ListeningId": 0, "ParameterID": 10, "Value": 50.07556915283203}, {"ListeningId": 0, "ParameterID": 11, "Value": 50.07556915283203}, {"ListeningId": 0, "ParameterID": 12, "Value": 50.07556915283203}, {"ListeningId": 0, "ParameterID": 32, "Value": 6509.26513671875}]}, {"ListeningId": 0, "MeterId": 8, "Timestamp": 1632425220, "listeningvalues": [{"ListeningId": 0, "ParameterID": 1, "Value": 231.34861755371094}, {"ListeningId": 0, "ParameterID": 2, "Value": 232.41444396972656}, {"ListeningId": 0, "ParameterID": 3, "Value": 231.02392578125}, {"ListeningId": 0, "ParameterID": 4, "Value": 401.6939697265625}, {"ListeningId": 0, "ParameterID": 5, "Value": 401.02447509765625}, {"ListeningId": 0, "ParameterID": 6, "Value": 399.99249267578125}, {"ListeningId": 0, "ParameterID": 7, "Value": 2.5202252864837646}, {"ListeningId": 0, "ParameterID": 8, "Value": 2.0261714458465576}, {"ListeningId": 0, "ParameterID": 9, "Value": 3.040550470352173}, {"ListeningId": 0, "ParameterID": 17, "Value": 564.61474609375}, {"ListeningId": 0, "ParameterID": 18, "Value": 470.69720458984375}, {"ListeningId": 0, "ParameterID": 19, "Value": 683.00927734375}, {"ListeningId": 0, "ParameterID": 20, "Value": 1718.8990478515625}, {"ListeningId": 0, "ParameterID": 21, "Value": 582.8922119140625}, {"ListeningId": 0, "ParameterID": 22, "Value": 470.5857238769531}, {"ListeningId": 0, "ParameterID": 23, "Value": 702.536865234375}, {"ListeningId": 0, "ParameterID": 24, "Value": 1757.059326171875}, {"ListeningId": 0, "ParameterID": 25, "Value": 147.3395538330078}, {"ListeningId": 0, "ParameterID": 26, "Value": 0.0}, {"ListeningId": 0, "ParameterID": 27, "Value": 168.1800079345703}, {"ListeningId": 0, "ParameterID": 28, "Value": 315.66363525390625}, {"ListeningId": 0, "ParameterID": 13, "Value": 0.9949058294296265}, {"ListeningId": 0, "ParameterID": 14, "Value": 1.0}, {"ListeningId": 0, "ParameterID": 15, "Value": 0.9891393780708313}, {"ListeningId": 0, "ParameterID": 16, "Value": 0.9946817755699158}, {"ListeningId": 0, "ParameterID": 10, "Value": 50.07556915283203}, {"ListeningId": 0, "ParameterID": 11, "Value": 50.07556915283203}, {"ListeningId": 0, "ParameterID": 12, "Value": 50.07556915283203}, {"ListeningId": 0, "ParameterID": 32, "Value": 6509.26513671875}]}, {"ListeningId": 0, "MeterId": 9, "Timestamp": 1632425220, "listeningvalues": [{"ListeningId": 0, "ParameterID": 1, "Value": 230.5347900390625}, {"ListeningId": 0, "ParameterID": 2, "Value": 232.1501007080078}, {"ListeningId": 0, "ParameterID": 3, "Value": 229.85943603515625}, {"ListeningId": 0, "ParameterID": 4, "Value": 400.32891845703125}, {"ListeningId": 0, "ParameterID": 5, "Value": 400.03375244140625}, {"ListeningId": 0, "ParameterID": 6, "Value": 398.3347473144531}, {"ListeningId": 0, "ParameterID": 7, "Value": 2.3909220695495605}, {"ListeningId": 0, "ParameterID": 8, "Value": 1.9896878004074097}, {"ListeningId": 0, "ParameterID": 9, "Value": 3.127326250076294}, {"ListeningId": 0, "ParameterID": 17, "Value": 531.288818359375}, {"ListeningId": 0, "ParameterID": 18, "Value": 461.9062194824219}, {"ListeningId": 0, "ParameterID": 19, "Value": 696.6543579101562}, {"ListeningId": 0, "ParameterID": 20, "Value": 1689.849365234375}, {"ListeningId": 0, "ParameterID": 21, "Value": 551.1907348632812}, {"ListeningId": 0, "ParameterID": 22, "Value": 461.9062194824219}, {"ListeningId": 0, "ParameterID": 23, "Value": 718.845458984375}, {"ListeningId": 0, "ParameterID": 24, "Value": 1731.9423828125}, {"ListeningId": 0, "ParameterID": 25, "Value": 146.77671813964844}, {"ListeningId": 0, "ParameterID": 26, "Value": 0.0}, {"ListeningId": 0, "ParameterID": 27, "Value": 177.23289489746094}, {"ListeningId": 0, "ParameterID": 28, "Value": 324.0096130371094}, {"ListeningId": 0, "ParameterID": 13, "Value": 0.9638928174972534}, {"ListeningId": 0, "ParameterID": 14, "Value": 1.0}, {"ListeningId": 0, "ParameterID": 15, "Value": 0.9691295027732849}, {"ListeningId": 0, "ParameterID": 16, "Value": 0.9776740670204163}, {"ListeningId": 0, "ParameterID": 10, "Value": 50.00917434692383}, {"ListeningId": 0, "ParameterID": 11, "Value": 50.00917434692383}, {"ListeningId": 0, "ParameterID": 12, "Value": 50.00917434692383}, {"ListeningId": 0, "ParameterID": 32, "Value": 6512.33349609375}]}, {"ListeningId": 0, "MeterId": 10, "Timestamp": 1632425220, "listeningvalues": [{"ListeningId": 0, "ParameterID": 1, "Value": 231.05377197265625}, {"ListeningId": 0, "ParameterID": 2, "Value": 231.3570556640625}, {"ListeningId": 0, "ParameterID": 3, "Value": 230.0672149658203}, {"ListeningId": 0, "ParameterID": 4, "Value": 400.3004150390625}, {"ListeningId": 0, "ParameterID": 5, "Value": 399.1758728027344}, {"ListeningId": 0, "ParameterID": 6, "Value": 399.82232666015625}, {"ListeningId": 0, "ParameterID": 7, "Value": 2.349992036819458}, {"ListeningId": 0, "ParameterID": 8, "Value": 1.9608224630355835}, {"ListeningId": 0, "ParameterID": 9, "Value": 2.976956367492676}, {"ListeningId": 0, "ParameterID": 17, "Value": 532.9838256835938}, {"ListeningId": 0, "ParameterID": 18, "Value": 453.62506103515625}, {"ListeningId": 0, "ParameterID": 19, "Value": 677.589111328125}, {"ListeningId": 0, "ParameterID": 20, "Value": 1664.654052734375}, {"ListeningId": 0, "ParameterID": 21, "Value": 543.8613891601562}, {"ListeningId": 0, "ParameterID": 22, "Value": 453.36346435546875}, {"ListeningId": 0, "ParameterID": 23, "Value": 685.47265625}, {"ListeningId": 0, "ParameterID": 24, "Value": 1683.266357421875}, {"ListeningId": 0, "ParameterID": 25, "Value": 109.27429962158203}, {"ListeningId": 0, "ParameterID": 26, "Value": 0.0}, {"ListeningId": 0, "ParameterID": 27, "Value": 105.22213745117188}, {"ListeningId": 0, "ParameterID": 28, "Value": 214.82070922851562}, {"ListeningId": 0, "ParameterID": 13, "Value": 0.9897910356521606}, {"ListeningId": 0, "ParameterID": 14, "Value": 1.0}, {"ListeningId": 0, "ParameterID": 15, "Value": 0.9631410837173462}, {"ListeningId": 0, "ParameterID": 16, "Value": 0.9843106865882874}, {"ListeningId": 0, "ParameterID": 10, "Value": 50.00917434692383}, {"ListeningId": 0, "ParameterID": 11, "Value": 50.00917434692383}, {"ListeningId": 0, "ParameterID": 12, "Value": 50.00917434692383}, {"ListeningId": 0, "ParameterID": 32, "Value": 8090.22802734375}]}, {"ListeningId": 0, "MeterId": 11, "Timestamp": 1632425220, "listeningvalues": [{"ListeningId": 0, "ParameterID": 1, "Value": 231.1642303466797}, {"ListeningId": 0, "ParameterID": 2, "Value": 231.6125946044922}, {"ListeningId": 0, "ParameterID": 3, "Value": 229.94273376464844}, {"ListeningId": 0, "ParameterID": 4, "Value": 400.9780578613281}, {"ListeningId": 0, "ParameterID": 5, "Value": 400.30694580078125}, {"ListeningId": 0, "ParameterID": 6, "Value": 399.1461486816406}, {"ListeningId": 0, "ParameterID": 7, "Value": 2.6517322063446045}, {"ListeningId": 0, "ParameterID": 8, "Value": 2.076772451400757}, {"ListeningId": 0, "ParameterID": 9, "Value": 3.01203989982605}, {"ListeningId": 0, "ParameterID": 17, "Value": 594.1847534179688}, {"ListeningId": 0, "ParameterID": 18, "Value": 480.8722839355469}, {"ListeningId": 0, "ParameterID": 19, "Value": 680.7697143554688}, {"ListeningId": 0, "ParameterID": 20, "Value": 1756.8739013671875}, {"ListeningId": 0, "ParameterID": 21, "Value": 611.9655151367188}, {"ListeningId": 0, "ParameterID": 22, "Value": 481.6258239746094}, {"ListeningId": 0, "ParameterID": 23, "Value": 693.6734008789062}, {"ListeningId": 0, "ParameterID": 24, "Value": 1787.335693359375}, {"ListeningId": 0, "ParameterID": 25, "Value": 149.58953857421875}, {"ListeningId": 0, "ParameterID": 26, "Value": 0.0}, {"ListeningId": 0, "ParameterID": 27, "Value": 128.6009979248047}, {"ListeningId": 0, "ParameterID": 28, "Value": 278.1866760253906}, {"ListeningId": 0, "ParameterID": 13, "Value": 0.9577000737190247}, {"ListeningId": 0, "ParameterID": 14, "Value": 1.0}, {"ListeningId": 0, "ParameterID": 15, "Value": 0.9487693309783936}, {"ListeningId": 0, "ParameterID": 16, "Value": 0.9688231348991394}, {"ListeningId": 0, "ParameterID": 10, "Value": 50.00917434692383}, {"ListeningId": 0, "ParameterID": 11, "Value": 50.00917434692383}, {"ListeningId": 0, "ParameterID": 12, "Value": 50.00917434692383}, {"ListeningId": 0, "ParameterID": 32, "Value": 6502.22119140625}]}, {"ListeningId": 0, "MeterId": 12, "Timestamp": 1632425220, "listeningvalues": [{"ListeningId": 0, "ParameterID": 1, "Value": 231.43907165527344}, {"ListeningId": 0, "ParameterID": 2, "Value": 232.87612915039062}, {"ListeningId": 0, "ParameterID": 3, "Value": 230.2501983642578}, {"ListeningId": 0, "ParameterID": 4, "Value": 402.286376953125}, {"ListeningId": 0, "ParameterID": 5, "Value": 401.1778259277344}, {"ListeningId": 0, "ParameterID": 6, "Value": 399.625}, {"ListeningId": 0, "ParameterID": 7, "Value": 2.356886863708496}, {"ListeningId": 0, "ParameterID": 8, "Value": 2.171809434890747}, {"ListeningId": 0, "ParameterID": 9, "Value": 2.859130859375}, {"ListeningId": 0, "ParameterID": 17, "Value": 528.414794921875}, {"ListeningId": 0, "ParameterID": 18, "Value": 505.3559265136719}, {"ListeningId": 0, "ParameterID": 19, "Value": 619.2562255859375}, {"ListeningId": 0, "ParameterID": 20, "Value": 1651.2127685546875}, {"ListeningId": 0, "ParameterID": 21, "Value": 544.97607421875}, {"ListeningId": 0, "ParameterID": 22, "Value": 505.7580261230469}, {"ListeningId": 0, "ParameterID": 23, "Value": 657.282958984375}, {"ListeningId": 0, "ParameterID": 24, "Value": 1708.794677734375}, {"ListeningId": 0, "ParameterID": 25, "Value": 136.61468505859375}, {"ListeningId": 0, "ParameterID": 26, "Value": 0.0}, {"ListeningId": 0, "ParameterID": 27, "Value": 222.1915740966797}, {"ListeningId": 0, "ParameterID": 28, "Value": 358.92083740234375}, {"ListeningId": 0, "ParameterID": 13, "Value": 0.9746962189674377}, {"ListeningId": 0, "ParameterID": 14, "Value": 0.9908102750778198}, {"ListeningId": 0, "ParameterID": 15, "Value": 0.9698649644851685}, {"ListeningId": 0, "ParameterID": 16, "Value": 0.9784571528434753}, {"ListeningId": 0, "ParameterID": 10, "Value": 50.00917434692383}, {"ListeningId": 0, "ParameterID": 11, "Value": 50.00917434692383}, {"ListeningId": 0, "ParameterID": 12, "Value": 50.00917434692383}, {"ListeningId": 0, "ParameterID": 32, "Value": 6502.19384765625}]}]