[{"ListeningId": 0, "MeterId": 1, "Timestamp": 1632424860, "listeningvalues": [{"ListeningId": 0, "ParameterID": 1, "Value": 231.3295440673828}, {"ListeningId": 0, "ParameterID": 2, "Value": 231.27352905273438}, {"ListeningId": 0, "ParameterID": 3, "Value": 230.8898468017578}, {"ListeningId": 0, "ParameterID": 4, "Value": 400.8266296386719}, {"ListeningId": 0, "ParameterID": 5, "Value": 400.3420715332031}, {"ListeningId": 0, "ParameterID": 6, "Value": 400.20440673828125}, {"ListeningId": 0, "ParameterID": 7, "Value": 2.2697579860687256}, {"ListeningId": 0, "ParameterID": 8, "Value": 1.911889672279358}, {"ListeningId": 0, "ParameterID": 9, "Value": 2.698235034942627}, {"ListeningId": 0, "ParameterID": 17, "Value": 521.9649658203125}, {"ListeningId": 0, "ParameterID": 18, "Value": 442.1694641113281}, {"ListeningId": 0, "ParameterID": 19, "Value": 585.9808349609375}, {"ListeningId": 0, "ParameterID": 20, "Value": 1550.115234375}, {"ListeningId": 0, "ParameterID": 21, "Value": 525.0620727539062}, {"ListeningId": 0, "ParameterID": 22, "Value": 442.1694641113281}, {"ListeningId": 0, "ParameterID": 23, "Value": 622.9950561523438}, {"ListeningId": 0, "ParameterID": 24, "Value": 1590.2265625}, {"ListeningId": 0, "ParameterID": 25, "Value": 56.94514846801758}, {"ListeningId": 0, "ParameterID": 26, "Value": 0.0}, {"ListeningId": 0, "ParameterID": 27, "Value": 211.5403289794922}, {"ListeningId": 0, "ParameterID": 28, "Value": 268.4854736328125}, {"ListeningId": 0, "ParameterID": 13, "Value": 0.9941014051437378}, {"ListeningId": 0, "ParameterID": 14, "Value": 1.0}, {"ListeningId": 0, "ParameterID": 15, "Value": 0.9405866861343384}, {"ListeningId": 0, "ParameterID": 16, "Value": 0.9782293438911438}, {"ListeningId": 0, "ParameterID": 10, "Value": 50.01359176635742}, {"ListeningId": 0, "ParameterID": 11, "Value": 50.01359176635742}, {"ListeningId": 0, "ParameterID": 12, "Value": 50.01359176635742}, {"ListeningId": 0, "ParameterID": 32, "Value": 6336.50634765625}]}, {"ListeningId": 0, "MeterId": 2, "Timestamp": 1632424860, "listeningvalues": [{"ListeningId": 0, "ParameterID": 1, "Value": 230.52459716796875}, {"ListeningId": 0, "ParameterID": 2, "Value": 232.10267639160156}, {"ListeningId": 0, "ParameterID": 3, "Value": 230.74688720703125}, {"ListeningId": 0, "ParameterID": 4, "Value": 400.4369201660156}, {"ListeningId": 0, "ParameterID": 5, "Value": 401.0209045410156}, {"ListeningId": 0, "ParameterID": 6, "Value": 399.5860900878906}, {"ListeningId": 0, "ParameterID": 7, "Value": 2.2860538959503174}, {"ListeningId": 0, "ParameterID": 8, "Value": 2.043208360671997}, {"ListeningId": 0, "ParameterID": 9, "Value": 2.6383652687072754}, {"ListeningId": 0, "ParameterID": 17, "Value": 518.9390258789062}, {"ListeningId": 0, "ParameterID": 18, "Value": 474.2647705078125}, {"ListeningId": 0, "ParameterID": 19, "Value": 600.8798217773438}, {"ListeningId": 0, "ParameterID": 20, "Value": 1593.619140625}, {"ListeningId": 0, "ParameterID": 21, "Value": 526.90771484375}, {"ListeningId": 0, "ParameterID": 22, "Value": 474.1805419921875}, {"ListeningId": 0, "ParameterID": 23, "Value": 609.4332275390625}, {"ListeningId": 0, "ParameterID": 24, "Value": 1611.235107421875}, {"ListeningId": 0, "ParameterID": 25, "Value": 93.614990234375}, {"ListeningId": 0, "ParameterID": 26, "Value": 0.0}, {"ListeningId": 0, "ParameterID": 27, "Value": 98.70161437988281}, {"ListeningId": 0, "ParameterID": 28, "Value": 192.04898071289062}, {"ListeningId": 0, "ParameterID": 13, "Value": 0.9918412566184998}, {"ListeningId": 0, "ParameterID": 14, "Value": 1.0}, {"ListeningId": 0, "ParameterID": 15, "Value": 0.9646478891372681}, {"ListeningId": 0, "ParameterID": 16, "Value": 0.9854963421821594}, {"ListeningId": 0, "ParameterID": 10, "Value": 50.01359176635742}, {"ListeningId": 0, "ParameterID": 11, "Value": 50.01359176635742}, {"ListeningId": 0, "ParameterID": 12, "Value": 50.01359176635742}, {"ListeningId": 0, "ParameterID": 32, "Value": 6342.1337890625}]}, {"ListeningId": 0, "MeterId": 3, "Timestamp": 1632424860, "listeningvalues": [{"ListeningId": 0, "ParameterID": 1, "Value": 230.65841674804688}, {"ListeningId": 0, "ParameterID": 2, "Value": 232.2823944091797}, {"ListeningId": 0, "ParameterID": 3, "Value": 230.42884826660156}, {"ListeningId": 0, "ParameterID": 4, "Value": 400.6393737792969}, {"ListeningId": 0, "ParameterID": 5, "Value": 400.7289733886719}, {"ListeningId": 0, "ParameterID": 6, "Value": 399.1656188964844}, {"ListeningId": 0, "ParameterID": 7, "Value": 2.530562162399292}, {"ListeningId": 0, "ParameterID": 8, "Value": 1.8400824069976807}, {"ListeningId": 0, "ParameterID": 9, "Value": 2.853863477706909}, {"ListeningId": 0, "ParameterID": 17, "Value": 564.0374755859375}, {"ListeningId": 0, "ParameterID": 18, "Value": 425.9341735839844}, {"ListeningId": 0, "ParameterID": 19, "Value": 644.7582397460938}, {"ListeningId": 0, "ParameterID": 20, "Value": 1634.080810546875}, {"ListeningId": 0, "ParameterID": 21, "Value": 583.0885620117188}, {"ListeningId": 0, "ParameterID": 22, "Value": 426.7376403808594}, {"ListeningId": 0, "ParameterID": 23, "Value": 657.989990234375}, {"ListeningId": 0, "ParameterID": 24, "Value": 1668.8896484375}, {"ListeningId": 0, "ParameterID": 25, "Value": 148.6387481689453}, {"ListeningId": 0, "ParameterID": 26, "Value": 29.087005615234375}, {"ListeningId": 0, "ParameterID": 27, "Value": 128.03758239746094}, {"ListeningId": 0, "ParameterID": 28, "Value": 305.560302734375}, {"ListeningId": 0, "ParameterID": 13, "Value": 0.9594060182571411}, {"ListeningId": 0, "ParameterID": 14, "Value": 1.0}, {"ListeningId": 0, "ParameterID": 15, "Value": 0.9410322904586792}, {"ListeningId": 0, "ParameterID": 16, "Value": 0.966812789440155}, {"ListeningId": 0, "ParameterID": 10, "Value": 50.01359176635742}, {"ListeningId": 0, "ParameterID": 11, "Value": 50.01359176635742}, {"ListeningId": 0, "ParameterID": 12, "Value": 50.01359176635742}, {"ListeningId": 0, "ParameterID": 32, "Value": 6343.5234375}]}, {"ListeningId": 0, "MeterId": 4, "Timestamp": 1632424860, "listeningvalues": [{"ListeningId": 0, "ParameterID": 1, "Value": 231.15065002441406}, {"ListeningId": 0, "ParameterID": 2, "Value": 231.9147186279297}, {"ListeningId": 0, "ParameterID": 3, "Value": 230.32476806640625}, {"ListeningId": 0, "ParameterID": 4, "Value": 400.94696044921875}, {"ListeningId": 0, "ParameterID": 5, "Value": 400.7881164550781}, {"ListeningId": 0, "ParameterID": 6, "Value": 399.71710205078125}, {"ListeningId": 0, "ParameterID": 7, "Value": 2.2842350006103516}, {"ListeningId": 0, "ParameterID": 8, "Value": 1.7525895833969116}, {"ListeningId": 0, "ParameterID": 9, "Value": 2.719325065612793}, {"ListeningId": 0, "ParameterID": 17, "Value": 507.4685363769531}, {"ListeningId": 0, "ParameterID": 18, "Value": 403.7492980957031}, {"ListeningId": 0, "ParameterID": 19, "Value": 606.2980346679688}, {"ListeningId": 0, "ParameterID": 20, "Value": 1518.6221923828125}, {"ListeningId": 0, "ParameterID": 21, "Value": 528.5012817382812}, {"ListeningId": 0, "ParameterID": 22, "Value": 406.4947509765625}, {"ListeningId": 0, "ParameterID": 23, "Value": 626.2565307617188}, {"ListeningId": 0, "ParameterID": 24, "Value": 1561.6190185546875}, {"ListeningId": 0, "ParameterID": 25, "Value": 147.97506713867188}, {"ListeningId": 0, "ParameterID": 26, "Value": 49.691341400146484}, {"ListeningId": 0, "ParameterID": 27, "Value": 158.53433227539062}, {"ListeningId": 0, "ParameterID": 28, "Value": 355.86956787109375}, {"ListeningId": 0, "ParameterID": 13, "Value": 0.9865951538085938}, {"ListeningId": 0, "ParameterID": 14, "Value": 1.0}, {"ListeningId": 0, "ParameterID": 15, "Value": 0.9546296000480652}, {"ListeningId": 0, "ParameterID": 16, "Value": 0.980408251285553}, {"ListeningId": 0, "ParameterID": 10, "Value": 50.01359176635742}, {"ListeningId": 0, "ParameterID": 11, "Value": 50.01359176635742}, {"ListeningId": 0, "ParameterID": 12, "Value": 50.01359176635742}, {"ListeningId": 0, "ParameterID": 32, "Value": 6343.052734375}]}, {"ListeningId": 0, "MeterId": 5, "Timestamp": 1632424860, "listeningvalues": [{"ListeningId": 0, "ParameterID": 1, "Value": 231.5089111328125}, {"ListeningId": 0, "ParameterID": 2, "Value": 232.0098419189453}, {"ListeningId": 0, "ParameterID": 3, "Value": 230.19921875}, {"ListeningId": 0, "ParameterID": 4, "Value": 401.763427734375}, {"ListeningId": 0, "ParameterID": 5, "Value": 400.1134033203125}, {"ListeningId": 0, "ParameterID": 6, "Value": 399.7797546386719}, {"ListeningId": 0, "ParameterID": 7, "Value": 2.49239182472229}, {"ListeningId": 0, "ParameterID": 8, "Value": 1.7615995407104492}, {"ListeningId": 0, "ParameterID": 9, "Value": 2.7687084674835205}, {"ListeningId": 0, "ParameterID": 17, "Value": 556.6773071289062}, {"ListeningId": 0, "ParameterID": 18, "Value": 409.548828125}, {"ListeningId": 0, "ParameterID": 19, "Value": 603.531982421875}, {"ListeningId": 0, "ParameterID": 20, "Value": 1570.17041015625}, {"ListeningId": 0, "ParameterID": 21, "Value": 577.1358032226562}, {"ListeningId": 0, "ParameterID": 22, "Value": 409.31561279296875}, {"ListeningId": 0, "ParameterID": 23, "Value": 637.0579223632812}, {"ListeningId": 0, "ParameterID": 24, "Value": 1624.039306640625}, {"ListeningId": 0, "ParameterID": 25, "Value": 150.6142578125}, {"ListeningId": 0, "ParameterID": 26, "Value": 0.0}, {"ListeningId": 0, "ParameterID": 27, "Value": 203.77345275878906}, {"ListeningId": 0, "ParameterID": 28, "Value": 354.4230651855469}, {"ListeningId": 0, "ParameterID": 13, "Value": 0.9717603325843811}, {"ListeningId": 0, "ParameterID": 14, "Value": 1.0}, {"ListeningId": 0, "ParameterID": 15, "Value": 0.9738399386405945}, {"ListeningId": 0, "ParameterID": 16, "Value": 0.9818667769432068}, {"ListeningId": 0, "ParameterID": 10, "Value": 50.01359176635742}, {"ListeningId": 0, "ParameterID": 11, "Value": 50.01359176635742}, {"ListeningId": 0, "ParameterID": 12, "Value": 50.01359176635742}, {"ListeningId": 0, "ParameterID": 32, "Value": 6340.1826171875}]}, {"ListeningId": 0, "MeterId": 6, "Timestamp": 1632424860, "listeningvalues": [{"ListeningId": 0, "ParameterID": 1, "Value": 230.98719787597656}, {"ListeningId": 0, "ParameterID": 2, "Value": 232.64224243164062}, {"ListeningId": 0, "ParameterID": 3, "Value": 230.0888214111328}, {"ListeningId": 0, "ParameterID": 4, "Value": 401.477783203125}, {"ListeningId": 0, "ParameterID": 5, "Value": 400.4160461425781}, {"ListeningId": 0, "ParameterID": 6, "Value": 399.1918640136719}, {"ListeningId": 0, "ParameterID": 7, "Value": 2.6099042892456055}, {"ListeningId": 0, "ParameterID": 8, "Value": 1.9286974668502808}, {"ListeningId": 0, "ParameterID": 9, "Value": 2.6435389518737793}, {"ListeningId": 0, "ParameterID": 17, "Value": 579.9861450195312}, {"ListeningId": 0, "ParameterID": 18, "Value": 444.41424560546875}, {"ListeningId": 0, "ParameterID": 19, "Value": 599.5475463867188}, {"ListeningId": 0, "ParameterID": 20, "Value": 1623.947998046875}, {"ListeningId": 0, "ParameterID": 21, "Value": 602.8544921875}, {"ListeningId": 0, "ParameterID": 22, "Value": 448.6965026855469}, {"ListeningId": 0, "ParameterID": 23, "Value": 608.248779296875}, {"ListeningId": 0, "ParameterID": 24, "Value": 1659.7998046875}, {"ListeningId": 0, "ParameterID": 25, "Value": 164.4676055908203}, {"ListeningId": 0, "ParameterID": 26, "Value": 61.842796325683594}, {"ListeningId": 0, "ParameterID": 27, "Value": 102.51493835449219}, {"ListeningId": 0, "ParameterID": 28, "Value": 328.8253173828125}, {"ListeningId": 0, "ParameterID": 13, "Value": 0.9620665907859802}, {"ListeningId": 0, "ParameterID": 14, "Value": 0.990456223487854}, {"ListeningId": 0, "ParameterID": 15, "Value": 0.9856946468353271}, {"ListeningId": 0, "ParameterID": 16, "Value": 0.9794058203697205}, {"ListeningId": 0, "ParameterID": 10, "Value": 50.013614654541016}, {"ListeningId": 0, "ParameterID": 11, "Value": 50.013614654541016}, {"ListeningId": 0, "ParameterID": 12, "Value": 50.013614654541016}, {"ListeningId": 0, "ParameterID": 32, "Value": 6342.3154296875}]}, {"ListeningId": 0, "MeterId": 7, "Timestamp": 1632424860, "listeningvalues": [{"ListeningId": 0, "ParameterID": 1, "Value": 231.25411987304688}, {"ListeningId": 0, "ParameterID": 2, "Value": 231.1506805419922}, {"ListeningId": 0, "ParameterID": 3, "Value": 230.42367553710938}, {"ListeningId": 0, "ParameterID": 4, "Value": 400.88580322265625}, {"ListeningId": 0, "ParameterID": 5, "Value": 399.6639099121094}, {"ListeningId": 0, "ParameterID": 6, "Value": 399.3260498046875}, {"ListeningId": 0, "ParameterID": 7, "Value": 2.312093496322632}, {"ListeningId": 0, "ParameterID": 8, "Value": 1.7541261911392212}, {"ListeningId": 0, "ParameterID": 9, "Value": 2.706249952316284}, {"ListeningId": 0, "ParameterID": 17, "Value": 511.8671569824219}, {"ListeningId": 0, "ParameterID": 18, "Value": 405.96441650390625}, {"ListeningId": 0, "ParameterID": 19, "Value": 606.5650634765625}, {"ListeningId": 0, "ParameterID": 20, "Value": 1523.747314453125}, {"ListeningId": 0, "ParameterID": 21, "Value": 533.77294921875}, {"ListeningId": 0, "ParameterID": 22, "Value": 405.76641845703125}, {"ListeningId": 0, "ParameterID": 23, "Value": 622.1531982421875}, {"ListeningId": 0, "ParameterID": 24, "Value": 1563.1214599609375}, {"ListeningId": 0, "ParameterID": 25, "Value": 151.27317810058594}, {"ListeningId": 0, "ParameterID": 26, "Value": 0.0}, {"ListeningId": 0, "ParameterID": 27, "Value": 141.25543212890625}, {"ListeningId": 0, "ParameterID": 28, "Value": 292.9105529785156}, {"ListeningId": 0, "ParameterID": 13, "Value": 0.9936680197715759}, {"ListeningId": 0, "ParameterID": 14, "Value": 1.0}, {"ListeningId": 0, "ParameterID": 15, "Value": 0.9782413840293884}, {"ListeningId": 0, "ParameterID": 16, "Value": 0.9906365275382996}, {"ListeningId": 0, "ParameterID": 10, "Value": 50.013614654541016}, {"ListeningId": 0, "ParameterID": 11, "Value": 50.013614654541016}, {"ListeningId": 0, "ParameterID": 12, "Value": 50.013614654541016}, {"ListeningId": 0, "ParameterID": 32, "Value": 6344.6064453125}]}, {"ListeningId": 0, "MeterId": 8, "Timestamp": 1632424860, "listeningvalues": [{"ListeningId": 0, "ParameterID": 1, "Value": 231.39207458496094}, {"ListeningId": 0, "ParameterID": 2, "Value": 231.04788208007812}, {"ListeningId": 0, "ParameterID": 3, "Value": 230.03465270996094}, {"ListeningId": 0, "ParameterID": 4, "Value": 400.25140380859375}, {"ListeningId": 0, "ParameterID": 5, "Value": 400.0400085449219}, {"ListeningId": 0, "ParameterID": 6, "Value": 400.01708984375}, {"ListeningId": 0, "ParameterID": 7, "Value": 2.310605525970459}, {"ListeningId": 0, "ParameterID": 8, "Value": 1.7541570663452148}, {"ListeningId": 0, "ParameterID": 9, "Value": 2.70249080657959}, {"ListeningId": 0, "ParameterID": 17, "Value": 511.99139404296875}, {"ListeningId": 0, "ParameterID": 18, "Value": 405.7390441894531}, {"ListeningId": 0, "ParameterID": 19, "Value": 606.1422119140625}, {"ListeningId": 0, "ParameterID": 20, "Value": 1523.4273681640625}, {"ListeningId": 0, "ParameterID": 21, "Value": 534.5921020507812}, {"ListeningId": 0, "ParameterID": 22, "Value": 405.8733825683594}, {"ListeningId": 0, "ParameterID": 23, "Value": 622.282958984375}, {"ListeningId": 0, "ParameterID": 24, "Value": 1562.60546875}, {"ListeningId": 0, "ParameterID": 25, "Value": 151.430419921875}, {"ListeningId": 0, "ParameterID": 26, "Value": 0.0}, {"ListeningId": 0, "ParameterID": 27, "Value": 141.209228515625}, {"ListeningId": 0, "ParameterID": 28, "Value": 292.45281982421875}, {"ListeningId": 0, "ParameterID": 13, "Value": 0.9936680197715759}, {"ListeningId": 0, "ParameterID": 14, "Value": 1.0}, {"ListeningId": 0, "ParameterID": 15, "Value": 0.9782413840293884}, {"ListeningId": 0, "ParameterID": 16, "Value": 0.9906365275382996}, {"ListeningId": 0, "ParameterID": 10, "Value": 50.013614654541016}, {"ListeningId": 0, "ParameterID": 11, "Value": 50.013614654541016}, {"ListeningId": 0, "ParameterID": 12, "Value": 50.013614654541016}, {"ListeningId": 0, "ParameterID": 32, "Value": 6344.6064453125}]}, {"ListeningId": 0, "MeterId": 9, "Timestamp": 1632424860, "listeningvalues": [{"ListeningId": 0, "ParameterID": 1, "Value": 231.21002197265625}, {"ListeningId": 0, "ParameterID": 2, "Value": 231.9582977294922}, {"ListeningId": 0, "ParameterID": 3, "Value": 230.5751953125}, {"ListeningId": 0, "ParameterID": 4, "Value": 401.1852111816406}, {"ListeningId": 0, "ParameterID": 5, "Value": 400.3796691894531}, {"ListeningId": 0, "ParameterID": 6, "Value": 399.7542419433594}, {"ListeningId": 0, "ParameterID": 7, "Value": 2.471795082092285}, {"ListeningId": 0, "ParameterID": 8, "Value": 1.8749198913574219}, {"ListeningId": 0, "ParameterID": 9, "Value": 2.7236263751983643}, {"ListeningId": 0, "ParameterID": 17, "Value": 556.4837646484375}, {"ListeningId": 0, "ParameterID": 18, "Value": 434.3243408203125}, {"ListeningId": 0, "ParameterID": 19, "Value": 606.6810302734375}, {"ListeningId": 0, "ParameterID": 20, "Value": 1597.203125}, {"ListeningId": 0, "ParameterID": 21, "Value": 571.5234985351562}, {"ListeningId": 0, "ParameterID": 22, "Value": 434.06591796875}, {"ListeningId": 0, "ParameterID": 23, "Value": 628.161376953125}, {"ListeningId": 0, "ParameterID": 24, "Value": 1634.4652099609375}, {"ListeningId": 0, "ParameterID": 25, "Value": 134.6403350830078}, {"ListeningId": 0, "ParameterID": 26, "Value": 0.0}, {"ListeningId": 0, "ParameterID": 27, "Value": 162.59690856933594}, {"ListeningId": 0, "ParameterID": 28, "Value": 297.5105285644531}, {"ListeningId": 0, "ParameterID": 13, "Value": 0.967557430267334}, {"ListeningId": 0, "ParameterID": 14, "Value": 0.9876949787139893}, {"ListeningId": 0, "ParameterID": 15, "Value": 0.9891645908355713}, {"ListeningId": 0, "ParameterID": 16, "Value": 0.9814723134040833}, {"ListeningId": 0, "ParameterID": 10, "Value": 50.013614654541016}, {"ListeningId": 0, "ParameterID": 11, "Value": 50.013614654541016}, {"ListeningId": 0, "ParameterID": 12, "Value": 50.013614654541016}, {"ListeningId": 0, "ParameterID": 32, "Value": 6347.85595703125}]}, {"ListeningId": 0, "MeterId": 10, "Timestamp": 1632424860, "listeningvalues": [{"ListeningId": 0, "ParameterID": 1, "Value": 230.74974060058594}, {"ListeningId": 0, "ParameterID": 2, "Value": 231.7753143310547}, {"ListeningId": 0, "ParameterID": 3, "Value": 230.98866271972656}, {"ListeningId": 0, "ParameterID": 4, "Value": 400.9886169433594}, {"ListeningId": 0, "ParameterID": 5, "Value": 400.65570068359375}, {"ListeningId": 0, "ParameterID": 6, "Value": 399.7682800292969}, {"ListeningId": 0, "ParameterID": 7, "Value": 2.712550401687622}, {"ListeningId": 0, "ParameterID": 8, "Value": 1.7429336309432983}, {"ListeningId": 0, "ParameterID": 9, "Value": 3.027585029602051}, {"ListeningId": 0, "ParameterID": 17, "Value": 600.498046875}, {"ListeningId": 0, "ParameterID": 18, "Value": 404.6348571777344}, {"ListeningId": 0, "ParameterID": 19, "Value": 688.389404296875}, {"ListeningId": 0, "ParameterID": 20, "Value": 1691.9393310546875}, {"ListeningId": 0, "ParameterID": 21, "Value": 626.6304931640625}, {"ListeningId": 0, "ParameterID": 22, "Value": 404.4688415527344}, {"ListeningId": 0, "ParameterID": 23, "Value": 698.8613891601562}, {"ListeningId": 0, "ParameterID": 24, "Value": 1728.1866455078125}, {"ListeningId": 0, "ParameterID": 25, "Value": 179.26327514648438}, {"ListeningId": 0, "ParameterID": 26, "Value": 0.0}, {"ListeningId": 0, "ParameterID": 27, "Value": 117.57230377197266}, {"ListeningId": 0, "ParameterID": 28, "Value": 297.1422424316406}, {"ListeningId": 0, "ParameterID": 13, "Value": 0.9703522324562073}, {"ListeningId": 0, "ParameterID": 14, "Value": 1.0}, {"ListeningId": 0, "ParameterID": 15, "Value": 0.9487945437431335}, {"ListeningId": 0, "ParameterID": 16, "Value": 0.9730489253997803}, {"ListeningId": 0, "ParameterID": 10, "Value": 50.013614654541016}, {"ListeningId": 0, "ParameterID": 11, "Value": 50.013614654541016}, {"ListeningId": 0, "ParameterID": 12, "Value": 50.013614654541016}, {"ListeningId": 0, "ParameterID": 32, "Value": 7926.0166015625}]}, {"ListeningId": 0, "MeterId": 11, "Timestamp": 1632424860, "listeningvalues": [{"ListeningId": 0, "ParameterID": 1, "Value": 231.42398071289062}, {"ListeningId": 0, "ParameterID": 2, "Value": 231.27806091308594}, {"ListeningId": 0, "ParameterID": 3, "Value": 230.37600708007812}, {"ListeningId": 0, "ParameterID": 4, "Value": 400.53802490234375}, {"ListeningId": 0, "ParameterID": 5, "Value": 399.4696044921875}, {"ListeningId": 0, "ParameterID": 6, "Value": 399.7673034667969}, {"ListeningId": 0, "ParameterID": 7, "Value": 2.4580390453338623}, {"ListeningId": 0, "ParameterID": 8, "Value": 1.9732767343521118}, {"ListeningId": 0, "ParameterID": 9, "Value": 2.647132635116577}, {"ListeningId": 0, "ParameterID": 17, "Value": 556.9483642578125}, {"ListeningId": 0, "ParameterID": 18, "Value": 450.43707275390625}, {"ListeningId": 0, "ParameterID": 19, "Value": 601.3841552734375}, {"ListeningId": 0, "ParameterID": 20, "Value": 1608.76953125}, {"ListeningId": 0, "ParameterID": 21, "Value": 568.8491821289062}, {"ListeningId": 0, "ParameterID": 22, "Value": 456.3756103515625}, {"ListeningId": 0, "ParameterID": 23, "Value": 609.8358764648438}, {"ListeningId": 0, "ParameterID": 24, "Value": 1635.060791015625}, {"ListeningId": 0, "ParameterID": 25, "Value": 115.74945831298828}, {"ListeningId": 0, "ParameterID": 26, "Value": 73.38351440429688}, {"ListeningId": 0, "ParameterID": 27, "Value": 101.17744445800781}, {"ListeningId": 0, "ParameterID": 28, "Value": 290.3104248046875}, {"ListeningId": 0, "ParameterID": 13, "Value": 0.9790791869163513}, {"ListeningId": 0, "ParameterID": 14, "Value": 0.9869875907897949}, {"ListeningId": 0, "ParameterID": 15, "Value": 0.9861409664154053}, {"ListeningId": 0, "ParameterID": 16, "Value": 0.984069287776947}, {"ListeningId": 0, "ParameterID": 10, "Value": 50.140438079833984}, {"ListeningId": 0, "ParameterID": 11, "Value": 50.140438079833984}, {"ListeningId": 0, "ParameterID": 12, "Value": 50.140438079833984}, {"ListeningId": 0, "ParameterID": 32, "Value": 6337.84033203125}]}, {"ListeningId": 0, "MeterId": 12, "Timestamp": 1632424860, "listeningvalues": [{"ListeningId": 0, "ParameterID": 1, "Value": 230.493896484375}, {"ListeningId": 0, "ParameterID": 2, "Value": 232.4144287109375}, {"ListeningId": 0, "ParameterID": 3, "Value": 229.96697998046875}, {"ListeningId": 0, "ParameterID": 4, "Value": 400.6032409667969}, {"ListeningId": 0, "ParameterID": 5, "Value": 400.39947509765625}, {"ListeningId": 0, "ParameterID": 6, "Value": 398.7501220703125}, {"ListeningId": 0, "ParameterID": 7, "Value": 2.264599084854126}, {"ListeningId": 0, "ParameterID": 8, "Value": 2.1842002868652344}, {"ListeningId": 0, "ParameterID": 9, "Value": 3.0770368576049805}, {"ListeningId": 0, "ParameterID": 17, "Value": 505.2154235839844}, {"ListeningId": 0, "ParameterID": 18, "Value": 506.74847412109375}, {"ListeningId": 0, "ParameterID": 19, "Value": 696.8389892578125}, {"ListeningId": 0, "ParameterID": 20, "Value": 1707.8984375}, {"ListeningId": 0, "ParameterID": 21, "Value": 521.5269165039062}, {"ListeningId": 0, "ParameterID": 22, "Value": 506.8116455078125}, {"ListeningId": 0, "ParameterID": 23, "Value": 708.098388671875}, {"ListeningId": 0, "ParameterID": 24, "Value": 1735.7015380859375}, {"ListeningId": 0, "ParameterID": 25, "Value": 131.60157775878906}, {"ListeningId": 0, "ParameterID": 26, "Value": 0.0}, {"ListeningId": 0, "ParameterID": 27, "Value": 121.62495422363281}, {"ListeningId": 0, "ParameterID": 28, "Value": 253.0319366455078}, {"ListeningId": 0, "ParameterID": 13, "Value": 0.9626574516296387}, {"ListeningId": 0, "ParameterID": 14, "Value": 1.0}, {"ListeningId": 0, "ParameterID": 15, "Value": 0.9788647294044495}, {"ListeningId": 0, "ParameterID": 16, "Value": 0.9805073738098145}, {"ListeningId": 0, "ParameterID": 10, "Value": 50.140438079833984}, {"ListeningId": 0, "ParameterID": 11, "Value": 50.140438079833984}, {"ListeningId": 0, "ParameterID": 12, "Value": 50.140438079833984}, {"ListeningId": 0, "ParameterID": 32, "Value": 6338.31201171875}]}]