[{"ListeningId": 0, "MeterId": 1, "Timestamp": 1632590100, "listeningvalues": [{"ListeningId": 0, "ParameterID": 1, "Value": 0.0}, {"ListeningId": 0, "ParameterID": 2, "Value": 0.0}, {"ListeningId": 0, "ParameterID": 3, "Value": 0.0}, {"ListeningId": 0, "ParameterID": 4, "Value": 0.0}, {"ListeningId": 0, "ParameterID": 5, "Value": 0.0}, {"ListeningId": 0, "ParameterID": 6, "Value": 0.0}, {"ListeningId": 0, "ParameterID": 7, "Value": 0.0}, {"ListeningId": 0, "ParameterID": 8, "Value": 0.0}, {"ListeningId": 0, "ParameterID": 9, "Value": 0.0}, {"ListeningId": 0, "ParameterID": 17, "Value": 0.0}, {"ListeningId": 0, "ParameterID": 18, "Value": 0.0}, {"ListeningId": 0, "ParameterID": 19, "Value": 0.0}, {"ListeningId": 0, "ParameterID": 20, "Value": 0.0}, {"ListeningId": 0, "ParameterID": 25, "Value": 0.0}, {"ListeningId": 0, "ParameterID": 26, "Value": 0.0}, {"ListeningId": 0, "ParameterID": 27, "Value": 0.0}, {"ListeningId": 0, "ParameterID": 28, "Value": 0.0}, {"ListeningId": 0, "ParameterID": 21, "Value": 0.0}, {"ListeningId": 0, "ParameterID": 23, "Value": 0.0}, {"ListeningId": 0, "ParameterID": 24, "Value": 0.0}, {"ListeningId": 0, "ParameterID": 13, "Value": 0.0}, {"ListeningId": 0, "ParameterID": 14, "Value": 0.0}, {"ListeningId": 0, "ParameterID": 15, "Value": 0.0}, {"ListeningId": 0, "ParameterID": 16, "Value": 0.0}, {"ListeningId": 0, "ParameterID": 10, "Value": 0.0}, {"ListeningId": 0, "ParameterID": 32, "Value": 0.009999999776482582}, {"ListeningId": 0, "ParameterID": 40, "Value": 0.004999999888241291}]}, {"ListeningId": 0, "MeterId": 2, "Timestamp": 1632590100, "listeningvalues": [{"ListeningId": 0, "ParameterID": 1, "Value": 0.0}, {"ListeningId": 0, "ParameterID": 2, "Value": 0.0}, {"ListeningId": 0, "ParameterID": 3, "Value": 0.0}, {"ListeningId": 0, "ParameterID": 4, "Value": 0.0}, {"ListeningId": 0, "ParameterID": 5, "Value": 0.0}, {"ListeningId": 0, "ParameterID": 6, "Value": 0.0}, {"ListeningId": 0, "ParameterID": 7, "Value": 0.0}, {"ListeningId": 0, "ParameterID": 8, "Value": 0.0}, {"ListeningId": 0, "ParameterID": 9, "Value": 0.0}, {"ListeningId": 0, "ParameterID": 17, "Value": 0.0}, {"ListeningId": 0, "ParameterID": 18, "Value": 0.0}, {"ListeningId": 0, "ParameterID": 19, "Value": 0.0}, {"ListeningId": 0, "ParameterID": 20, "Value": 0.0}, {"ListeningId": 0, "ParameterID": 25, "Value": 0.0}, {"ListeningId": 0, "ParameterID": 26, "Value": 0.0}, {"ListeningId": 0, "ParameterID": 27, "Value": 0.0}, {"ListeningId": 0, "ParameterID": 28, "Value": 0.0}, {"ListeningId": 0, "ParameterID": 21, "Value": 0.0}, {"ListeningId": 0, "ParameterID": 23, "Value": 0.0}, {"ListeningId": 0, "ParameterID": 24, "Value": 0.0}, {"ListeningId": 0, "ParameterID": 13, "Value": 0.0}, {"ListeningId": 0, "ParameterID": 14, "Value": 0.0}, {"ListeningId": 0, "ParameterID": 15, "Value": 0.0}, {"ListeningId": 0, "ParameterID": 16, "Value": 0.0}, {"ListeningId": 0, "ParameterID": 10, "Value": 0.0}, {"ListeningId": 0, "ParameterID": 32, "Value": 0.009999999776482582}, {"ListeningId": 0, "ParameterID": 40, "Value": 0.004999999888241291}]}, {"ListeningId": 0, "MeterId": 3, "Timestamp": 1632590100, "listeningvalues": [{"ListeningId": 0, "ParameterID": 1, "Value": 0.0}, {"ListeningId": 0, "ParameterID": 2, "Value": 0.0}, {"ListeningId": 0, "ParameterID": 3, "Value": 0.0}, {"ListeningId": 0, "ParameterID": 4, "Value": 0.0}, {"ListeningId": 0, "ParameterID": 5, "Value": 0.0}, {"ListeningId": 0, "ParameterID": 6, "Value": 0.0}, {"ListeningId": 0, "ParameterID": 7, "Value": 0.0}, {"ListeningId": 0, "ParameterID": 8, "Value": 0.0}, {"ListeningId": 0, "ParameterID": 9, "Value": 0.0}, {"ListeningId": 0, "ParameterID": 17, "Value": 0.0}, {"ListeningId": 0, "ParameterID": 18, "Value": 0.0}, {"ListeningId": 0, "ParameterID": 19, "Value": 0.0}, {"ListeningId": 0, "ParameterID": 20, "Value": 0.0}, {"ListeningId": 0, "ParameterID": 25, "Value": 0.0}, {"ListeningId": 0, "ParameterID": 26, "Value": 0.0}, {"ListeningId": 0, "ParameterID": 27, "Value": 0.0}, {"ListeningId": 0, "ParameterID": 28, "Value": 0.0}, {"ListeningId": 0, "ParameterID": 21, "Value": 0.0}, {"ListeningId": 0, "ParameterID": 23, "Value": 0.0}, {"ListeningId": 0, "ParameterID": 24, "Value": 0.0}, {"ListeningId": 0, "ParameterID": 13, "Value": 0.0}, {"ListeningId": 0, "ParameterID": 14, "Value": 0.0}, {"ListeningId": 0, "ParameterID": 15, "Value": 0.0}, {"ListeningId": 0, "ParameterID": 16, "Value": 0.0}, {"ListeningId": 0, "ParameterID": 10, "Value": 0.0}, {"ListeningId": 0, "ParameterID": 32, "Value": 0.009999999776482582}, {"ListeningId": 0, "ParameterID": 40, "Value": 0.004999999888241291}]}]