[{"ListeningId": 0, "MeterId": 1, "Timestamp": 1632425460, "listeningvalues": [{"ListeningId": 0, "ParameterID": 1, "Value": 230.61459350585938}, {"ListeningId": 0, "ParameterID": 2, "Value": 232.51748657226562}, {"ListeningId": 0, "ParameterID": 3, "Value": 230.21226501464844}, {"ListeningId": 0, "ParameterID": 4, "Value": 401.4437561035156}, {"ListeningId": 0, "ParameterID": 5, "Value": 400.98211669921875}, {"ListeningId": 0, "ParameterID": 6, "Value": 399.44140625}, {"ListeningId": 0, "ParameterID": 7, "Value": 2.7220048904418945}, {"ListeningId": 0, "ParameterID": 8, "Value": 2.034175395965576}, {"ListeningId": 0, "ParameterID": 9, "Value": 2.7928104400634766}, {"ListeningId": 0, "ParameterID": 17, "Value": 622.5401000976562}, {"ListeningId": 0, "ParameterID": 18, "Value": 472.9813537597656}, {"ListeningId": 0, "ParameterID": 19, "Value": 620.2703247070312}, {"ListeningId": 0, "ParameterID": 20, "Value": 1715.791748046875}, {"ListeningId": 0, "ParameterID": 21, "Value": 627.7340698242188}, {"ListeningId": 0, "ParameterID": 22, "Value": 472.9813537597656}, {"ListeningId": 0, "ParameterID": 23, "Value": 642.939208984375}, {"ListeningId": 0, "ParameterID": 24, "Value": 1743.6546630859375}, {"ListeningId": 0, "ParameterID": 25, "Value": 80.58457946777344}, {"ListeningId": 0, "ParameterID": 26, "Value": 0.0}, {"ListeningId": 0, "ParameterID": 27, "Value": 169.22036743164062}, {"ListeningId": 0, "ParameterID": 28, "Value": 249.80494689941406}, {"ListeningId": 0, "ParameterID": 13, "Value": 0.9937498569488525}, {"ListeningId": 0, "ParameterID": 14, "Value": 1.0}, {"ListeningId": 0, "ParameterID": 15, "Value": 0.9694445729255676}, {"ListeningId": 0, "ParameterID": 16, "Value": 0.9877314567565918}, {"ListeningId": 0, "ParameterID": 10, "Value": 50.08311080932617}, {"ListeningId": 0, "ParameterID": 11, "Value": 50.08311080932617}, {"ListeningId": 0, "ParameterID": 12, "Value": 50.08311080932617}, {"ListeningId": 0, "ParameterID": 32, "Value": 6610.6640625}]}, {"ListeningId": 0, "MeterId": 2, "Timestamp": 1632425460, "listeningvalues": [{"ListeningId": 0, "ParameterID": 1, "Value": 231.0435333251953}, {"ListeningId": 0, "ParameterID": 2, "Value": 231.4956512451172}, {"ListeningId": 0, "ParameterID": 3, "Value": 230.20750427246094}, {"ListeningId": 0, "ParameterID": 4, "Value": 400.69537353515625}, {"ListeningId": 0, "ParameterID": 5, "Value": 400.1152648925781}, {"ListeningId": 0, "ParameterID": 6, "Value": 399.643798828125}, {"ListeningId": 0, "ParameterID": 7, "Value": 2.2416276931762695}, {"ListeningId": 0, "ParameterID": 8, "Value": 1.9445403814315796}, {"ListeningId": 0, "ParameterID": 9, "Value": 3.117366075515747}, {"ListeningId": 0, "ParameterID": 17, "Value": 511.26971435546875}, {"ListeningId": 0, "ParameterID": 18, "Value": 445.50372314453125}, {"ListeningId": 0, "ParameterID": 19, "Value": 699.59765625}, {"ListeningId": 0, "ParameterID": 20, "Value": 1655.5360107421875}, {"ListeningId": 0, "ParameterID": 21, "Value": 518.3334350585938}, {"ListeningId": 0, "ParameterID": 22, "Value": 450.5279846191406}, {"ListeningId": 0, "ParameterID": 23, "Value": 718.5339965820312}, {"ListeningId": 0, "ParameterID": 24, "Value": 1685.8314208984375}, {"ListeningId": 0, "ParameterID": 25, "Value": 84.42755126953125}, {"ListeningId": 0, "ParameterID": 26, "Value": 67.03485870361328}, {"ListeningId": 0, "ParameterID": 27, "Value": 161.2868194580078}, {"ListeningId": 0, "ParameterID": 28, "Value": 312.49139404296875}, {"ListeningId": 0, "ParameterID": 13, "Value": 0.960482120513916}, {"ListeningId": 0, "ParameterID": 14, "Value": 1.0}, {"ListeningId": 0, "ParameterID": 15, "Value": 0.9599984884262085}, {"ListeningId": 0, "ParameterID": 16, "Value": 0.9734935760498047}, {"ListeningId": 0, "ParameterID": 10, "Value": 50.08311080932617}, {"ListeningId": 0, "ParameterID": 11, "Value": 50.08311080932617}, {"ListeningId": 0, "ParameterID": 12, "Value": 50.08311080932617}, {"ListeningId": 0, "ParameterID": 32, "Value": 6616.57275390625}]}, {"ListeningId": 0, "MeterId": 3, "Timestamp": 1632425460, "listeningvalues": [{"ListeningId": 0, "ParameterID": 1, "Value": 230.95716857910156}, {"ListeningId": 0, "ParameterID": 2, "Value": 232.45068359375}, {"ListeningId": 0, "ParameterID": 3, "Value": 230.53457641601562}, {"ListeningId": 0, "ParameterID": 4, "Value": 401.204345703125}, {"ListeningId": 0, "ParameterID": 5, "Value": 401.021240234375}, {"ListeningId": 0, "ParameterID": 6, "Value": 399.43988037109375}, {"ListeningId": 0, "ParameterID": 7, "Value": 2.2896029949188232}, {"ListeningId": 0, "ParameterID": 8, "Value": 1.7876346111297607}, {"ListeningId": 0, "ParameterID": 9, "Value": 2.796332597732544}, {"ListeningId": 0, "ParameterID": 17, "Value": 522.5003051757812}, {"ListeningId": 0, "ParameterID": 18, "Value": 411.3999938964844}, {"ListeningId": 0, "ParameterID": 19, "Value": 623.6400146484375}, {"ListeningId": 0, "ParameterID": 20, "Value": 1556.716796875}, {"ListeningId": 0, "ParameterID": 21, "Value": 528.6382446289062}, {"ListeningId": 0, "ParameterID": 22, "Value": 415.70086669921875}, {"ListeningId": 0, "ParameterID": 23, "Value": 643.5279541015625}, {"ListeningId": 0, "ParameterID": 24, "Value": 1587.1673583984375}, {"ListeningId": 0, "ParameterID": 25, "Value": 79.43283081054688}, {"ListeningId": 0, "ParameterID": 26, "Value": 54.29941177368164}, {"ListeningId": 0, "ParameterID": 27, "Value": 161.649169921875}, {"ListeningId": 0, "ParameterID": 28, "Value": 295.4894104003906}, {"ListeningId": 0, "ParameterID": 13, "Value": 0.9694849252700806}, {"ListeningId": 0, "ParameterID": 14, "Value": 1.0}, {"ListeningId": 0, "ParameterID": 15, "Value": 0.9788662791252136}, {"ListeningId": 0, "ParameterID": 16, "Value": 0.9827837347984314}, {"ListeningId": 0, "ParameterID": 10, "Value": 50.08311080932617}, {"ListeningId": 0, "ParameterID": 11, "Value": 50.08311080932617}, {"ListeningId": 0, "ParameterID": 12, "Value": 50.08311080932617}, {"ListeningId": 0, "ParameterID": 32, "Value": 6618.01513671875}]}, {"ListeningId": 0, "MeterId": 4, "Timestamp": 1632425460, "listeningvalues": [{"ListeningId": 0, "ParameterID": 1, "Value": 231.67031860351562}, {"ListeningId": 0, "ParameterID": 2, "Value": 231.51734924316406}, {"ListeningId": 0, "ParameterID": 3, "Value": 229.93548583984375}, {"ListeningId": 0, "ParameterID": 4, "Value": 400.68536376953125}, {"ListeningId": 0, "ParameterID": 5, "Value": 399.8076477050781}, {"ListeningId": 0, "ParameterID": 6, "Value": 399.2093505859375}, {"ListeningId": 0, "ParameterID": 7, "Value": 2.46285343170166}, {"ListeningId": 0, "ParameterID": 8, "Value": 2.2190494537353516}, {"ListeningId": 0, "ParameterID": 9, "Value": 3.128131628036499}, {"ListeningId": 0, "ParameterID": 17, "Value": 552.4454956054688}, {"ListeningId": 0, "ParameterID": 18, "Value": 513.40380859375}, {"ListeningId": 0, "ParameterID": 19, "Value": 708.5460815429688}, {"ListeningId": 0, "ParameterID": 20, "Value": 1775.0372314453125}, {"ListeningId": 0, "ParameterID": 21, "Value": 570.4688720703125}, {"ListeningId": 0, "ParameterID": 22, "Value": 513.570556640625}, {"ListeningId": 0, "ParameterID": 23, "Value": 719.300537109375}, {"ListeningId": 0, "ParameterID": 24, "Value": 1803.770263671875}, {"ListeningId": 0, "ParameterID": 25, "Value": 144.5957489013672}, {"ListeningId": 0, "ParameterID": 26, "Value": 0.0}, {"ListeningId": 0, "ParameterID": 27, "Value": 122.40841674804688}, {"ListeningId": 0, "ParameterID": 28, "Value": 267.2423400878906}, {"ListeningId": 0, "ParameterID": 13, "Value": 0.9654778838157654}, {"ListeningId": 0, "ParameterID": 14, "Value": 1.0}, {"ListeningId": 0, "ParameterID": 15, "Value": 0.9551407694816589}, {"ListeningId": 0, "ParameterID": 16, "Value": 0.9735395908355713}, {"ListeningId": 0, "ParameterID": 10, "Value": 50.08311080932617}, {"ListeningId": 0, "ParameterID": 11, "Value": 50.08311080932617}, {"ListeningId": 0, "ParameterID": 12, "Value": 50.08311080932617}, {"ListeningId": 0, "ParameterID": 32, "Value": 6617.08251953125}]}, {"ListeningId": 0, "MeterId": 5, "Timestamp": 1632425460, "listeningvalues": [{"ListeningId": 0, "ParameterID": 1, "Value": 230.8167724609375}, {"ListeningId": 0, "ParameterID": 2, "Value": 232.5111846923828}, {"ListeningId": 0, "ParameterID": 3, "Value": 229.84259033203125}, {"ListeningId": 0, "ParameterID": 4, "Value": 401.1176452636719}, {"ListeningId": 0, "ParameterID": 5, "Value": 400.5306396484375}, {"ListeningId": 0, "ParameterID": 6, "Value": 399.0599060058594}, {"ListeningId": 0, "ParameterID": 7, "Value": 2.7105071544647217}, {"ListeningId": 0, "ParameterID": 8, "Value": 2.1989195346832275}, {"ListeningId": 0, "ParameterID": 9, "Value": 2.808229684829712}, {"ListeningId": 0, "ParameterID": 17, "Value": 618.1773071289062}, {"ListeningId": 0, "ParameterID": 18, "Value": 507.1512756347656}, {"ListeningId": 0, "ParameterID": 19, "Value": 620.505859375}, {"ListeningId": 0, "ParameterID": 20, "Value": 1745.83447265625}, {"ListeningId": 0, "ParameterID": 21, "Value": 625.6304931640625}, {"ListeningId": 0, "ParameterID": 22, "Value": 511.27337646484375}, {"ListeningId": 0, "ParameterID": 23, "Value": 645.4508056640625}, {"ListeningId": 0, "ParameterID": 24, "Value": 1782.3546142578125}, {"ListeningId": 0, "ParameterID": 25, "Value": 96.28246307373047}, {"ListeningId": 0, "ParameterID": 26, "Value": 64.7923355102539}, {"ListeningId": 0, "ParameterID": 27, "Value": 177.70542907714844}, {"ListeningId": 0, "ParameterID": 28, "Value": 338.78021240234375}, {"ListeningId": 0, "ParameterID": 13, "Value": 0.9880868792533875}, {"ListeningId": 0, "ParameterID": 14, "Value": 0.9919375777244568}, {"ListeningId": 0, "ParameterID": 15, "Value": 0.9613527059555054}, {"ListeningId": 0, "ParameterID": 16, "Value": 0.9804590344429016}, {"ListeningId": 0, "ParameterID": 10, "Value": 50.124271392822266}, {"ListeningId": 0, "ParameterID": 11, "Value": 50.124271392822266}, {"ListeningId": 0, "ParameterID": 12, "Value": 50.124271392822266}, {"ListeningId": 0, "ParameterID": 32, "Value": 6615.1796875}]}, {"ListeningId": 0, "MeterId": 6, "Timestamp": 1632425460, "listeningvalues": [{"ListeningId": 0, "ParameterID": 1, "Value": 231.70582580566406}, {"ListeningId": 0, "ParameterID": 2, "Value": 231.40602111816406}, {"ListeningId": 0, "ParameterID": 3, "Value": 230.52403259277344}, {"ListeningId": 0, "ParameterID": 4, "Value": 400.87646484375}, {"ListeningId": 0, "ParameterID": 5, "Value": 399.8299865722656}, {"ListeningId": 0, "ParameterID": 6, "Value": 400.3498229980469}, {"ListeningId": 0, "ParameterID": 7, "Value": 2.385812282562256}, {"ListeningId": 0, "ParameterID": 8, "Value": 2.1970319747924805}, {"ListeningId": 0, "ParameterID": 9, "Value": 2.822652578353882}, {"ListeningId": 0, "ParameterID": 17, "Value": 549.6851806640625}, {"ListeningId": 0, "ParameterID": 18, "Value": 507.5086975097656}, {"ListeningId": 0, "ParameterID": 19, "Value": 621.2444458007812}, {"ListeningId": 0, "ParameterID": 20, "Value": 1679.8006591796875}, {"ListeningId": 0, "ParameterID": 21, "Value": 552.9766845703125}, {"ListeningId": 0, "ParameterID": 22, "Value": 507.9772644042969}, {"ListeningId": 0, "ParameterID": 23, "Value": 650.595703125}, {"ListeningId": 0, "ParameterID": 24, "Value": 1712.24658203125}, {"ListeningId": 0, "ParameterID": 25, "Value": 59.136470794677734}, {"ListeningId": 0, "ParameterID": 26, "Value": 0.0}, {"ListeningId": 0, "ParameterID": 27, "Value": 190.2332000732422}, {"ListeningId": 0, "ParameterID": 28, "Value": 249.35655212402344}, {"ListeningId": 0, "ParameterID": 13, "Value": 0.9829500913619995}, {"ListeningId": 0, "ParameterID": 14, "Value": 1.0}, {"ListeningId": 0, "ParameterID": 15, "Value": 0.949658215045929}, {"ListeningId": 0, "ParameterID": 16, "Value": 0.977536141872406}, {"ListeningId": 0, "ParameterID": 10, "Value": 50.124271392822266}, {"ListeningId": 0, "ParameterID": 11, "Value": 50.124271392822266}, {"ListeningId": 0, "ParameterID": 12, "Value": 50.124271392822266}, {"ListeningId": 0, "ParameterID": 32, "Value": 6616.03173828125}]}, {"ListeningId": 0, "MeterId": 7, "Timestamp": 1632425460, "listeningvalues": [{"ListeningId": 0, "ParameterID": 1, "Value": 231.54006958007812}, {"ListeningId": 0, "ParameterID": 2, "Value": 231.3002166748047}, {"ListeningId": 0, "ParameterID": 3, "Value": 230.5032958984375}, {"ListeningId": 0, "ParameterID": 4, "Value": 401.0938415527344}, {"ListeningId": 0, "ParameterID": 5, "Value": 400.0645446777344}, {"ListeningId": 0, "ParameterID": 6, "Value": 400.18109130859375}, {"ListeningId": 0, "ParameterID": 7, "Value": 2.516545295715332}, {"ListeningId": 0, "ParameterID": 8, "Value": 2.1815500259399414}, {"ListeningId": 0, "ParameterID": 9, "Value": 2.911176919937134}, {"ListeningId": 0, "ParameterID": 17, "Value": 580.2815551757812}, {"ListeningId": 0, "ParameterID": 18, "Value": 504.9740295410156}, {"ListeningId": 0, "ParameterID": 19, "Value": 635.2205810546875}, {"ListeningId": 0, "ParameterID": 20, "Value": 1719.3258056640625}, {"ListeningId": 0, "ParameterID": 21, "Value": 582.7821655273438}, {"ListeningId": 0, "ParameterID": 22, "Value": 505.3243713378906}, {"ListeningId": 0, "ParameterID": 23, "Value": 671.403076171875}, {"ListeningId": 0, "ParameterID": 24, "Value": 1758.0643310546875}, {"ListeningId": 0, "ParameterID": 25, "Value": 47.85029602050781}, {"ListeningId": 0, "ParameterID": 26, "Value": 0.0}, {"ListeningId": 0, "ParameterID": 27, "Value": 219.8095703125}, {"ListeningId": 0, "ParameterID": 28, "Value": 267.6014099121094}, {"ListeningId": 0, "ParameterID": 13, "Value": 0.9645116925239563}, {"ListeningId": 0, "ParameterID": 14, "Value": 1.0}, {"ListeningId": 0, "ParameterID": 15, "Value": 0.9646570682525635}, {"ListeningId": 0, "ParameterID": 16, "Value": 0.9763895869255066}, {"ListeningId": 0, "ParameterID": 10, "Value": 50.124271392822266}, {"ListeningId": 0, "ParameterID": 11, "Value": 50.124271392822266}, {"ListeningId": 0, "ParameterID": 12, "Value": 50.124271392822266}, {"ListeningId": 0, "ParameterID": 32, "Value": 6619.046875}]}, {"ListeningId": 0, "MeterId": 8, "Timestamp": 1632425460, "listeningvalues": [{"ListeningId": 0, "ParameterID": 1, "Value": 231.48582458496094}, {"ListeningId": 0, "ParameterID": 2, "Value": 231.36358642578125}, {"ListeningId": 0, "ParameterID": 3, "Value": 230.6995849609375}, {"ListeningId": 0, "ParameterID": 4, "Value": 401.3279724121094}, {"ListeningId": 0, "ParameterID": 5, "Value": 400.6434631347656}, {"ListeningId": 0, "ParameterID": 6, "Value": 400.2069396972656}, {"ListeningId": 0, "ParameterID": 7, "Value": 2.511943817138672}, {"ListeningId": 0, "ParameterID": 8, "Value": 2.181527614593506}, {"ListeningId": 0, "ParameterID": 9, "Value": 2.910670042037964}, {"ListeningId": 0, "ParameterID": 17, "Value": 580.322265625}, {"ListeningId": 0, "ParameterID": 18, "Value": 505.43206787109375}, {"ListeningId": 0, "ParameterID": 19, "Value": 635.1915893554688}, {"ListeningId": 0, "ParameterID": 20, "Value": 1721.205078125}, {"ListeningId": 0, "ParameterID": 21, "Value": 582.041259765625}, {"ListeningId": 0, "ParameterID": 22, "Value": 504.69281005859375}, {"ListeningId": 0, "ParameterID": 23, "Value": 671.681884765625}, {"ListeningId": 0, "ParameterID": 24, "Value": 1758.8260498046875}, {"ListeningId": 0, "ParameterID": 25, "Value": 47.82523727416992}, {"ListeningId": 0, "ParameterID": 26, "Value": 0.0}, {"ListeningId": 0, "ParameterID": 27, "Value": 219.8776092529297}, {"ListeningId": 0, "ParameterID": 28, "Value": 267.61083984375}, {"ListeningId": 0, "ParameterID": 13, "Value": 0.9645116925239563}, {"ListeningId": 0, "ParameterID": 14, "Value": 1.0}, {"ListeningId": 0, "ParameterID": 15, "Value": 0.9646570682525635}, {"ListeningId": 0, "ParameterID": 16, "Value": 0.9763895869255066}, {"ListeningId": 0, "ParameterID": 10, "Value": 50.124271392822266}, {"ListeningId": 0, "ParameterID": 11, "Value": 50.124271392822266}, {"ListeningId": 0, "ParameterID": 12, "Value": 50.124271392822266}, {"ListeningId": 0, "ParameterID": 32, "Value": 6619.046875}]}, {"ListeningId": 0, "MeterId": 9, "Timestamp": 1632425460, "listeningvalues": [{"ListeningId": 0, "ParameterID": 1, "Value": 231.60467529296875}, {"ListeningId": 0, "ParameterID": 2, "Value": 231.83023071289062}, {"ListeningId": 0, "ParameterID": 3, "Value": 230.25660705566406}, {"ListeningId": 0, "ParameterID": 4, "Value": 401.4183654785156}, {"ListeningId": 0, "ParameterID": 5, "Value": 400.8465576171875}, {"ListeningId": 0, "ParameterID": 6, "Value": 400.17474365234375}, {"ListeningId": 0, "ParameterID": 7, "Value": 2.6992087364196777}, {"ListeningId": 0, "ParameterID": 8, "Value": 2.0508196353912354}, {"ListeningId": 0, "ParameterID": 9, "Value": 2.940406560897827}, {"ListeningId": 0, "ParameterID": 17, "Value": 603.2940673828125}, {"ListeningId": 0, "ParameterID": 18, "Value": 474.0928039550781}, {"ListeningId": 0, "ParameterID": 19, "Value": 666.7501831054688}, {"ListeningId": 0, "ParameterID": 20, "Value": 1743.89208984375}, {"ListeningId": 0, "ParameterID": 21, "Value": 625.5695190429688}, {"ListeningId": 0, "ParameterID": 22, "Value": 475.7420654296875}, {"ListeningId": 0, "ParameterID": 23, "Value": 677.650146484375}, {"ListeningId": 0, "ParameterID": 24, "Value": 1780.076416015625}, {"ListeningId": 0, "ParameterID": 25, "Value": 162.47254943847656}, {"ListeningId": 0, "ParameterID": 26, "Value": 42.11050033569336}, {"ListeningId": 0, "ParameterID": 27, "Value": 122.26178741455078}, {"ListeningId": 0, "ParameterID": 28, "Value": 326.79583740234375}, {"ListeningId": 0, "ParameterID": 13, "Value": 0.9947715997695923}, {"ListeningId": 0, "ParameterID": 14, "Value": 1.0}, {"ListeningId": 0, "ParameterID": 15, "Value": 0.9694064259529114}, {"ListeningId": 0, "ParameterID": 16, "Value": 0.9880593419075012}, {"ListeningId": 0, "ParameterID": 10, "Value": 50.124271392822266}, {"ListeningId": 0, "ParameterID": 11, "Value": 50.124271392822266}, {"ListeningId": 0, "ParameterID": 12, "Value": 50.124271392822266}, {"ListeningId": 0, "ParameterID": 32, "Value": 6621.8056640625}]}, {"ListeningId": 0, "MeterId": 10, "Timestamp": 1632425460, "listeningvalues": [{"ListeningId": 0, "ParameterID": 1, "Value": 231.67872619628906}, {"ListeningId": 0, "ParameterID": 2, "Value": 232.3031463623047}, {"ListeningId": 0, "ParameterID": 3, "Value": 230.71022033691406}, {"ListeningId": 0, "ParameterID": 4, "Value": 402.21099853515625}, {"ListeningId": 0, "ParameterID": 5, "Value": 401.1022033691406}, {"ListeningId": 0, "ParameterID": 6, "Value": 400.0505065917969}, {"ListeningId": 0, "ParameterID": 7, "Value": 2.5905025005340576}, {"ListeningId": 0, "ParameterID": 8, "Value": 1.9037718772888184}, {"ListeningId": 0, "ParameterID": 9, "Value": 2.719658613204956}, {"ListeningId": 0, "ParameterID": 17, "Value": 596.5084228515625}, {"ListeningId": 0, "ParameterID": 18, "Value": 438.2098693847656}, {"ListeningId": 0, "ParameterID": 19, "Value": 602.7221069335938}, {"ListeningId": 0, "ParameterID": 20, "Value": 1637.4404296875}, {"ListeningId": 0, "ParameterID": 21, "Value": 600.164306640625}, {"ListeningId": 0, "ParameterID": 22, "Value": 442.252197265625}, {"ListeningId": 0, "ParameterID": 23, "Value": 627.4530639648438}, {"ListeningId": 0, "ParameterID": 24, "Value": 1669.86962890625}, {"ListeningId": 0, "ParameterID": 25, "Value": 66.14283752441406}, {"ListeningId": 0, "ParameterID": 26, "Value": 59.65827178955078}, {"ListeningId": 0, "ParameterID": 27, "Value": 174.42306518554688}, {"ListeningId": 0, "ParameterID": 28, "Value": 300.22418212890625}, {"ListeningId": 0, "ParameterID": 13, "Value": 0.9939085245132446}, {"ListeningId": 0, "ParameterID": 14, "Value": 0.9908596873283386}, {"ListeningId": 0, "ParameterID": 15, "Value": 0.9605851769447327}, {"ListeningId": 0, "ParameterID": 16, "Value": 0.9817844033241272}, {"ListeningId": 0, "ParameterID": 10, "Value": 50.080970764160156}, {"ListeningId": 0, "ParameterID": 11, "Value": 50.080970764160156}, {"ListeningId": 0, "ParameterID": 12, "Value": 50.080970764160156}, {"ListeningId": 0, "ParameterID": 32, "Value": 8200.4765625}]}, {"ListeningId": 0, "MeterId": 11, "Timestamp": 1632425460, "listeningvalues": [{"ListeningId": 0, "ParameterID": 1, "Value": 231.2055206298828}, {"ListeningId": 0, "ParameterID": 2, "Value": 232.3023681640625}, {"ListeningId": 0, "ParameterID": 3, "Value": 230.52003479003906}, {"ListeningId": 0, "ParameterID": 4, "Value": 401.0791931152344}, {"ListeningId": 0, "ParameterID": 5, "Value": 401.0755920410156}, {"ListeningId": 0, "ParameterID": 6, "Value": 400.1856689453125}, {"ListeningId": 0, "ParameterID": 7, "Value": 2.466905355453491}, {"ListeningId": 0, "ParameterID": 8, "Value": 2.0169920921325684}, {"ListeningId": 0, "ParameterID": 9, "Value": 2.9517202377319336}, {"ListeningId": 0, "ParameterID": 17, "Value": 563.5968017578125}, {"ListeningId": 0, "ParameterID": 18, "Value": 462.76104736328125}, {"ListeningId": 0, "ParameterID": 19, "Value": 665.4668579101562}, {"ListeningId": 0, "ParameterID": 20, "Value": 1691.56298828125}, {"ListeningId": 0, "ParameterID": 21, "Value": 570.7345581054688}, {"ListeningId": 0, "ParameterID": 22, "Value": 468.364990234375}, {"ListeningId": 0, "ParameterID": 23, "Value": 679.8779296875}, {"ListeningId": 0, "ParameterID": 24, "Value": 1720.5032958984375}, {"ListeningId": 0, "ParameterID": 25, "Value": 92.65276336669922}, {"ListeningId": 0, "ParameterID": 26, "Value": 74.73160552978516}, {"ListeningId": 0, "ParameterID": 27, "Value": 140.84495544433594}, {"ListeningId": 0, "ParameterID": 28, "Value": 308.3885192871094}, {"ListeningId": 0, "ParameterID": 13, "Value": 0.9750257730484009}, {"ListeningId": 0, "ParameterID": 14, "Value": 1.0}, {"ListeningId": 0, "ParameterID": 15, "Value": 0.9553108811378479}, {"ListeningId": 0, "ParameterID": 16, "Value": 0.9767789244651794}, {"ListeningId": 0, "ParameterID": 10, "Value": 50.080970764160156}, {"ListeningId": 0, "ParameterID": 11, "Value": 50.080970764160156}, {"ListeningId": 0, "ParameterID": 12, "Value": 50.080970764160156}, {"ListeningId": 0, "ParameterID": 32, "Value": 6612.1025390625}]}, {"ListeningId": 0, "MeterId": 12, "Timestamp": 1632425460, "listeningvalues": [{"ListeningId": 0, "ParameterID": 1, "Value": 231.6878204345703}, {"ListeningId": 0, "ParameterID": 2, "Value": 231.99307250976562}, {"ListeningId": 0, "ParameterID": 3, "Value": 230.6715087890625}, {"ListeningId": 0, "ParameterID": 4, "Value": 401.1217956542969}, {"ListeningId": 0, "ParameterID": 5, "Value": 400.8189697265625}, {"ListeningId": 0, "ParameterID": 6, "Value": 400.7040710449219}, {"ListeningId": 0, "ParameterID": 7, "Value": 2.3290772438049316}, {"ListeningId": 0, "ParameterID": 8, "Value": 1.7932604551315308}, {"ListeningId": 0, "ParameterID": 9, "Value": 2.9186620712280273}, {"ListeningId": 0, "ParameterID": 17, "Value": 530.6981811523438}, {"ListeningId": 0, "ParameterID": 18, "Value": 415.23681640625}, {"ListeningId": 0, "ParameterID": 19, "Value": 647.5480346679688}, {"ListeningId": 0, "ParameterID": 20, "Value": 1592.625732421875}, {"ListeningId": 0, "ParameterID": 21, "Value": 540.1668701171875}, {"ListeningId": 0, "ParameterID": 22, "Value": 415.06866455078125}, {"ListeningId": 0, "ParameterID": 23, "Value": 673.678955078125}, {"ListeningId": 0, "ParameterID": 24, "Value": 1628.248291015625}, {"ListeningId": 0, "ParameterID": 25, "Value": 97.91081237792969}, {"ListeningId": 0, "ParameterID": 26, "Value": 0.0}, {"ListeningId": 0, "ParameterID": 27, "Value": 189.7533416748047}, {"ListeningId": 0, "ParameterID": 28, "Value": 287.77349853515625}, {"ListeningId": 0, "ParameterID": 13, "Value": 0.9946079850196838}, {"ListeningId": 0, "ParameterID": 14, "Value": 1.0}, {"ListeningId": 0, "ParameterID": 15, "Value": 0.9870001077651978}, {"ListeningId": 0, "ParameterID": 16, "Value": 0.9938693046569824}, {"ListeningId": 0, "ParameterID": 10, "Value": 50.080970764160156}, {"ListeningId": 0, "ParameterID": 11, "Value": 50.080970764160156}, {"ListeningId": 0, "ParameterID": 12, "Value": 50.080970764160156}, {"ListeningId": 0, "ParameterID": 32, "Value": 6611.4814453125}]}]