[{"ListeningId": 0, "MeterId": 1, "Timestamp": 1632424980, "listeningvalues": [{"ListeningId": 0, "ParameterID": 1, "Value": 230.61106872558594}, {"ListeningId": 0, "ParameterID": 2, "Value": 232.25045776367188}, {"ListeningId": 0, "ParameterID": 3, "Value": 230.3812255859375}, {"ListeningId": 0, "ParameterID": 4, "Value": 401.234619140625}, {"ListeningId": 0, "ParameterID": 5, "Value": 400.67523193359375}, {"ListeningId": 0, "ParameterID": 6, "Value": 399.13720703125}, {"ListeningId": 0, "ParameterID": 7, "Value": 2.6742594242095947}, {"ListeningId": 0, "ParameterID": 8, "Value": 1.9628090858459473}, {"ListeningId": 0, "ParameterID": 9, "Value": 2.9905521869659424}, {"ListeningId": 0, "ParameterID": 17, "Value": 598.8602294921875}, {"ListeningId": 0, "ParameterID": 18, "Value": 454.7232971191406}, {"ListeningId": 0, "ParameterID": 19, "Value": 678.450439453125}, {"ListeningId": 0, "ParameterID": 20, "Value": 1732.033935546875}, {"ListeningId": 0, "ParameterID": 21, "Value": 616.7138061523438}, {"ListeningId": 0, "ParameterID": 22, "Value": 455.8633117675781}, {"ListeningId": 0, "ParameterID": 23, "Value": 688.9671020507812}, {"ListeningId": 0, "ParameterID": 24, "Value": 1761.544189453125}, {"ListeningId": 0, "ParameterID": 25, "Value": 147.31715393066406}, {"ListeningId": 0, "ParameterID": 26, "Value": 32.21921920776367}, {"ListeningId": 0, "ParameterID": 27, "Value": 119.91937255859375}, {"ListeningId": 0, "ParameterID": 28, "Value": 299.45574951171875}, {"ListeningId": 0, "ParameterID": 13, "Value": 0.9899888038635254}, {"ListeningId": 0, "ParameterID": 14, "Value": 1.0}, {"ListeningId": 0, "ParameterID": 15, "Value": 0.9844090938568115}, {"ListeningId": 0, "ParameterID": 16, "Value": 0.9914659857749939}, {"ListeningId": 0, "ParameterID": 10, "Value": 50.079124450683594}, {"ListeningId": 0, "ParameterID": 11, "Value": 50.079124450683594}, {"ListeningId": 0, "ParameterID": 12, "Value": 50.079124450683594}, {"ListeningId": 0, "ParameterID": 32, "Value": 6391.01123046875}]}, {"ListeningId": 0, "MeterId": 2, "Timestamp": 1632424980, "listeningvalues": [{"ListeningId": 0, "ParameterID": 1, "Value": 231.61805725097656}, {"ListeningId": 0, "ParameterID": 2, "Value": 232.0995635986328}, {"ListeningId": 0, "ParameterID": 3, "Value": 230.7259063720703}, {"ListeningId": 0, "ParameterID": 4, "Value": 401.49462890625}, {"ListeningId": 0, "ParameterID": 5, "Value": 401.09112548828125}, {"ListeningId": 0, "ParameterID": 6, "Value": 400.4675598144531}, {"ListeningId": 0, "ParameterID": 7, "Value": 2.5186097621917725}, {"ListeningId": 0, "ParameterID": 8, "Value": 2.0324130058288574}, {"ListeningId": 0, "ParameterID": 9, "Value": 2.9093053340911865}, {"ListeningId": 0, "ParameterID": 17, "Value": 578.1018676757812}, {"ListeningId": 0, "ParameterID": 18, "Value": 471.72216796875}, {"ListeningId": 0, "ParameterID": 19, "Value": 651.1806640625}, {"ListeningId": 0, "ParameterID": 20, "Value": 1701.004638671875}, {"ListeningId": 0, "ParameterID": 21, "Value": 583.3555297851562}, {"ListeningId": 0, "ParameterID": 22, "Value": 471.72216796875}, {"ListeningId": 0, "ParameterID": 23, "Value": 671.2521362304688}, {"ListeningId": 0, "ParameterID": 24, "Value": 1726.329833984375}, {"ListeningId": 0, "ParameterID": 25, "Value": 78.11470031738281}, {"ListeningId": 0, "ParameterID": 26, "Value": 0.0}, {"ListeningId": 0, "ParameterID": 27, "Value": 162.92080688476562}, {"ListeningId": 0, "ParameterID": 28, "Value": 241.03550720214844}, {"ListeningId": 0, "ParameterID": 13, "Value": 0.9909940361976624}, {"ListeningId": 0, "ParameterID": 14, "Value": 1.0}, {"ListeningId": 0, "ParameterID": 15, "Value": 0.9700984358787537}, {"ListeningId": 0, "ParameterID": 16, "Value": 0.9870308041572571}, {"ListeningId": 0, "ParameterID": 10, "Value": 50.00749969482422}, {"ListeningId": 0, "ParameterID": 11, "Value": 50.00749969482422}, {"ListeningId": 0, "ParameterID": 12, "Value": 50.00749969482422}, {"ListeningId": 0, "ParameterID": 32, "Value": 6396.6484375}]}, {"ListeningId": 0, "MeterId": 3, "Timestamp": 1632424980, "listeningvalues": [{"ListeningId": 0, "ParameterID": 1, "Value": 231.7729034423828}, {"ListeningId": 0, "ParameterID": 2, "Value": 232.60362243652344}, {"ListeningId": 0, "ParameterID": 3, "Value": 230.7536163330078}, {"ListeningId": 0, "ParameterID": 4, "Value": 401.9845275878906}, {"ListeningId": 0, "ParameterID": 5, "Value": 401.1527404785156}, {"ListeningId": 0, "ParameterID": 6, "Value": 400.5553283691406}, {"ListeningId": 0, "ParameterID": 7, "Value": 2.555178642272949}, {"ListeningId": 0, "ParameterID": 8, "Value": 1.9885954856872559}, {"ListeningId": 0, "ParameterID": 9, "Value": 2.951021671295166}, {"ListeningId": 0, "ParameterID": 17, "Value": 584.01708984375}, {"ListeningId": 0, "ParameterID": 18, "Value": 459.62969970703125}, {"ListeningId": 0, "ParameterID": 19, "Value": 674.5670166015625}, {"ListeningId": 0, "ParameterID": 20, "Value": 1716.589599609375}, {"ListeningId": 0, "ParameterID": 21, "Value": 591.2640991210938}, {"ListeningId": 0, "ParameterID": 22, "Value": 462.197265625}, {"ListeningId": 0, "ParameterID": 23, "Value": 680.6116943359375}, {"ListeningId": 0, "ParameterID": 24, "Value": 1736.2564697265625}, {"ListeningId": 0, "ParameterID": 25, "Value": 90.17037200927734}, {"ListeningId": 0, "ParameterID": 26, "Value": 51.970619201660156}, {"ListeningId": 0, "ParameterID": 27, "Value": 97.27297973632812}, {"ListeningId": 0, "ParameterID": 28, "Value": 239.16648864746094}, {"ListeningId": 0, "ParameterID": 13, "Value": 0.9888693690299988}, {"ListeningId": 0, "ParameterID": 14, "Value": 1.0}, {"ListeningId": 0, "ParameterID": 15, "Value": 0.974208414554596}, {"ListeningId": 0, "ParameterID": 16, "Value": 0.9876925945281982}, {"ListeningId": 0, "ParameterID": 10, "Value": 50.00749969482422}, {"ListeningId": 0, "ParameterID": 11, "Value": 50.00749969482422}, {"ListeningId": 0, "ParameterID": 12, "Value": 50.00749969482422}, {"ListeningId": 0, "ParameterID": 32, "Value": 6398.36083984375}]}, {"ListeningId": 0, "MeterId": 4, "Timestamp": 1632424980, "listeningvalues": [{"ListeningId": 0, "ParameterID": 1, "Value": 231.37852478027344}, {"ListeningId": 0, "ParameterID": 2, "Value": 232.5918731689453}, {"ListeningId": 0, "ParameterID": 3, "Value": 230.857421875}, {"ListeningId": 0, "ParameterID": 4, "Value": 401.4126281738281}, {"ListeningId": 0, "ParameterID": 5, "Value": 401.6172180175781}, {"ListeningId": 0, "ParameterID": 6, "Value": 400.78204345703125}, {"ListeningId": 0, "ParameterID": 7, "Value": 2.4662282466888428}, {"ListeningId": 0, "ParameterID": 8, "Value": 1.7688210010528564}, {"ListeningId": 0, "ParameterID": 9, "Value": 2.6911048889160156}, {"ListeningId": 0, "ParameterID": 17, "Value": 567.4239501953125}, {"ListeningId": 0, "ParameterID": 18, "Value": 410.9627380371094}, {"ListeningId": 0, "ParameterID": 19, "Value": 598.161865234375}, {"ListeningId": 0, "ParameterID": 20, "Value": 1576.90966796875}, {"ListeningId": 0, "ParameterID": 21, "Value": 570.9681396484375}, {"ListeningId": 0, "ParameterID": 22, "Value": 411.35028076171875}, {"ListeningId": 0, "ParameterID": 23, "Value": 621.0786743164062}, {"ListeningId": 0, "ParameterID": 24, "Value": 1603.1431884765625}, {"ListeningId": 0, "ParameterID": 25, "Value": 60.38264083862305}, {"ListeningId": 0, "ParameterID": 26, "Value": 0.0}, {"ListeningId": 0, "ParameterID": 27, "Value": 168.44223022460938}, {"ListeningId": 0, "ParameterID": 28, "Value": 228.8799285888672}, {"ListeningId": 0, "ParameterID": 13, "Value": 0.9946354627609253}, {"ListeningId": 0, "ParameterID": 14, "Value": 0.9915347695350647}, {"ListeningId": 0, "ParameterID": 15, "Value": 0.944119930267334}, {"ListeningId": 0, "ParameterID": 16, "Value": 0.9767634272575378}, {"ListeningId": 0, "ParameterID": 10, "Value": 50.00749969482422}, {"ListeningId": 0, "ParameterID": 11, "Value": 50.00749969482422}, {"ListeningId": 0, "ParameterID": 12, "Value": 50.00749969482422}, {"ListeningId": 0, "ParameterID": 32, "Value": 6397.44921875}]}, {"ListeningId": 0, "MeterId": 5, "Timestamp": 1632424980, "listeningvalues": [{"ListeningId": 0, "ParameterID": 1, "Value": 230.34820556640625}, {"ListeningId": 0, "ParameterID": 2, "Value": 231.51535034179688}, {"ListeningId": 0, "ParameterID": 3, "Value": 230.17324829101562}, {"ListeningId": 0, "ParameterID": 4, "Value": 400.1058044433594}, {"ListeningId": 0, "ParameterID": 5, "Value": 399.7794494628906}, {"ListeningId": 0, "ParameterID": 6, "Value": 398.6209716796875}, {"ListeningId": 0, "ParameterID": 7, "Value": 2.503377676010132}, {"ListeningId": 0, "ParameterID": 8, "Value": 1.9531850814819336}, {"ListeningId": 0, "ParameterID": 9, "Value": 2.7894954681396484}, {"ListeningId": 0, "ParameterID": 17, "Value": 569.5546875}, {"ListeningId": 0, "ParameterID": 18, "Value": 451.6606140136719}, {"ListeningId": 0, "ParameterID": 19, "Value": 627.2123413085938}, {"ListeningId": 0, "ParameterID": 20, "Value": 1650.8876953125}, {"ListeningId": 0, "ParameterID": 21, "Value": 576.1026000976562}, {"ListeningId": 0, "ParameterID": 22, "Value": 451.8056640625}, {"ListeningId": 0, "ParameterID": 23, "Value": 643.2750244140625}, {"ListeningId": 0, "ParameterID": 24, "Value": 1671.2183837890625}, {"ListeningId": 0, "ParameterID": 25, "Value": 86.01351165771484}, {"ListeningId": 0, "ParameterID": 26, "Value": 0.0}, {"ListeningId": 0, "ParameterID": 27, "Value": 140.5382537841797}, {"ListeningId": 0, "ParameterID": 28, "Value": 226.41383361816406}, {"ListeningId": 0, "ParameterID": 13, "Value": 0.9786476492881775}, {"ListeningId": 0, "ParameterID": 14, "Value": 1.0}, {"ListeningId": 0, "ParameterID": 15, "Value": 0.9642694592475891}, {"ListeningId": 0, "ParameterID": 16, "Value": 0.9809723496437073}, {"ListeningId": 0, "ParameterID": 10, "Value": 50.00749969482422}, {"ListeningId": 0, "ParameterID": 11, "Value": 50.00749969482422}, {"ListeningId": 0, "ParameterID": 12, "Value": 50.00749969482422}, {"ListeningId": 0, "ParameterID": 32, "Value": 6395.14111328125}]}, {"ListeningId": 0, "MeterId": 6, "Timestamp": 1632424980, "listeningvalues": [{"ListeningId": 0, "ParameterID": 1, "Value": 231.4344482421875}, {"ListeningId": 0, "ParameterID": 2, "Value": 231.11495971679688}, {"ListeningId": 0, "ParameterID": 3, "Value": 230.39845275878906}, {"ListeningId": 0, "ParameterID": 4, "Value": 400.970703125}, {"ListeningId": 0, "ParameterID": 5, "Value": 400.23870849609375}, {"ListeningId": 0, "ParameterID": 6, "Value": 400.31622314453125}, {"ListeningId": 0, "ParameterID": 7, "Value": 2.2643072605133057}, {"ListeningId": 0, "ParameterID": 8, "Value": 1.985361099243164}, {"ListeningId": 0, "ParameterID": 9, "Value": 3.1167397499084473}, {"ListeningId": 0, "ParameterID": 17, "Value": 510.6488342285156}, {"ListeningId": 0, "ParameterID": 18, "Value": 459.05126953125}, {"ListeningId": 0, "ParameterID": 19, "Value": 687.7069091796875}, {"ListeningId": 0, "ParameterID": 20, "Value": 1657.7584228515625}, {"ListeningId": 0, "ParameterID": 21, "Value": 524.383056640625}, {"ListeningId": 0, "ParameterID": 22, "Value": 459.322998046875}, {"ListeningId": 0, "ParameterID": 23, "Value": 717.4837036132812}, {"ListeningId": 0, "ParameterID": 24, "Value": 1702.17724609375}, {"ListeningId": 0, "ParameterID": 25, "Value": 117.8936996459961}, {"ListeningId": 0, "ParameterID": 26, "Value": 0.0}, {"ListeningId": 0, "ParameterID": 27, "Value": 207.0549774169922}, {"ListeningId": 0, "ParameterID": 28, "Value": 325.3320617675781}, {"ListeningId": 0, "ParameterID": 13, "Value": 0.9614080190658569}, {"ListeningId": 0, "ParameterID": 14, "Value": 1.0}, {"ListeningId": 0, "ParameterID": 15, "Value": 0.9600389003753662}, {"ListeningId": 0, "ParameterID": 16, "Value": 0.9738156199455261}, {"ListeningId": 0, "ParameterID": 10, "Value": 50.00749969482422}, {"ListeningId": 0, "ParameterID": 11, "Value": 50.00749969482422}, {"ListeningId": 0, "ParameterID": 12, "Value": 50.00749969482422}, {"ListeningId": 0, "ParameterID": 32, "Value": 6396.76318359375}]}, {"ListeningId": 0, "MeterId": 7, "Timestamp": 1632424980, "listeningvalues": [{"ListeningId": 0, "ParameterID": 1, "Value": 230.78076171875}, {"ListeningId": 0, "ParameterID": 2, "Value": 232.67669677734375}, {"ListeningId": 0, "ParameterID": 3, "Value": 230.17555236816406}, {"ListeningId": 0, "ParameterID": 4, "Value": 401.5970153808594}, {"ListeningId": 0, "ParameterID": 5, "Value": 400.8659362792969}, {"ListeningId": 0, "ParameterID": 6, "Value": 399.3328857421875}, {"ListeningId": 0, "ParameterID": 7, "Value": 2.472825050354004}, {"ListeningId": 0, "ParameterID": 8, "Value": 1.8271105289459229}, {"ListeningId": 0, "ParameterID": 9, "Value": 3.1137075424194336}, {"ListeningId": 0, "ParameterID": 17, "Value": 558.6668090820312}, {"ListeningId": 0, "ParameterID": 18, "Value": 425.12603759765625}, {"ListeningId": 0, "ParameterID": 19, "Value": 703.9986572265625}, {"ListeningId": 0, "ParameterID": 20, "Value": 1687.79150390625}, {"ListeningId": 0, "ParameterID": 21, "Value": 570.680419921875}, {"ListeningId": 0, "ParameterID": 22, "Value": 425.12603759765625}, {"ListeningId": 0, "ParameterID": 23, "Value": 716.6993408203125}, {"ListeningId": 0, "ParameterID": 24, "Value": 1712.505859375}, {"ListeningId": 0, "ParameterID": 25, "Value": 116.4798812866211}, {"ListeningId": 0, "ParameterID": 26, "Value": 0.0}, {"ListeningId": 0, "ParameterID": 27, "Value": 134.32725524902344}, {"ListeningId": 0, "ParameterID": 28, "Value": 250.80712890625}, {"ListeningId": 0, "ParameterID": 13, "Value": 0.9789485931396484}, {"ListeningId": 0, "ParameterID": 14, "Value": 1.0}, {"ListeningId": 0, "ParameterID": 15, "Value": 0.9822789430618286}, {"ListeningId": 0, "ParameterID": 16, "Value": 0.9870758056640625}, {"ListeningId": 0, "ParameterID": 10, "Value": 50.053218841552734}, {"ListeningId": 0, "ParameterID": 11, "Value": 50.053218841552734}, {"ListeningId": 0, "ParameterID": 12, "Value": 50.053218841552734}, {"ListeningId": 0, "ParameterID": 32, "Value": 6399.23095703125}]}, {"ListeningId": 0, "MeterId": 8, "Timestamp": 1632424980, "listeningvalues": [{"ListeningId": 0, "ParameterID": 1, "Value": 230.7965087890625}, {"ListeningId": 0, "ParameterID": 2, "Value": 232.56166076660156}, {"ListeningId": 0, "ParameterID": 3, "Value": 230.32778930664062}, {"ListeningId": 0, "ParameterID": 4, "Value": 401.60107421875}, {"ListeningId": 0, "ParameterID": 5, "Value": 400.8777770996094}, {"ListeningId": 0, "ParameterID": 6, "Value": 399.2161865234375}, {"ListeningId": 0, "ParameterID": 7, "Value": 2.4711365699768066}, {"ListeningId": 0, "ParameterID": 8, "Value": 1.826263666152954}, {"ListeningId": 0, "ParameterID": 9, "Value": 3.1140267848968506}, {"ListeningId": 0, "ParameterID": 17, "Value": 558.7684936523438}, {"ListeningId": 0, "ParameterID": 18, "Value": 425.3707275390625}, {"ListeningId": 0, "ParameterID": 19, "Value": 703.7639770507812}, {"ListeningId": 0, "ParameterID": 20, "Value": 1687.600341796875}, {"ListeningId": 0, "ParameterID": 21, "Value": 570.8989868164062}, {"ListeningId": 0, "ParameterID": 22, "Value": 425.0525207519531}, {"ListeningId": 0, "ParameterID": 23, "Value": 717.0947875976562}, {"ListeningId": 0, "ParameterID": 24, "Value": 1711.5694580078125}, {"ListeningId": 0, "ParameterID": 25, "Value": 116.520263671875}, {"ListeningId": 0, "ParameterID": 26, "Value": 0.0}, {"ListeningId": 0, "ParameterID": 27, "Value": 134.19558715820312}, {"ListeningId": 0, "ParameterID": 28, "Value": 250.57325744628906}, {"ListeningId": 0, "ParameterID": 13, "Value": 0.9920304417610168}, {"ListeningId": 0, "ParameterID": 14, "Value": 1.0}, {"ListeningId": 0, "ParameterID": 15, "Value": 0.9787792563438416}, {"ListeningId": 0, "ParameterID": 16, "Value": 0.9902698993682861}, {"ListeningId": 0, "ParameterID": 10, "Value": 50.053218841552734}, {"ListeningId": 0, "ParameterID": 11, "Value": 50.053218841552734}, {"ListeningId": 0, "ParameterID": 12, "Value": 50.053218841552734}, {"ListeningId": 0, "ParameterID": 32, "Value": 6399.701171875}]}, {"ListeningId": 0, "MeterId": 9, "Timestamp": 1632424980, "listeningvalues": [{"ListeningId": 0, "ParameterID": 1, "Value": 230.61688232421875}, {"ListeningId": 0, "ParameterID": 2, "Value": 231.27232360839844}, {"ListeningId": 0, "ParameterID": 3, "Value": 230.0114288330078}, {"ListeningId": 0, "ParameterID": 4, "Value": 400.076416015625}, {"ListeningId": 0, "ParameterID": 5, "Value": 400.079345703125}, {"ListeningId": 0, "ParameterID": 6, "Value": 398.95965576171875}, {"ListeningId": 0, "ParameterID": 7, "Value": 2.639434576034546}, {"ListeningId": 0, "ParameterID": 8, "Value": 2.126786470413208}, {"ListeningId": 0, "ParameterID": 9, "Value": 3.0234100818634033}, {"ListeningId": 0, "ParameterID": 17, "Value": 606.035888671875}, {"ListeningId": 0, "ParameterID": 18, "Value": 492.2620849609375}, {"ListeningId": 0, "ParameterID": 19, "Value": 673.1543579101562}, {"ListeningId": 0, "ParameterID": 20, "Value": 1770.34912109375}, {"ListeningId": 0, "ParameterID": 21, "Value": 609.222412109375}, {"ListeningId": 0, "ParameterID": 22, "Value": 491.4541320800781}, {"ListeningId": 0, "ParameterID": 23, "Value": 695.6429443359375}, {"ListeningId": 0, "ParameterID": 24, "Value": 1796.1424560546875}, {"ListeningId": 0, "ParameterID": 25, "Value": 57.159210205078125}, {"ListeningId": 0, "ParameterID": 26, "Value": 11.5521821975708}, {"ListeningId": 0, "ParameterID": 27, "Value": 176.93577575683594}, {"ListeningId": 0, "ParameterID": 28, "Value": 245.50888061523438}, {"ListeningId": 0, "ParameterID": 13, "Value": 0.9746431112289429}, {"ListeningId": 0, "ParameterID": 14, "Value": 1.0}, {"ListeningId": 0, "ParameterID": 15, "Value": 0.9611772298812866}, {"ListeningId": 0, "ParameterID": 16, "Value": 0.9786067605018616}, {"ListeningId": 0, "ParameterID": 10, "Value": 50.053218841552734}, {"ListeningId": 0, "ParameterID": 11, "Value": 50.053218841552734}, {"ListeningId": 0, "ParameterID": 12, "Value": 50.053218841552734}, {"ListeningId": 0, "ParameterID": 32, "Value": 6402.8427734375}]}, {"ListeningId": 0, "MeterId": 10, "Timestamp": 1632424980, "listeningvalues": [{"ListeningId": 0, "ParameterID": 1, "Value": 231.38697814941406}, {"ListeningId": 0, "ParameterID": 2, "Value": 232.05882263183594}, {"ListeningId": 0, "ParameterID": 3, "Value": 230.55368041992188}, {"ListeningId": 0, "ParameterID": 4, "Value": 400.8271789550781}, {"ListeningId": 0, "ParameterID": 5, "Value": 400.8057556152344}, {"ListeningId": 0, "ParameterID": 6, "Value": 400.3576354980469}, {"ListeningId": 0, "ParameterID": 7, "Value": 2.4046311378479004}, {"ListeningId": 0, "ParameterID": 8, "Value": 2.2024903297424316}, {"ListeningId": 0, "ParameterID": 9, "Value": 2.762025833129883}, {"ListeningId": 0, "ParameterID": 17, "Value": 543.34716796875}, {"ListeningId": 0, "ParameterID": 18, "Value": 510.466552734375}, {"ListeningId": 0, "ParameterID": 19, "Value": 607.6431274414062}, {"ListeningId": 0, "ParameterID": 20, "Value": 1663.2486572265625}, {"ListeningId": 0, "ParameterID": 21, "Value": 556.1942749023438}, {"ListeningId": 0, "ParameterID": 22, "Value": 510.082763671875}, {"ListeningId": 0, "ParameterID": 23, "Value": 636.3173828125}, {"ListeningId": 0, "ParameterID": 24, "Value": 1701.904296875}, {"ListeningId": 0, "ParameterID": 25, "Value": 118.37774658203125}, {"ListeningId": 0, "ParameterID": 26, "Value": 0.0}, {"ListeningId": 0, "ParameterID": 27, "Value": 188.58702087402344}, {"ListeningId": 0, "ParameterID": 28, "Value": 306.6862487792969}, {"ListeningId": 0, "ParameterID": 13, "Value": 0.9819588661193848}, {"ListeningId": 0, "ParameterID": 14, "Value": 1.0}, {"ListeningId": 0, "ParameterID": 15, "Value": 0.9726871252059937}, {"ListeningId": 0, "ParameterID": 16, "Value": 0.9848820567131042}, {"ListeningId": 0, "ParameterID": 10, "Value": 50.053218841552734}, {"ListeningId": 0, "ParameterID": 11, "Value": 50.053218841552734}, {"ListeningId": 0, "ParameterID": 12, "Value": 50.053218841552734}, {"ListeningId": 0, "ParameterID": 32, "Value": 7980.7216796875}]}, {"ListeningId": 0, "MeterId": 11, "Timestamp": 1632424980, "listeningvalues": [{"ListeningId": 0, "ParameterID": 1, "Value": 231.727294921875}, {"ListeningId": 0, "ParameterID": 2, "Value": 231.85691833496094}, {"ListeningId": 0, "ParameterID": 3, "Value": 230.00514221191406}, {"ListeningId": 0, "ParameterID": 4, "Value": 400.9692687988281}, {"ListeningId": 0, "ParameterID": 5, "Value": 399.9461669921875}, {"ListeningId": 0, "ParameterID": 6, "Value": 399.8497619628906}, {"ListeningId": 0, "ParameterID": 7, "Value": 2.4703478813171387}, {"ListeningId": 0, "ParameterID": 8, "Value": 2.089521646499634}, {"ListeningId": 0, "ParameterID": 9, "Value": 2.999457836151123}, {"ListeningId": 0, "ParameterID": 17, "Value": 565.1027221679688}, {"ListeningId": 0, "ParameterID": 18, "Value": 484.0286865234375}, {"ListeningId": 0, "ParameterID": 19, "Value": 652.874755859375}, {"ListeningId": 0, "ParameterID": 20, "Value": 1702.6668701171875}, {"ListeningId": 0, "ParameterID": 21, "Value": 572.160888671875}, {"ListeningId": 0, "ParameterID": 22, "Value": 484.40594482421875}, {"ListeningId": 0, "ParameterID": 23, "Value": 689.9790649414062}, {"ListeningId": 0, "ParameterID": 24, "Value": 1745.8331298828125}, {"ListeningId": 0, "ParameterID": 25, "Value": 88.98645782470703}, {"ListeningId": 0, "ParameterID": 26, "Value": 0.0}, {"ListeningId": 0, "ParameterID": 27, "Value": 222.73963928222656}, {"ListeningId": 0, "ParameterID": 28, "Value": 311.6559753417969}, {"ListeningId": 0, "ParameterID": 13, "Value": 0.9601024389266968}, {"ListeningId": 0, "ParameterID": 14, "Value": 1.0}, {"ListeningId": 0, "ParameterID": 15, "Value": 0.9515770077705383}, {"ListeningId": 0, "ParameterID": 16, "Value": 0.97055983543396}, {"ListeningId": 0, "ParameterID": 10, "Value": 50.053218841552734}, {"ListeningId": 0, "ParameterID": 11, "Value": 50.053218841552734}, {"ListeningId": 0, "ParameterID": 12, "Value": 50.053218841552734}, {"ListeningId": 0, "ParameterID": 32, "Value": 6392.29541015625}]}, {"ListeningId": 0, "MeterId": 12, "Timestamp": 1632424980, "listeningvalues": [{"ListeningId": 0, "ParameterID": 1, "Value": 230.5189971923828}, {"ListeningId": 0, "ParameterID": 2, "Value": 231.5771026611328}, {"ListeningId": 0, "ParameterID": 3, "Value": 231.08401489257812}, {"ListeningId": 0, "ParameterID": 4, "Value": 399.98077392578125}, {"ListeningId": 0, "ParameterID": 5, "Value": 400.4755859375}, {"ListeningId": 0, "ParameterID": 6, "Value": 399.7069091796875}, {"ListeningId": 0, "ParameterID": 7, "Value": 2.404273748397827}, {"ListeningId": 0, "ParameterID": 8, "Value": 2.046558141708374}, {"ListeningId": 0, "ParameterID": 9, "Value": 2.896411418914795}, {"ListeningId": 0, "ParameterID": 17, "Value": 548.4227905273438}, {"ListeningId": 0, "ParameterID": 18, "Value": 473.9360046386719}, {"ListeningId": 0, "ParameterID": 19, "Value": 637.8856811523438}, {"ListeningId": 0, "ParameterID": 20, "Value": 1660.244384765625}, {"ListeningId": 0, "ParameterID": 21, "Value": 554.2307739257812}, {"ListeningId": 0, "ParameterID": 22, "Value": 473.9360046386719}, {"ListeningId": 0, "ParameterID": 23, "Value": 669.3143920898438}, {"ListeningId": 0, "ParameterID": 24, "Value": 1697.481201171875}, {"ListeningId": 0, "ParameterID": 25, "Value": 80.02616882324219}, {"ListeningId": 0, "ParameterID": 26, "Value": 0.0}, {"ListeningId": 0, "ParameterID": 27, "Value": 202.69088745117188}, {"ListeningId": 0, "ParameterID": 28, "Value": 282.717041015625}, {"ListeningId": 0, "ParameterID": 13, "Value": 0.9895206093788147}, {"ListeningId": 0, "ParameterID": 14, "Value": 1.0}, {"ListeningId": 0, "ParameterID": 15, "Value": 0.9530434012413025}, {"ListeningId": 0, "ParameterID": 16, "Value": 0.9808546900749207}, {"ListeningId": 0, "ParameterID": 10, "Value": 49.987239837646484}, {"ListeningId": 0, "ParameterID": 11, "Value": 49.987239837646484}, {"ListeningId": 0, "ParameterID": 12, "Value": 49.987239837646484}, {"ListeningId": 0, "ParameterID": 32, "Value": 6392.396484375}]}]