[{"ListeningId": 0, "MeterId": 1, "Timestamp": 1632425340, "listeningvalues": [{"ListeningId": 0, "ParameterID": 1, "Value": 230.31971740722656}, {"ListeningId": 0, "ParameterID": 2, "Value": 231.44320678710938}, {"ListeningId": 0, "ParameterID": 3, "Value": 230.85655212402344}, {"ListeningId": 0, "ParameterID": 4, "Value": 400.2688293457031}, {"ListeningId": 0, "ParameterID": 5, "Value": 400.48590087890625}, {"ListeningId": 0, "ParameterID": 6, "Value": 399.63470458984375}, {"ListeningId": 0, "ParameterID": 7, "Value": 2.6596946716308594}, {"ListeningId": 0, "ParameterID": 8, "Value": 2.0510594844818115}, {"ListeningId": 0, "ParameterID": 9, "Value": 2.7698683738708496}, {"ListeningId": 0, "ParameterID": 17, "Value": 586.8400268554688}, {"ListeningId": 0, "ParameterID": 18, "Value": 474.70379638671875}, {"ListeningId": 0, "ParameterID": 19, "Value": 611.6126098632812}, {"ListeningId": 0, "ParameterID": 20, "Value": 1673.156494140625}, {"ListeningId": 0, "ParameterID": 21, "Value": 612.5801391601562}, {"ListeningId": 0, "ParameterID": 22, "Value": 474.70379638671875}, {"ListeningId": 0, "ParameterID": 23, "Value": 639.4422607421875}, {"ListeningId": 0, "ParameterID": 24, "Value": 1726.7261962890625}, {"ListeningId": 0, "ParameterID": 25, "Value": 175.707763671875}, {"ListeningId": 0, "ParameterID": 26, "Value": 0.0}, {"ListeningId": 0, "ParameterID": 27, "Value": 186.591552734375}, {"ListeningId": 0, "ParameterID": 28, "Value": 362.29931640625}, {"ListeningId": 0, "ParameterID": 13, "Value": 0.9871731996536255}, {"ListeningId": 0, "ParameterID": 14, "Value": 1.0}, {"ListeningId": 0, "ParameterID": 15, "Value": 0.964477002620697}, {"ListeningId": 0, "ParameterID": 16, "Value": 0.9838833808898926}, {"ListeningId": 0, "ParameterID": 10, "Value": 50.139305114746094}, {"ListeningId": 0, "ParameterID": 11, "Value": 50.139305114746094}, {"ListeningId": 0, "ParameterID": 12, "Value": 50.139305114746094}, {"ListeningId": 0, "ParameterID": 32, "Value": 6555.814453125}]}, {"ListeningId": 0, "MeterId": 2, "Timestamp": 1632425340, "listeningvalues": [{"ListeningId": 0, "ParameterID": 1, "Value": 231.19850158691406}, {"ListeningId": 0, "ParameterID": 2, "Value": 232.156982421875}, {"ListeningId": 0, "ParameterID": 3, "Value": 231.0465850830078}, {"ListeningId": 0, "ParameterID": 4, "Value": 401.3475036621094}, {"ListeningId": 0, "ParameterID": 5, "Value": 400.62322998046875}, {"ListeningId": 0, "ParameterID": 6, "Value": 400.2315979003906}, {"ListeningId": 0, "ParameterID": 7, "Value": 2.485664129257202}, {"ListeningId": 0, "ParameterID": 8, "Value": 1.7759689092636108}, {"ListeningId": 0, "ParameterID": 9, "Value": 3.0415518283843994}, {"ListeningId": 0, "ParameterID": 17, "Value": 564.778564453125}, {"ListeningId": 0, "ParameterID": 18, "Value": 409.3685302734375}, {"ListeningId": 0, "ParameterID": 19, "Value": 687.3944702148438}, {"ListeningId": 0, "ParameterID": 20, "Value": 1660.7655029296875}, {"ListeningId": 0, "ParameterID": 21, "Value": 573.9689331054688}, {"ListeningId": 0, "ParameterID": 22, "Value": 411.89532470703125}, {"ListeningId": 0, "ParameterID": 23, "Value": 702.3656616210938}, {"ListeningId": 0, "ParameterID": 24, "Value": 1690.5904541015625}, {"ListeningId": 0, "ParameterID": 25, "Value": 104.56399536132812}, {"ListeningId": 0, "ParameterID": 26, "Value": 45.8716926574707}, {"ListeningId": 0, "ParameterID": 27, "Value": 146.7646026611328}, {"ListeningId": 0, "ParameterID": 28, "Value": 297.1432800292969}, {"ListeningId": 0, "ParameterID": 13, "Value": 0.9745039343833923}, {"ListeningId": 0, "ParameterID": 14, "Value": 1.0}, {"ListeningId": 0, "ParameterID": 15, "Value": 0.9851003289222717}, {"ListeningId": 0, "ParameterID": 16, "Value": 0.9865347743034363}, {"ListeningId": 0, "ParameterID": 10, "Value": 50.139305114746094}, {"ListeningId": 0, "ParameterID": 11, "Value": 50.139305114746094}, {"ListeningId": 0, "ParameterID": 12, "Value": 50.139305114746094}, {"ListeningId": 0, "ParameterID": 32, "Value": 6561.66552734375}]}, {"ListeningId": 0, "MeterId": 3, "Timestamp": 1632425340, "listeningvalues": [{"ListeningId": 0, "ParameterID": 1, "Value": 230.65484619140625}, {"ListeningId": 0, "ParameterID": 2, "Value": 232.56527709960938}, {"ListeningId": 0, "ParameterID": 3, "Value": 230.25579833984375}, {"ListeningId": 0, "ParameterID": 4, "Value": 400.8250427246094}, {"ListeningId": 0, "ParameterID": 5, "Value": 400.8278503417969}, {"ListeningId": 0, "ParameterID": 6, "Value": 399.66729736328125}, {"ListeningId": 0, "ParameterID": 7, "Value": 2.257532835006714}, {"ListeningId": 0, "ParameterID": 8, "Value": 2.1867425441741943}, {"ListeningId": 0, "ParameterID": 9, "Value": 3.0912861824035645}, {"ListeningId": 0, "ParameterID": 17, "Value": 515.4384765625}, {"ListeningId": 0, "ParameterID": 18, "Value": 509.30419921875}, {"ListeningId": 0, "ParameterID": 19, "Value": 689.5968017578125}, {"ListeningId": 0, "ParameterID": 20, "Value": 1716.203857421875}, {"ListeningId": 0, "ParameterID": 21, "Value": 521.6957397460938}, {"ListeningId": 0, "ParameterID": 22, "Value": 508.8406066894531}, {"ListeningId": 0, "ParameterID": 23, "Value": 713.28076171875}, {"ListeningId": 0, "ParameterID": 24, "Value": 1744.749267578125}, {"ListeningId": 0, "ParameterID": 25, "Value": 78.40843963623047}, {"ListeningId": 0, "ParameterID": 26, "Value": 0.0}, {"ListeningId": 0, "ParameterID": 27, "Value": 178.8258819580078}, {"ListeningId": 0, "ParameterID": 28, "Value": 257.2015380859375}, {"ListeningId": 0, "ParameterID": 13, "Value": 0.979270875453949}, {"ListeningId": 0, "ParameterID": 14, "Value": 0.9947525858879089}, {"ListeningId": 0, "ParameterID": 15, "Value": 0.955825924873352}, {"ListeningId": 0, "ParameterID": 16, "Value": 0.9766164422035217}, {"ListeningId": 0, "ParameterID": 10, "Value": 50.139305114746094}, {"ListeningId": 0, "ParameterID": 11, "Value": 50.139305114746094}, {"ListeningId": 0, "ParameterID": 12, "Value": 50.139305114746094}, {"ListeningId": 0, "ParameterID": 32, "Value": 6562.806640625}]}, {"ListeningId": 0, "MeterId": 4, "Timestamp": 1632425340, "listeningvalues": [{"ListeningId": 0, "ParameterID": 1, "Value": 230.17645263671875}, {"ListeningId": 0, "ParameterID": 2, "Value": 231.4915771484375}, {"ListeningId": 0, "ParameterID": 3, "Value": 230.00523376464844}, {"ListeningId": 0, "ParameterID": 4, "Value": 399.55023193359375}, {"ListeningId": 0, "ParameterID": 5, "Value": 400.03875732421875}, {"ListeningId": 0, "ParameterID": 6, "Value": 398.4418640136719}, {"ListeningId": 0, "ParameterID": 7, "Value": 2.631577253341675}, {"ListeningId": 0, "ParameterID": 8, "Value": 1.9306375980377197}, {"ListeningId": 0, "ParameterID": 9, "Value": 3.042083501815796}, {"ListeningId": 0, "ParameterID": 17, "Value": 599.3379516601562}, {"ListeningId": 0, "ParameterID": 18, "Value": 447.1099548339844}, {"ListeningId": 0, "ParameterID": 19, "Value": 663.47021484375}, {"ListeningId": 0, "ParameterID": 20, "Value": 1708.5596923828125}, {"ListeningId": 0, "ParameterID": 21, "Value": 605.4882202148438}, {"ListeningId": 0, "ParameterID": 22, "Value": 446.7633361816406}, {"ListeningId": 0, "ParameterID": 23, "Value": 700.73681640625}, {"ListeningId": 0, "ParameterID": 24, "Value": 1752.2059326171875}, {"ListeningId": 0, "ParameterID": 25, "Value": 86.70082092285156}, {"ListeningId": 0, "ParameterID": 26, "Value": 0.0}, {"ListeningId": 0, "ParameterID": 27, "Value": 226.00656127929688}, {"ListeningId": 0, "ParameterID": 28, "Value": 312.6982116699219}, {"ListeningId": 0, "ParameterID": 13, "Value": 0.9860769510269165}, {"ListeningId": 0, "ParameterID": 14, "Value": 1.0}, {"ListeningId": 0, "ParameterID": 15, "Value": 0.9653681516647339}, {"ListeningId": 0, "ParameterID": 16, "Value": 0.9838150143623352}, {"ListeningId": 0, "ParameterID": 10, "Value": 50.139305114746094}, {"ListeningId": 0, "ParameterID": 11, "Value": 50.139305114746094}, {"ListeningId": 0, "ParameterID": 12, "Value": 50.139305114746094}, {"ListeningId": 0, "ParameterID": 32, "Value": 6561.9736328125}]}, {"ListeningId": 0, "MeterId": 5, "Timestamp": 1632425340, "listeningvalues": [{"ListeningId": 0, "ParameterID": 1, "Value": 231.72216796875}, {"ListeningId": 0, "ParameterID": 2, "Value": 231.48361206054688}, {"ListeningId": 0, "ParameterID": 3, "Value": 230.4200439453125}, {"ListeningId": 0, "ParameterID": 4, "Value": 401.5486755371094}, {"ListeningId": 0, "ParameterID": 5, "Value": 399.8322448730469}, {"ListeningId": 0, "ParameterID": 6, "Value": 399.8558349609375}, {"ListeningId": 0, "ParameterID": 7, "Value": 2.6334872245788574}, {"ListeningId": 0, "ParameterID": 8, "Value": 1.8937162160873413}, {"ListeningId": 0, "ParameterID": 9, "Value": 2.8345439434051514}, {"ListeningId": 0, "ParameterID": 17, "Value": 593.9661865234375}, {"ListeningId": 0, "ParameterID": 18, "Value": 438.3642578125}, {"ListeningId": 0, "ParameterID": 19, "Value": 638.3229370117188}, {"ListeningId": 0, "ParameterID": 20, "Value": 1670.6533203125}, {"ListeningId": 0, "ParameterID": 21, "Value": 610.2373657226562}, {"ListeningId": 0, "ParameterID": 22, "Value": 438.3642578125}, {"ListeningId": 0, "ParameterID": 23, "Value": 653.1357421875}, {"ListeningId": 0, "ParameterID": 24, "Value": 1701.7373046875}, {"ListeningId": 0, "ParameterID": 25, "Value": 139.9779052734375}, {"ListeningId": 0, "ParameterID": 26, "Value": 0.0}, {"ListeningId": 0, "ParameterID": 27, "Value": 138.3116912841797}, {"ListeningId": 0, "ParameterID": 28, "Value": 278.28961181640625}, {"ListeningId": 0, "ParameterID": 13, "Value": 0.9733362793922424}, {"ListeningId": 0, "ParameterID": 14, "Value": 1.0}, {"ListeningId": 0, "ParameterID": 15, "Value": 0.9773204922676086}, {"ListeningId": 0, "ParameterID": 16, "Value": 0.9835522174835205}, {"ListeningId": 0, "ParameterID": 10, "Value": 50.13331985473633}, {"ListeningId": 0, "ParameterID": 11, "Value": 50.13331985473633}, {"ListeningId": 0, "ParameterID": 12, "Value": 50.13331985473633}, {"ListeningId": 0, "ParameterID": 32, "Value": 6559.41162109375}]}, {"ListeningId": 0, "MeterId": 6, "Timestamp": 1632425340, "listeningvalues": [{"ListeningId": 0, "ParameterID": 1, "Value": 230.40049743652344}, {"ListeningId": 0, "ParameterID": 2, "Value": 232.3671417236328}, {"ListeningId": 0, "ParameterID": 3, "Value": 229.96343994140625}, {"ListeningId": 0, "ParameterID": 4, "Value": 401.26934814453125}, {"ListeningId": 0, "ParameterID": 5, "Value": 400.9258117675781}, {"ListeningId": 0, "ParameterID": 6, "Value": 398.9681091308594}, {"ListeningId": 0, "ParameterID": 7, "Value": 2.5064661502838135}, {"ListeningId": 0, "ParameterID": 8, "Value": 1.8063807487487793}, {"ListeningId": 0, "ParameterID": 9, "Value": 3.0656192302703857}, {"ListeningId": 0, "ParameterID": 17, "Value": 565.3587646484375}, {"ListeningId": 0, "ParameterID": 18, "Value": 420.41180419921875}, {"ListeningId": 0, "ParameterID": 19, "Value": 694.1373901367188}, {"ListeningId": 0, "ParameterID": 20, "Value": 1678.3448486328125}, {"ListeningId": 0, "ParameterID": 21, "Value": 577.4181518554688}, {"ListeningId": 0, "ParameterID": 22, "Value": 420.7969665527344}, {"ListeningId": 0, "ParameterID": 23, "Value": 706.063232421875}, {"ListeningId": 0, "ParameterID": 24, "Value": 1705.1500244140625}, {"ListeningId": 0, "ParameterID": 25, "Value": 118.30785369873047}, {"ListeningId": 0, "ParameterID": 26, "Value": 0.0}, {"ListeningId": 0, "ParameterID": 27, "Value": 128.8296661376953}, {"ListeningId": 0, "ParameterID": 28, "Value": 247.10487365722656}, {"ListeningId": 0, "ParameterID": 13, "Value": 0.9786683917045593}, {"ListeningId": 0, "ParameterID": 14, "Value": 1.0}, {"ListeningId": 0, "ParameterID": 15, "Value": 0.9896498322486877}, {"ListeningId": 0, "ParameterID": 16, "Value": 0.9894394278526306}, {"ListeningId": 0, "ParameterID": 10, "Value": 50.13331985473633}, {"ListeningId": 0, "ParameterID": 11, "Value": 50.13331985473633}, {"ListeningId": 0, "ParameterID": 12, "Value": 50.13331985473633}, {"ListeningId": 0, "ParameterID": 32, "Value": 6561.18017578125}]}, {"ListeningId": 0, "MeterId": 7, "Timestamp": 1632425340, "listeningvalues": [{"ListeningId": 0, "ParameterID": 1, "Value": 230.47671508789062}, {"ListeningId": 0, "ParameterID": 2, "Value": 231.04295349121094}, {"ListeningId": 0, "ParameterID": 3, "Value": 230.260009765625}, {"ListeningId": 0, "ParameterID": 4, "Value": 399.8847961425781}, {"ListeningId": 0, "ParameterID": 5, "Value": 399.853271484375}, {"ListeningId": 0, "ParameterID": 6, "Value": 399.55450439453125}, {"ListeningId": 0, "ParameterID": 7, "Value": 2.6491856575012207}, {"ListeningId": 0, "ParameterID": 8, "Value": 1.93984854221344}, {"ListeningId": 0, "ParameterID": 9, "Value": 2.723731279373169}, {"ListeningId": 0, "ParameterID": 17, "Value": 587.9732666015625}, {"ListeningId": 0, "ParameterID": 18, "Value": 448.1986083984375}, {"ListeningId": 0, "ParameterID": 19, "Value": 596.30712890625}, {"ListeningId": 0, "ParameterID": 20, "Value": 1632.3345947265625}, {"ListeningId": 0, "ParameterID": 21, "Value": 610.337890625}, {"ListeningId": 0, "ParameterID": 22, "Value": 448.3219909667969}, {"ListeningId": 0, "ParameterID": 23, "Value": 627.0820922851562}, {"ListeningId": 0, "ParameterID": 24, "Value": 1686.8466796875}, {"ListeningId": 0, "ParameterID": 25, "Value": 163.27598571777344}, {"ListeningId": 0, "ParameterID": 26, "Value": 0.0}, {"ListeningId": 0, "ParameterID": 27, "Value": 195.123046875}, {"ListeningId": 0, "ParameterID": 28, "Value": 358.58868408203125}, {"ListeningId": 0, "ParameterID": 13, "Value": 0.963914155960083}, {"ListeningId": 0, "ParameterID": 14, "Value": 1.0}, {"ListeningId": 0, "ParameterID": 15, "Value": 0.9897466897964478}, {"ListeningId": 0, "ParameterID": 16, "Value": 0.9845536351203918}, {"ListeningId": 0, "ParameterID": 10, "Value": 50.13331985473633}, {"ListeningId": 0, "ParameterID": 11, "Value": 50.13331985473633}, {"ListeningId": 0, "ParameterID": 12, "Value": 50.13331985473633}, {"ListeningId": 0, "ParameterID": 32, "Value": 6564.2373046875}]}, {"ListeningId": 0, "MeterId": 8, "Timestamp": 1632425340, "listeningvalues": [{"ListeningId": 0, "ParameterID": 1, "Value": 230.53807067871094}, {"ListeningId": 0, "ParameterID": 2, "Value": 231.32614135742188}, {"ListeningId": 0, "ParameterID": 3, "Value": 230.3005828857422}, {"ListeningId": 0, "ParameterID": 4, "Value": 400.2771301269531}, {"ListeningId": 0, "ParameterID": 5, "Value": 399.8201599121094}, {"ListeningId": 0, "ParameterID": 6, "Value": 399.08416748046875}, {"ListeningId": 0, "ParameterID": 7, "Value": 2.6476473808288574}, {"ListeningId": 0, "ParameterID": 8, "Value": 1.9380728006362915}, {"ListeningId": 0, "ParameterID": 9, "Value": 2.7218222618103027}, {"ListeningId": 0, "ParameterID": 17, "Value": 588.58544921875}, {"ListeningId": 0, "ParameterID": 18, "Value": 448.3605041503906}, {"ListeningId": 0, "ParameterID": 19, "Value": 596.5468139648438}, {"ListeningId": 0, "ParameterID": 20, "Value": 1634.1279296875}, {"ListeningId": 0, "ParameterID": 21, "Value": 610.8370971679688}, {"ListeningId": 0, "ParameterID": 22, "Value": 447.9588317871094}, {"ListeningId": 0, "ParameterID": 23, "Value": 626.6885986328125}, {"ListeningId": 0, "ParameterID": 24, "Value": 1685.1661376953125}, {"ListeningId": 0, "ParameterID": 25, "Value": 163.29080200195312}, {"ListeningId": 0, "ParameterID": 26, "Value": 0.0}, {"ListeningId": 0, "ParameterID": 27, "Value": 195.40286254882812}, {"ListeningId": 0, "ParameterID": 28, "Value": 358.4816589355469}, {"ListeningId": 0, "ParameterID": 13, "Value": 0.963914155960083}, {"ListeningId": 0, "ParameterID": 14, "Value": 1.0}, {"ListeningId": 0, "ParameterID": 15, "Value": 0.9897466897964478}, {"ListeningId": 0, "ParameterID": 16, "Value": 0.9845536351203918}, {"ListeningId": 0, "ParameterID": 10, "Value": 50.13331985473633}, {"ListeningId": 0, "ParameterID": 11, "Value": 50.13331985473633}, {"ListeningId": 0, "ParameterID": 12, "Value": 50.13331985473633}, {"ListeningId": 0, "ParameterID": 32, "Value": 6564.2373046875}]}, {"ListeningId": 0, "MeterId": 9, "Timestamp": 1632425340, "listeningvalues": [{"ListeningId": 0, "ParameterID": 1, "Value": 231.17242431640625}, {"ListeningId": 0, "ParameterID": 2, "Value": 232.85609436035156}, {"ListeningId": 0, "ParameterID": 3, "Value": 230.56845092773438}, {"ListeningId": 0, "ParameterID": 4, "Value": 401.6914978027344}, {"ListeningId": 0, "ParameterID": 5, "Value": 401.0726318359375}, {"ListeningId": 0, "ParameterID": 6, "Value": 399.6513977050781}, {"ListeningId": 0, "ParameterID": 7, "Value": 2.4907522201538086}, {"ListeningId": 0, "ParameterID": 8, "Value": 2.1403748989105225}, {"ListeningId": 0, "ParameterID": 9, "Value": 3.0035006999969482}, {"ListeningId": 0, "ParameterID": 17, "Value": 571.05126953125}, {"ListeningId": 0, "ParameterID": 18, "Value": 497.4627990722656}, {"ListeningId": 0, "ParameterID": 19, "Value": 675.2001342773438}, {"ListeningId": 0, "ParameterID": 20, "Value": 1745.420654296875}, {"ListeningId": 0, "ParameterID": 21, "Value": 576.6978759765625}, {"ListeningId": 0, "ParameterID": 22, "Value": 497.41241455078125}, {"ListeningId": 0, "ParameterID": 23, "Value": 692.9656982421875}, {"ListeningId": 0, "ParameterID": 24, "Value": 1766.9891357421875}, {"ListeningId": 0, "ParameterID": 25, "Value": 79.994873046875}, {"ListeningId": 0, "ParameterID": 26, "Value": 0.0}, {"ListeningId": 0, "ParameterID": 27, "Value": 152.69532775878906}, {"ListeningId": 0, "ParameterID": 28, "Value": 232.57850646972656}, {"ListeningId": 0, "ParameterID": 13, "Value": 0.9777040481567383}, {"ListeningId": 0, "ParameterID": 14, "Value": 1.0}, {"ListeningId": 0, "ParameterID": 15, "Value": 0.954718828201294}, {"ListeningId": 0, "ParameterID": 16, "Value": 0.9774742722511292}, {"ListeningId": 0, "ParameterID": 10, "Value": 50.13331985473633}, {"ListeningId": 0, "ParameterID": 11, "Value": 50.13331985473633}, {"ListeningId": 0, "ParameterID": 12, "Value": 50.13331985473633}, {"ListeningId": 0, "ParameterID": 32, "Value": 6567.21435546875}]}, {"ListeningId": 0, "MeterId": 10, "Timestamp": 1632425340, "listeningvalues": [{"ListeningId": 0, "ParameterID": 1, "Value": 230.60821533203125}, {"ListeningId": 0, "ParameterID": 2, "Value": 231.8096923828125}, {"ListeningId": 0, "ParameterID": 3, "Value": 229.787841796875}, {"ListeningId": 0, "ParameterID": 4, "Value": 400.2992248535156}, {"ListeningId": 0, "ParameterID": 5, "Value": 399.3836669921875}, {"ListeningId": 0, "ParameterID": 6, "Value": 399.0664367675781}, {"ListeningId": 0, "ParameterID": 7, "Value": 2.2491352558135986}, {"ListeningId": 0, "ParameterID": 8, "Value": 1.878907322883606}, {"ListeningId": 0, "ParameterID": 9, "Value": 3.0211844444274902}, {"ListeningId": 0, "ParameterID": 17, "Value": 503.94354248046875}, {"ListeningId": 0, "ParameterID": 18, "Value": 435.5489196777344}, {"ListeningId": 0, "ParameterID": 19, "Value": 680.0131225585938}, {"ListeningId": 0, "ParameterID": 20, "Value": 1619.505615234375}, {"ListeningId": 0, "ParameterID": 21, "Value": 518.6690673828125}, {"ListeningId": 0, "ParameterID": 22, "Value": 435.5489196777344}, {"ListeningId": 0, "ParameterID": 23, "Value": 694.2314453125}, {"ListeningId": 0, "ParameterID": 24, "Value": 1648.449462890625}, {"ListeningId": 0, "ParameterID": 25, "Value": 122.71308135986328}, {"ListeningId": 0, "ParameterID": 26, "Value": 0.0}, {"ListeningId": 0, "ParameterID": 27, "Value": 139.7836456298828}, {"ListeningId": 0, "ParameterID": 28, "Value": 262.4967346191406}, {"ListeningId": 0, "ParameterID": 13, "Value": 0.9716089963912964}, {"ListeningId": 0, "ParameterID": 14, "Value": 1.0}, {"ListeningId": 0, "ParameterID": 15, "Value": 0.9795193672180176}, {"ListeningId": 0, "ParameterID": 16, "Value": 0.9837095141410828}, {"ListeningId": 0, "ParameterID": 10, "Value": 50.018497467041016}, {"ListeningId": 0, "ParameterID": 11, "Value": 50.018497467041016}, {"ListeningId": 0, "ParameterID": 12, "Value": 50.018497467041016}, {"ListeningId": 0, "ParameterID": 32, "Value": 8144.998046875}]}, {"ListeningId": 0, "MeterId": 11, "Timestamp": 1632425340, "listeningvalues": [{"ListeningId": 0, "ParameterID": 1, "Value": 230.38516235351562}, {"ListeningId": 0, "ParameterID": 2, "Value": 231.43109130859375}, {"ListeningId": 0, "ParameterID": 3, "Value": 231.21861267089844}, {"ListeningId": 0, "ParameterID": 4, "Value": 399.9652404785156}, {"ListeningId": 0, "ParameterID": 5, "Value": 400.20166015625}, {"ListeningId": 0, "ParameterID": 6, "Value": 399.50494384765625}, {"ListeningId": 0, "ParameterID": 7, "Value": 2.5033655166625977}, {"ListeningId": 0, "ParameterID": 8, "Value": 2.078723907470703}, {"ListeningId": 0, "ParameterID": 9, "Value": 2.683135509490967}, {"ListeningId": 0, "ParameterID": 17, "Value": 561.6372680664062}, {"ListeningId": 0, "ParameterID": 18, "Value": 480.799560546875}, {"ListeningId": 0, "ParameterID": 19, "Value": 591.3056640625}, {"ListeningId": 0, "ParameterID": 20, "Value": 1635.8731689453125}, {"ListeningId": 0, "ParameterID": 21, "Value": 575.7462158203125}, {"ListeningId": 0, "ParameterID": 22, "Value": 480.7903137207031}, {"ListeningId": 0, "ParameterID": 23, "Value": 619.4281005859375}, {"ListeningId": 0, "ParameterID": 24, "Value": 1678.50830078125}, {"ListeningId": 0, "ParameterID": 25, "Value": 128.27462768554688}, {"ListeningId": 0, "ParameterID": 26, "Value": 0.0}, {"ListeningId": 0, "ParameterID": 27, "Value": 184.61012268066406}, {"ListeningId": 0, "ParameterID": 28, "Value": 312.7523498535156}, {"ListeningId": 0, "ParameterID": 13, "Value": 0.9866183996200562}, {"ListeningId": 0, "ParameterID": 14, "Value": 0.988745391368866}, {"ListeningId": 0, "ParameterID": 15, "Value": 0.9506424069404602}, {"ListeningId": 0, "ParameterID": 16, "Value": 0.9753353595733643}, {"ListeningId": 0, "ParameterID": 10, "Value": 50.018497467041016}, {"ListeningId": 0, "ParameterID": 11, "Value": 50.018497467041016}, {"ListeningId": 0, "ParameterID": 12, "Value": 50.018497467041016}, {"ListeningId": 0, "ParameterID": 32, "Value": 6557.09912109375}]}, {"ListeningId": 0, "MeterId": 12, "Timestamp": 1632425340, "listeningvalues": [{"ListeningId": 0, "ParameterID": 1, "Value": 231.23236083984375}, {"ListeningId": 0, "ParameterID": 2, "Value": 232.44851684570312}, {"ListeningId": 0, "ParameterID": 3, "Value": 230.45101928710938}, {"ListeningId": 0, "ParameterID": 4, "Value": 401.96173095703125}, {"ListeningId": 0, "ParameterID": 5, "Value": 400.9928283691406}, {"ListeningId": 0, "ParameterID": 6, "Value": 399.9090576171875}, {"ListeningId": 0, "ParameterID": 7, "Value": 2.7013635635375977}, {"ListeningId": 0, "ParameterID": 8, "Value": 2.0236523151397705}, {"ListeningId": 0, "ParameterID": 9, "Value": 2.704801082611084}, {"ListeningId": 0, "ParameterID": 17, "Value": 613.1552124023438}, {"ListeningId": 0, "ParameterID": 18, "Value": 470.996826171875}, {"ListeningId": 0, "ParameterID": 19, "Value": 604.1639404296875}, {"ListeningId": 0, "ParameterID": 20, "Value": 1690.1268310546875}, {"ListeningId": 0, "ParameterID": 21, "Value": 624.4525756835938}, {"ListeningId": 0, "ParameterID": 22, "Value": 471.4324951171875}, {"ListeningId": 0, "ParameterID": 23, "Value": 623.6409301757812}, {"ListeningId": 0, "ParameterID": 24, "Value": 1718.078125}, {"ListeningId": 0, "ParameterID": 25, "Value": 113.84418487548828}, {"ListeningId": 0, "ParameterID": 26, "Value": 0.0}, {"ListeningId": 0, "ParameterID": 27, "Value": 153.317138671875}, {"ListeningId": 0, "ParameterID": 28, "Value": 267.3221435546875}, {"ListeningId": 0, "ParameterID": 13, "Value": 0.9722083806991577}, {"ListeningId": 0, "ParameterID": 14, "Value": 1.0}, {"ListeningId": 0, "ParameterID": 15, "Value": 0.959983229637146}, {"ListeningId": 0, "ParameterID": 16, "Value": 0.9773972034454346}, {"ListeningId": 0, "ParameterID": 10, "Value": 50.018497467041016}, {"ListeningId": 0, "ParameterID": 11, "Value": 50.018497467041016}, {"ListeningId": 0, "ParameterID": 12, "Value": 50.018497467041016}, {"ListeningId": 0, "ParameterID": 32, "Value": 6556.8525390625}]}]