[{"ListeningId": 0, "MeterId": 1, "Timestamp": 1632427140, "listeningvalues": [{"ListeningId": 0, "ParameterID": 1, "Value": 0.0}, {"ListeningId": 0, "ParameterID": 2, "Value": 0.0}, {"ListeningId": 0, "ParameterID": 3, "Value": 0.0}, {"ListeningId": 0, "ParameterID": 4, "Value": 0.0}, {"ListeningId": 0, "ParameterID": 5, "Value": 0.0}, {"ListeningId": 0, "ParameterID": 6, "Value": 0.0}, {"ListeningId": 0, "ParameterID": 7, "Value": 0.0}, {"ListeningId": 0, "ParameterID": 8, "Value": 0.0}, {"ListeningId": 0, "ParameterID": 9, "Value": 0.0}, {"ListeningId": 0, "ParameterID": 17, "Value": 0.0}, {"ListeningId": 0, "ParameterID": 18, "Value": 0.0}, {"ListeningId": 0, "ParameterID": 19, "Value": 0.0}, {"ListeningId": 0, "ParameterID": 20, "Value": 0.0}, {"ListeningId": 0, "ParameterID": 21, "Value": 0.0}, {"ListeningId": 0, "ParameterID": 22, "Value": 0.0}, {"ListeningId": 0, "ParameterID": 23, "Value": 0.0}, {"ListeningId": 0, "ParameterID": 24, "Value": 0.0}, {"ListeningId": 0, "ParameterID": 25, "Value": 0.0}, {"ListeningId": 0, "ParameterID": 26, "Value": 0.0}, {"ListeningId": 0, "ParameterID": 27, "Value": 0.0}, {"ListeningId": 0, "ParameterID": 28, "Value": 0.0}, {"ListeningId": 0, "ParameterID": 13, "Value": 1.0}, {"ListeningId": 0, "ParameterID": 14, "Value": 1.0}, {"ListeningId": 0, "ParameterID": 15, "Value": 1.0}, {"ListeningId": 0, "ParameterID": 16, "Value": 1.0}, {"ListeningId": 0, "ParameterID": 10, "Value": 0.0}, {"ListeningId": 0, "ParameterID": 11, "Value": 0.0}, {"ListeningId": 0, "ParameterID": 12, "Value": 0.0}, {"ListeningId": 0, "ParameterID": 32, "Value": 11.100358963012695}]}, {"ListeningId": 0, "MeterId": 2, "Timestamp": 1632427140, "listeningvalues": [{"ListeningId": 0, "ParameterID": 1, "Value": 0.0}, {"ListeningId": 0, "ParameterID": 2, "Value": 0.0}, {"ListeningId": 0, "ParameterID": 3, "Value": 0.0}, {"ListeningId": 0, "ParameterID": 4, "Value": 0.0}, {"ListeningId": 0, "ParameterID": 5, "Value": 0.0}, {"ListeningId": 0, "ParameterID": 6, "Value": 0.0}, {"ListeningId": 0, "ParameterID": 7, "Value": 0.0}, {"ListeningId": 0, "ParameterID": 8, "Value": 0.0}, {"ListeningId": 0, "ParameterID": 9, "Value": 0.0}, {"ListeningId": 0, "ParameterID": 17, "Value": 0.0}, {"ListeningId": 0, "ParameterID": 18, "Value": 0.0}, {"ListeningId": 0, "ParameterID": 19, "Value": 0.0}, {"ListeningId": 0, "ParameterID": 20, "Value": 0.0}, {"ListeningId": 0, "ParameterID": 21, "Value": 0.0}, {"ListeningId": 0, "ParameterID": 22, "Value": 0.0}, {"ListeningId": 0, "ParameterID": 23, "Value": 0.0}, {"ListeningId": 0, "ParameterID": 24, "Value": 0.0}, {"ListeningId": 0, "ParameterID": 25, "Value": 0.0}, {"ListeningId": 0, "ParameterID": 26, "Value": 0.0}, {"ListeningId": 0, "ParameterID": 27, "Value": 0.0}, {"ListeningId": 0, "ParameterID": 28, "Value": 0.0}, {"ListeningId": 0, "ParameterID": 13, "Value": 1.0}, {"ListeningId": 0, "ParameterID": 14, "Value": 1.0}, {"ListeningId": 0, "ParameterID": 15, "Value": 1.0}, {"ListeningId": 0, "ParameterID": 16, "Value": 1.0}, {"ListeningId": 0, "ParameterID": 10, "Value": 0.0}, {"ListeningId": 0, "ParameterID": 11, "Value": 0.0}, {"ListeningId": 0, "ParameterID": 12, "Value": 0.0}, {"ListeningId": 0, "ParameterID": 32, "Value": 10.895974159240723}]}, {"ListeningId": 0, "MeterId": 3, "Timestamp": 1632427140, "listeningvalues": [{"ListeningId": 0, "ParameterID": 1, "Value": 0.0}, {"ListeningId": 0, "ParameterID": 2, "Value": 0.0}, {"ListeningId": 0, "ParameterID": 3, "Value": 0.0}, {"ListeningId": 0, "ParameterID": 4, "Value": 0.0}, {"ListeningId": 0, "ParameterID": 5, "Value": 0.0}, {"ListeningId": 0, "ParameterID": 6, "Value": 0.0}, {"ListeningId": 0, "ParameterID": 7, "Value": 0.0}, {"ListeningId": 0, "ParameterID": 8, "Value": 0.0}, {"ListeningId": 0, "ParameterID": 9, "Value": 0.0}, {"ListeningId": 0, "ParameterID": 17, "Value": 0.0}, {"ListeningId": 0, "ParameterID": 18, "Value": 0.0}, {"ListeningId": 0, "ParameterID": 19, "Value": 0.0}, {"ListeningId": 0, "ParameterID": 20, "Value": 0.0}, {"ListeningId": 0, "ParameterID": 21, "Value": 0.0}, {"ListeningId": 0, "ParameterID": 22, "Value": 0.0}, {"ListeningId": 0, "ParameterID": 23, "Value": 0.0}, {"ListeningId": 0, "ParameterID": 24, "Value": 0.0}, {"ListeningId": 0, "ParameterID": 25, "Value": 0.0}, {"ListeningId": 0, "ParameterID": 26, "Value": 0.0}, {"ListeningId": 0, "ParameterID": 27, "Value": 0.0}, {"ListeningId": 0, "ParameterID": 28, "Value": 0.0}, {"ListeningId": 0, "ParameterID": 13, "Value": 1.0}, {"ListeningId": 0, "ParameterID": 14, "Value": 1.0}, {"ListeningId": 0, "ParameterID": 15, "Value": 1.0}, {"ListeningId": 0, "ParameterID": 16, "Value": 1.0}, {"ListeningId": 0, "ParameterID": 10, "Value": 0.0}, {"ListeningId": 0, "ParameterID": 11, "Value": 0.0}, {"ListeningId": 0, "ParameterID": 12, "Value": 0.0}, {"ListeningId": 0, "ParameterID": 32, "Value": 11.019444465637207}]}, {"ListeningId": 0, "MeterId": 4, "Timestamp": 1632427140, "listeningvalues": [{"ListeningId": 0, "ParameterID": 1, "Value": 0.0}, {"ListeningId": 0, "ParameterID": 2, "Value": 0.0}, {"ListeningId": 0, "ParameterID": 3, "Value": 0.0}, {"ListeningId": 0, "ParameterID": 4, "Value": 0.0}, {"ListeningId": 0, "ParameterID": 5, "Value": 0.0}, {"ListeningId": 0, "ParameterID": 6, "Value": 0.0}, {"ListeningId": 0, "ParameterID": 7, "Value": 0.0}, {"ListeningId": 0, "ParameterID": 8, "Value": 0.0}, {"ListeningId": 0, "ParameterID": 9, "Value": 0.0}, {"ListeningId": 0, "ParameterID": 17, "Value": 0.0}, {"ListeningId": 0, "ParameterID": 18, "Value": 0.0}, {"ListeningId": 0, "ParameterID": 19, "Value": 0.0}, {"ListeningId": 0, "ParameterID": 20, "Value": 0.0}, {"ListeningId": 0, "ParameterID": 21, "Value": 0.0}, {"ListeningId": 0, "ParameterID": 22, "Value": 0.0}, {"ListeningId": 0, "ParameterID": 23, "Value": 0.0}, {"ListeningId": 0, "ParameterID": 24, "Value": 0.0}, {"ListeningId": 0, "ParameterID": 25, "Value": 0.0}, {"ListeningId": 0, "ParameterID": 26, "Value": 0.0}, {"ListeningId": 0, "ParameterID": 27, "Value": 0.0}, {"ListeningId": 0, "ParameterID": 28, "Value": 0.0}, {"ListeningId": 0, "ParameterID": 13, "Value": 1.0}, {"ListeningId": 0, "ParameterID": 14, "Value": 1.0}, {"ListeningId": 0, "ParameterID": 15, "Value": 1.0}, {"ListeningId": 0, "ParameterID": 16, "Value": 1.0}, {"ListeningId": 0, "ParameterID": 10, "Value": 0.0}, {"ListeningId": 0, "ParameterID": 11, "Value": 0.0}, {"ListeningId": 0, "ParameterID": 12, "Value": 0.0}, {"ListeningId": 0, "ParameterID": 32, "Value": 11.130329132080078}]}, {"ListeningId": 0, "MeterId": 5, "Timestamp": 1632427140, "listeningvalues": [{"ListeningId": 0, "ParameterID": 1, "Value": 0.0}, {"ListeningId": 0, "ParameterID": 2, "Value": 0.0}, {"ListeningId": 0, "ParameterID": 3, "Value": 0.0}, {"ListeningId": 0, "ParameterID": 4, "Value": 0.0}, {"ListeningId": 0, "ParameterID": 5, "Value": 0.0}, {"ListeningId": 0, "ParameterID": 6, "Value": 0.0}, {"ListeningId": 0, "ParameterID": 7, "Value": 0.0}, {"ListeningId": 0, "ParameterID": 8, "Value": 0.0}, {"ListeningId": 0, "ParameterID": 9, "Value": 0.0}, {"ListeningId": 0, "ParameterID": 17, "Value": 0.0}, {"ListeningId": 0, "ParameterID": 18, "Value": 0.0}, {"ListeningId": 0, "ParameterID": 19, "Value": 0.0}, {"ListeningId": 0, "ParameterID": 20, "Value": 0.0}, {"ListeningId": 0, "ParameterID": 21, "Value": 0.0}, {"ListeningId": 0, "ParameterID": 22, "Value": 0.0}, {"ListeningId": 0, "ParameterID": 23, "Value": 0.0}, {"ListeningId": 0, "ParameterID": 24, "Value": 0.0}, {"ListeningId": 0, "ParameterID": 25, "Value": 0.0}, {"ListeningId": 0, "ParameterID": 26, "Value": 0.0}, {"ListeningId": 0, "ParameterID": 27, "Value": 0.0}, {"ListeningId": 0, "ParameterID": 28, "Value": 0.0}, {"ListeningId": 0, "ParameterID": 13, "Value": 1.0}, {"ListeningId": 0, "ParameterID": 14, "Value": 1.0}, {"ListeningId": 0, "ParameterID": 15, "Value": 1.0}, {"ListeningId": 0, "ParameterID": 16, "Value": 1.0}, {"ListeningId": 0, "ParameterID": 10, "Value": 0.0}, {"ListeningId": 0, "ParameterID": 11, "Value": 0.0}, {"ListeningId": 0, "ParameterID": 12, "Value": 0.0}, {"ListeningId": 0, "ParameterID": 32, "Value": 11.219849586486816}]}, {"ListeningId": 0, "MeterId": 6, "Timestamp": 1632427140, "listeningvalues": [{"ListeningId": 0, "ParameterID": 1, "Value": 0.0}, {"ListeningId": 0, "ParameterID": 2, "Value": 0.0}, {"ListeningId": 0, "ParameterID": 3, "Value": 0.0}, {"ListeningId": 0, "ParameterID": 4, "Value": 0.0}, {"ListeningId": 0, "ParameterID": 5, "Value": 0.0}, {"ListeningId": 0, "ParameterID": 6, "Value": 0.0}, {"ListeningId": 0, "ParameterID": 7, "Value": 0.0}, {"ListeningId": 0, "ParameterID": 8, "Value": 0.0}, {"ListeningId": 0, "ParameterID": 9, "Value": 0.0}, {"ListeningId": 0, "ParameterID": 17, "Value": 0.0}, {"ListeningId": 0, "ParameterID": 18, "Value": 0.0}, {"ListeningId": 0, "ParameterID": 19, "Value": 0.0}, {"ListeningId": 0, "ParameterID": 20, "Value": 0.0}, {"ListeningId": 0, "ParameterID": 21, "Value": 0.0}, {"ListeningId": 0, "ParameterID": 22, "Value": 0.0}, {"ListeningId": 0, "ParameterID": 23, "Value": 0.0}, {"ListeningId": 0, "ParameterID": 24, "Value": 0.0}, {"ListeningId": 0, "ParameterID": 25, "Value": 0.0}, {"ListeningId": 0, "ParameterID": 26, "Value": 0.0}, {"ListeningId": 0, "ParameterID": 27, "Value": 0.0}, {"ListeningId": 0, "ParameterID": 28, "Value": 0.0}, {"ListeningId": 0, "ParameterID": 13, "Value": 1.0}, {"ListeningId": 0, "ParameterID": 14, "Value": 1.0}, {"ListeningId": 0, "ParameterID": 15, "Value": 1.0}, {"ListeningId": 0, "ParameterID": 16, "Value": 1.0}, {"ListeningId": 0, "ParameterID": 10, "Value": 0.0}, {"ListeningId": 0, "ParameterID": 11, "Value": 0.0}, {"ListeningId": 0, "ParameterID": 12, "Value": 0.0}, {"ListeningId": 0, "ParameterID": 32, "Value": 11.154699325561523}]}, {"ListeningId": 0, "MeterId": 7, "Timestamp": 1632427140, "listeningvalues": [{"ListeningId": 0, "ParameterID": 1, "Value": 0.0}, {"ListeningId": 0, "ParameterID": 2, "Value": 0.0}, {"ListeningId": 0, "ParameterID": 3, "Value": 0.0}, {"ListeningId": 0, "ParameterID": 4, "Value": 0.0}, {"ListeningId": 0, "ParameterID": 5, "Value": 0.0}, {"ListeningId": 0, "ParameterID": 6, "Value": 0.0}, {"ListeningId": 0, "ParameterID": 7, "Value": 0.0}, {"ListeningId": 0, "ParameterID": 8, "Value": 0.0}, {"ListeningId": 0, "ParameterID": 9, "Value": 0.0}, {"ListeningId": 0, "ParameterID": 17, "Value": 0.0}, {"ListeningId": 0, "ParameterID": 18, "Value": 0.0}, {"ListeningId": 0, "ParameterID": 19, "Value": 0.0}, {"ListeningId": 0, "ParameterID": 20, "Value": 0.0}, {"ListeningId": 0, "ParameterID": 21, "Value": 0.0}, {"ListeningId": 0, "ParameterID": 22, "Value": 0.0}, {"ListeningId": 0, "ParameterID": 23, "Value": 0.0}, {"ListeningId": 0, "ParameterID": 24, "Value": 0.0}, {"ListeningId": 0, "ParameterID": 25, "Value": 0.0}, {"ListeningId": 0, "ParameterID": 26, "Value": 0.0}, {"ListeningId": 0, "ParameterID": 27, "Value": 0.0}, {"ListeningId": 0, "ParameterID": 28, "Value": 0.0}, {"ListeningId": 0, "ParameterID": 13, "Value": 1.0}, {"ListeningId": 0, "ParameterID": 14, "Value": 1.0}, {"ListeningId": 0, "ParameterID": 15, "Value": 1.0}, {"ListeningId": 0, "ParameterID": 16, "Value": 1.0}, {"ListeningId": 0, "ParameterID": 10, "Value": 0.0}, {"ListeningId": 0, "ParameterID": 11, "Value": 0.0}, {"ListeningId": 0, "ParameterID": 12, "Value": 0.0}, {"ListeningId": 0, "ParameterID": 32, "Value": 11.051000595092773}]}, {"ListeningId": 0, "MeterId": 8, "Timestamp": 1632427140, "listeningvalues": [{"ListeningId": 0, "ParameterID": 1, "Value": 0.0}, {"ListeningId": 0, "ParameterID": 2, "Value": 0.0}, {"ListeningId": 0, "ParameterID": 3, "Value": 0.0}, {"ListeningId": 0, "ParameterID": 4, "Value": 0.0}, {"ListeningId": 0, "ParameterID": 5, "Value": 0.0}, {"ListeningId": 0, "ParameterID": 6, "Value": 0.0}, {"ListeningId": 0, "ParameterID": 7, "Value": 0.0}, {"ListeningId": 0, "ParameterID": 8, "Value": 0.0}, {"ListeningId": 0, "ParameterID": 9, "Value": 0.0}, {"ListeningId": 0, "ParameterID": 17, "Value": 0.0}, {"ListeningId": 0, "ParameterID": 18, "Value": 0.0}, {"ListeningId": 0, "ParameterID": 19, "Value": 0.0}, {"ListeningId": 0, "ParameterID": 20, "Value": 0.0}, {"ListeningId": 0, "ParameterID": 21, "Value": 0.0}, {"ListeningId": 0, "ParameterID": 22, "Value": 0.0}, {"ListeningId": 0, "ParameterID": 23, "Value": 0.0}, {"ListeningId": 0, "ParameterID": 24, "Value": 0.0}, {"ListeningId": 0, "ParameterID": 25, "Value": 0.0}, {"ListeningId": 0, "ParameterID": 26, "Value": 0.0}, {"ListeningId": 0, "ParameterID": 27, "Value": 0.0}, {"ListeningId": 0, "ParameterID": 28, "Value": 0.0}, {"ListeningId": 0, "ParameterID": 13, "Value": 1.0}, {"ListeningId": 0, "ParameterID": 14, "Value": 1.0}, {"ListeningId": 0, "ParameterID": 15, "Value": 1.0}, {"ListeningId": 0, "ParameterID": 16, "Value": 1.0}, {"ListeningId": 0, "ParameterID": 10, "Value": 0.0}, {"ListeningId": 0, "ParameterID": 11, "Value": 0.0}, {"ListeningId": 0, "ParameterID": 12, "Value": 0.0}, {"ListeningId": 0, "ParameterID": 32, "Value": 11.051000595092773}]}, {"ListeningId": 0, "MeterId": 9, "Timestamp": 1632427140, "listeningvalues": [{"ListeningId": 0, "ParameterID": 1, "Value": 0.0}, {"ListeningId": 0, "ParameterID": 2, "Value": 0.0}, {"ListeningId": 0, "ParameterID": 3, "Value": 0.0}, {"ListeningId": 0, "ParameterID": 4, "Value": 0.0}, {"ListeningId": 0, "ParameterID": 5, "Value": 0.0}, {"ListeningId": 0, "ParameterID": 6, "Value": 0.0}, {"ListeningId": 0, "ParameterID": 7, "Value": 0.0}, {"ListeningId": 0, "ParameterID": 8, "Value": 0.0}, {"ListeningId": 0, "ParameterID": 9, "Value": 0.0}, {"ListeningId": 0, "ParameterID": 17, "Value": 0.0}, {"ListeningId": 0, "ParameterID": 18, "Value": 0.0}, {"ListeningId": 0, "ParameterID": 19, "Value": 0.0}, {"ListeningId": 0, "ParameterID": 20, "Value": 0.0}, {"ListeningId": 0, "ParameterID": 21, "Value": 0.0}, {"ListeningId": 0, "ParameterID": 22, "Value": 0.0}, {"ListeningId": 0, "ParameterID": 23, "Value": 0.0}, {"ListeningId": 0, "ParameterID": 24, "Value": 0.0}, {"ListeningId": 0, "ParameterID": 25, "Value": 0.0}, {"ListeningId": 0, "ParameterID": 26, "Value": 0.0}, {"ListeningId": 0, "ParameterID": 27, "Value": 0.0}, {"ListeningId": 0, "ParameterID": 28, "Value": 0.0}, {"ListeningId": 0, "ParameterID": 13, "Value": 1.0}, {"ListeningId": 0, "ParameterID": 14, "Value": 1.0}, {"ListeningId": 0, "ParameterID": 15, "Value": 1.0}, {"ListeningId": 0, "ParameterID": 16, "Value": 1.0}, {"ListeningId": 0, "ParameterID": 10, "Value": 0.0}, {"ListeningId": 0, "ParameterID": 11, "Value": 0.0}, {"ListeningId": 0, "ParameterID": 12, "Value": 0.0}, {"ListeningId": 0, "ParameterID": 32, "Value": 11.02610969543457}]}, {"ListeningId": 0, "MeterId": 10, "Timestamp": 1632427140, "listeningvalues": [{"ListeningId": 0, "ParameterID": 1, "Value": 0.0}, {"ListeningId": 0, "ParameterID": 2, "Value": 0.0}, {"ListeningId": 0, "ParameterID": 3, "Value": 0.0}, {"ListeningId": 0, "ParameterID": 4, "Value": 0.0}, {"ListeningId": 0, "ParameterID": 5, "Value": 0.0}, {"ListeningId": 0, "ParameterID": 6, "Value": 0.0}, {"ListeningId": 0, "ParameterID": 7, "Value": 0.0}, {"ListeningId": 0, "ParameterID": 8, "Value": 0.0}, {"ListeningId": 0, "ParameterID": 9, "Value": 0.0}, {"ListeningId": 0, "ParameterID": 17, "Value": 0.0}, {"ListeningId": 0, "ParameterID": 18, "Value": 0.0}, {"ListeningId": 0, "ParameterID": 19, "Value": 0.0}, {"ListeningId": 0, "ParameterID": 20, "Value": 0.0}, {"ListeningId": 0, "ParameterID": 21, "Value": 0.0}, {"ListeningId": 0, "ParameterID": 22, "Value": 0.0}, {"ListeningId": 0, "ParameterID": 23, "Value": 0.0}, {"ListeningId": 0, "ParameterID": 24, "Value": 0.0}, {"ListeningId": 0, "ParameterID": 25, "Value": 0.0}, {"ListeningId": 0, "ParameterID": 26, "Value": 0.0}, {"ListeningId": 0, "ParameterID": 27, "Value": 0.0}, {"ListeningId": 0, "ParameterID": 28, "Value": 0.0}, {"ListeningId": 0, "ParameterID": 13, "Value": 1.0}, {"ListeningId": 0, "ParameterID": 14, "Value": 1.0}, {"ListeningId": 0, "ParameterID": 15, "Value": 1.0}, {"ListeningId": 0, "ParameterID": 16, "Value": 1.0}, {"ListeningId": 0, "ParameterID": 10, "Value": 0.0}, {"ListeningId": 0, "ParameterID": 11, "Value": 0.0}, {"ListeningId": 0, "ParameterID": 12, "Value": 0.0}, {"ListeningId": 0, "ParameterID": 32, "Value": 11.057242393493652}]}, {"ListeningId": 0, "MeterId": 11, "Timestamp": 1632427140, "listeningvalues": [{"ListeningId": 0, "ParameterID": 1, "Value": 0.0}, {"ListeningId": 0, "ParameterID": 2, "Value": 0.0}, {"ListeningId": 0, "ParameterID": 3, "Value": 0.0}, {"ListeningId": 0, "ParameterID": 4, "Value": 0.0}, {"ListeningId": 0, "ParameterID": 5, "Value": 0.0}, {"ListeningId": 0, "ParameterID": 6, "Value": 0.0}, {"ListeningId": 0, "ParameterID": 7, "Value": 0.0}, {"ListeningId": 0, "ParameterID": 8, "Value": 0.0}, {"ListeningId": 0, "ParameterID": 9, "Value": 0.0}, {"ListeningId": 0, "ParameterID": 17, "Value": 0.0}, {"ListeningId": 0, "ParameterID": 18, "Value": 0.0}, {"ListeningId": 0, "ParameterID": 19, "Value": 0.0}, {"ListeningId": 0, "ParameterID": 20, "Value": 0.0}, {"ListeningId": 0, "ParameterID": 21, "Value": 0.0}, {"ListeningId": 0, "ParameterID": 22, "Value": 0.0}, {"ListeningId": 0, "ParameterID": 23, "Value": 0.0}, {"ListeningId": 0, "ParameterID": 24, "Value": 0.0}, {"ListeningId": 0, "ParameterID": 25, "Value": 0.0}, {"ListeningId": 0, "ParameterID": 26, "Value": 0.0}, {"ListeningId": 0, "ParameterID": 27, "Value": 0.0}, {"ListeningId": 0, "ParameterID": 28, "Value": 0.0}, {"ListeningId": 0, "ParameterID": 13, "Value": 1.0}, {"ListeningId": 0, "ParameterID": 14, "Value": 1.0}, {"ListeningId": 0, "ParameterID": 15, "Value": 1.0}, {"ListeningId": 0, "ParameterID": 16, "Value": 1.0}, {"ListeningId": 0, "ParameterID": 10, "Value": 0.0}, {"ListeningId": 0, "ParameterID": 11, "Value": 0.0}, {"ListeningId": 0, "ParameterID": 12, "Value": 0.0}, {"ListeningId": 0, "ParameterID": 32, "Value": 11.083935737609863}]}, {"ListeningId": 0, "MeterId": 12, "Timestamp": 1632427140, "listeningvalues": [{"ListeningId": 0, "ParameterID": 1, "Value": 0.0}, {"ListeningId": 0, "ParameterID": 2, "Value": 0.0}, {"ListeningId": 0, "ParameterID": 3, "Value": 0.0}, {"ListeningId": 0, "ParameterID": 4, "Value": 0.0}, {"ListeningId": 0, "ParameterID": 5, "Value": 0.0}, {"ListeningId": 0, "ParameterID": 6, "Value": 0.0}, {"ListeningId": 0, "ParameterID": 7, "Value": 0.0}, {"ListeningId": 0, "ParameterID": 8, "Value": 0.0}, {"ListeningId": 0, "ParameterID": 9, "Value": 0.0}, {"ListeningId": 0, "ParameterID": 17, "Value": 0.0}, {"ListeningId": 0, "ParameterID": 18, "Value": 0.0}, {"ListeningId": 0, "ParameterID": 19, "Value": 0.0}, {"ListeningId": 0, "ParameterID": 20, "Value": 0.0}, {"ListeningId": 0, "ParameterID": 21, "Value": 0.0}, {"ListeningId": 0, "ParameterID": 22, "Value": 0.0}, {"ListeningId": 0, "ParameterID": 23, "Value": 0.0}, {"ListeningId": 0, "ParameterID": 24, "Value": 0.0}, {"ListeningId": 0, "ParameterID": 25, "Value": 0.0}, {"ListeningId": 0, "ParameterID": 26, "Value": 0.0}, {"ListeningId": 0, "ParameterID": 27, "Value": 0.0}, {"ListeningId": 0, "ParameterID": 28, "Value": 0.0}, {"ListeningId": 0, "ParameterID": 13, "Value": 1.0}, {"ListeningId": 0, "ParameterID": 14, "Value": 1.0}, {"ListeningId": 0, "ParameterID": 15, "Value": 1.0}, {"ListeningId": 0, "ParameterID": 16, "Value": 1.0}, {"ListeningId": 0, "ParameterID": 10, "Value": 0.0}, {"ListeningId": 0, "ParameterID": 11, "Value": 0.0}, {"ListeningId": 0, "ParameterID": 12, "Value": 0.0}, {"ListeningId": 0, "ParameterID": 32, "Value": 10.876091003417969}]}]