[{"ListeningId": 0, "MeterId": 1, "Timestamp": 1632425940, "listeningvalues": [{"ListeningId": 0, "ParameterID": 1, "Value": 230.56646728515625}, {"ListeningId": 0, "ParameterID": 2, "Value": 232.13417053222656}, {"ListeningId": 0, "ParameterID": 3, "Value": 231.02931213378906}, {"ListeningId": 0, "ParameterID": 4, "Value": 400.88897705078125}, {"ListeningId": 0, "ParameterID": 5, "Value": 401.503173828125}, {"ListeningId": 0, "ParameterID": 6, "Value": 399.3874816894531}, {"ListeningId": 0, "ParameterID": 7, "Value": 2.5018248558044434}, {"ListeningId": 0, "ParameterID": 8, "Value": 2.0466344356536865}, {"ListeningId": 0, "ParameterID": 9, "Value": 2.9281656742095947}, {"ListeningId": 0, "ParameterID": 17, "Value": 556.7828369140625}, {"ListeningId": 0, "ParameterID": 18, "Value": 469.8027648925781}, {"ListeningId": 0, "ParameterID": 19, "Value": 647.3534545898438}, {"ListeningId": 0, "ParameterID": 20, "Value": 1673.93896484375}, {"ListeningId": 0, "ParameterID": 21, "Value": 576.8369140625}, {"ListeningId": 0, "ParameterID": 22, "Value": 475.0937805175781}, {"ListeningId": 0, "ParameterID": 23, "Value": 676.4921264648438}, {"ListeningId": 0, "ParameterID": 24, "Value": 1728.4228515625}, {"ListeningId": 0, "ParameterID": 25, "Value": 150.77694702148438}, {"ListeningId": 0, "ParameterID": 26, "Value": 70.7068099975586}, {"ListeningId": 0, "ParameterID": 27, "Value": 196.40542602539062}, {"ListeningId": 0, "ParameterID": 28, "Value": 417.8891906738281}, {"ListeningId": 0, "ParameterID": 13, "Value": 0.970441997051239}, {"ListeningId": 0, "ParameterID": 14, "Value": 1.0}, {"ListeningId": 0, "ParameterID": 15, "Value": 0.9669764041900635}, {"ListeningId": 0, "ParameterID": 16, "Value": 0.979139506816864}, {"ListeningId": 0, "ParameterID": 10, "Value": 50.01829528808594}, {"ListeningId": 0, "ParameterID": 11, "Value": 50.01829528808594}, {"ListeningId": 0, "ParameterID": 12, "Value": 50.01829528808594}, {"ListeningId": 0, "ParameterID": 32, "Value": 6830.0556640625}]}, {"ListeningId": 0, "MeterId": 2, "Timestamp": 1632425940, "listeningvalues": [{"ListeningId": 0, "ParameterID": 1, "Value": 231.08790588378906}, {"ListeningId": 0, "ParameterID": 2, "Value": 231.68869018554688}, {"ListeningId": 0, "ParameterID": 3, "Value": 230.6825714111328}, {"ListeningId": 0, "ParameterID": 4, "Value": 400.6310729980469}, {"ListeningId": 0, "ParameterID": 5, "Value": 400.12506103515625}, {"ListeningId": 0, "ParameterID": 6, "Value": 399.9927673339844}, {"ListeningId": 0, "ParameterID": 7, "Value": 2.328103542327881}, {"ListeningId": 0, "ParameterID": 8, "Value": 2.22961163520813}, {"ListeningId": 0, "ParameterID": 9, "Value": 2.7776691913604736}, {"ListeningId": 0, "ParameterID": 17, "Value": 531.6889038085938}, {"ListeningId": 0, "ParameterID": 18, "Value": 516.8825073242188}, {"ListeningId": 0, "ParameterID": 19, "Value": 609.3480224609375}, {"ListeningId": 0, "ParameterID": 20, "Value": 1656.182861328125}, {"ListeningId": 0, "ParameterID": 21, "Value": 537.4622192382812}, {"ListeningId": 0, "ParameterID": 22, "Value": 516.9852294921875}, {"ListeningId": 0, "ParameterID": 23, "Value": 641.0069580078125}, {"ListeningId": 0, "ParameterID": 24, "Value": 1694.4993896484375}, {"ListeningId": 0, "ParameterID": 25, "Value": 80.89725494384766}, {"ListeningId": 0, "ParameterID": 26, "Value": 0.0}, {"ListeningId": 0, "ParameterID": 27, "Value": 200.6119842529297}, {"ListeningId": 0, "ParameterID": 28, "Value": 281.4760437011719}, {"ListeningId": 0, "ParameterID": 13, "Value": 0.9587004780769348}, {"ListeningId": 0, "ParameterID": 14, "Value": 1.0}, {"ListeningId": 0, "ParameterID": 15, "Value": 0.9781147241592407}, {"ListeningId": 0, "ParameterID": 16, "Value": 0.9789384007453918}, {"ListeningId": 0, "ParameterID": 10, "Value": 50.01829528808594}, {"ListeningId": 0, "ParameterID": 11, "Value": 50.01829528808594}, {"ListeningId": 0, "ParameterID": 12, "Value": 50.01829528808594}, {"ListeningId": 0, "ParameterID": 32, "Value": 6835.4501953125}]}, {"ListeningId": 0, "MeterId": 3, "Timestamp": 1632425940, "listeningvalues": [{"ListeningId": 0, "ParameterID": 1, "Value": 230.5344696044922}, {"ListeningId": 0, "ParameterID": 2, "Value": 232.02122497558594}, {"ListeningId": 0, "ParameterID": 3, "Value": 230.3448028564453}, {"ListeningId": 0, "ParameterID": 4, "Value": 400.3575439453125}, {"ListeningId": 0, "ParameterID": 5, "Value": 400.7830810546875}, {"ListeningId": 0, "ParameterID": 6, "Value": 399.27392578125}, {"ListeningId": 0, "ParameterID": 7, "Value": 2.6400961875915527}, {"ListeningId": 0, "ParameterID": 8, "Value": 1.8426328897476196}, {"ListeningId": 0, "ParameterID": 9, "Value": 3.004765510559082}, {"ListeningId": 0, "ParameterID": 17, "Value": 597.9540405273438}, {"ListeningId": 0, "ParameterID": 18, "Value": 427.7073669433594}, {"ListeningId": 0, "ParameterID": 19, "Value": 672.1998901367188}, {"ListeningId": 0, "ParameterID": 20, "Value": 1699.679443359375}, {"ListeningId": 0, "ParameterID": 21, "Value": 608.4276123046875}, {"ListeningId": 0, "ParameterID": 22, "Value": 428.1307373046875}, {"ListeningId": 0, "ParameterID": 23, "Value": 691.7738647460938}, {"ListeningId": 0, "ParameterID": 24, "Value": 1727.3917236328125}, {"ListeningId": 0, "ParameterID": 25, "Value": 112.31961059570312}, {"ListeningId": 0, "ParameterID": 26, "Value": 0.0}, {"ListeningId": 0, "ParameterID": 27, "Value": 164.8905487060547}, {"ListeningId": 0, "ParameterID": 28, "Value": 277.026611328125}, {"ListeningId": 0, "ParameterID": 13, "Value": 0.9813875555992126}, {"ListeningId": 0, "ParameterID": 14, "Value": 1.0}, {"ListeningId": 0, "ParameterID": 15, "Value": 0.9445800185203552}, {"ListeningId": 0, "ParameterID": 16, "Value": 0.9753225445747375}, {"ListeningId": 0, "ParameterID": 10, "Value": 50.01829528808594}, {"ListeningId": 0, "ParameterID": 11, "Value": 50.01829528808594}, {"ListeningId": 0, "ParameterID": 12, "Value": 50.01829528808594}, {"ListeningId": 0, "ParameterID": 32, "Value": 6836.83984375}]}, {"ListeningId": 0, "MeterId": 4, "Timestamp": 1632425940, "listeningvalues": [{"ListeningId": 0, "ParameterID": 1, "Value": 231.27818298339844}, {"ListeningId": 0, "ParameterID": 2, "Value": 232.09706115722656}, {"ListeningId": 0, "ParameterID": 3, "Value": 230.13755798339844}, {"ListeningId": 0, "ParameterID": 4, "Value": 401.5368957519531}, {"ListeningId": 0, "ParameterID": 5, "Value": 400.07666015625}, {"ListeningId": 0, "ParameterID": 6, "Value": 399.736083984375}, {"ListeningId": 0, "ParameterID": 7, "Value": 2.5740532875061035}, {"ListeningId": 0, "ParameterID": 8, "Value": 2.157712459564209}, {"ListeningId": 0, "ParameterID": 9, "Value": 3.008145809173584}, {"ListeningId": 0, "ParameterID": 17, "Value": 572.5210571289062}, {"ListeningId": 0, "ParameterID": 18, "Value": 500.7987060546875}, {"ListeningId": 0, "ParameterID": 19, "Value": 654.56884765625}, {"ListeningId": 0, "ParameterID": 20, "Value": 1727.888671875}, {"ListeningId": 0, "ParameterID": 21, "Value": 595.3223876953125}, {"ListeningId": 0, "ParameterID": 22, "Value": 500.7987060546875}, {"ListeningId": 0, "ParameterID": 23, "Value": 692.287353515625}, {"ListeningId": 0, "ParameterID": 24, "Value": 1788.408447265625}, {"ListeningId": 0, "ParameterID": 25, "Value": 163.18203735351562}, {"ListeningId": 0, "ParameterID": 26, "Value": 0.0}, {"ListeningId": 0, "ParameterID": 27, "Value": 225.3916778564453}, {"ListeningId": 0, "ParameterID": 28, "Value": 388.57373046875}, {"ListeningId": 0, "ParameterID": 13, "Value": 0.9616991877555847}, {"ListeningId": 0, "ParameterID": 14, "Value": 1.0}, {"ListeningId": 0, "ParameterID": 15, "Value": 0.9455161094665527}, {"ListeningId": 0, "ParameterID": 16, "Value": 0.9690718054771423}, {"ListeningId": 0, "ParameterID": 10, "Value": 50.053428649902344}, {"ListeningId": 0, "ParameterID": 11, "Value": 50.053428649902344}, {"ListeningId": 0, "ParameterID": 12, "Value": 50.053428649902344}, {"ListeningId": 0, "ParameterID": 32, "Value": 6836.08984375}]}, {"ListeningId": 0, "MeterId": 5, "Timestamp": 1632425940, "listeningvalues": [{"ListeningId": 0, "ParameterID": 1, "Value": 230.9296417236328}, {"ListeningId": 0, "ParameterID": 2, "Value": 232.03216552734375}, {"ListeningId": 0, "ParameterID": 3, "Value": 230.87892150878906}, {"ListeningId": 0, "ParameterID": 4, "Value": 401.0326232910156}, {"ListeningId": 0, "ParameterID": 5, "Value": 400.9027404785156}, {"ListeningId": 0, "ParameterID": 6, "Value": 399.5141906738281}, {"ListeningId": 0, "ParameterID": 7, "Value": 2.38078236579895}, {"ListeningId": 0, "ParameterID": 8, "Value": 1.937550663948059}, {"ListeningId": 0, "ParameterID": 9, "Value": 3.072615385055542}, {"ListeningId": 0, "ParameterID": 17, "Value": 528.98974609375}, {"ListeningId": 0, "ParameterID": 18, "Value": 447.165771484375}, {"ListeningId": 0, "ParameterID": 19, "Value": 683.0123291015625}, {"ListeningId": 0, "ParameterID": 20, "Value": 1659.0972900390625}, {"ListeningId": 0, "ParameterID": 21, "Value": 549.7889404296875}, {"ListeningId": 0, "ParameterID": 22, "Value": 449.3409729003906}, {"ListeningId": 0, "ParameterID": 23, "Value": 709.040283203125}, {"ListeningId": 0, "ParameterID": 24, "Value": 1708.7235107421875}, {"ListeningId": 0, "ParameterID": 25, "Value": 146.95521545410156}, {"ListeningId": 0, "ParameterID": 26, "Value": 44.66831588745117}, {"ListeningId": 0, "ParameterID": 27, "Value": 192.9830780029297}, {"ListeningId": 0, "ParameterID": 28, "Value": 384.6521911621094}, {"ListeningId": 0, "ParameterID": 13, "Value": 0.958848774433136}, {"ListeningId": 0, "ParameterID": 14, "Value": 0.9872189164161682}, {"ListeningId": 0, "ParameterID": 15, "Value": 0.9414862394332886}, {"ListeningId": 0, "ParameterID": 16, "Value": 0.9625179767608643}, {"ListeningId": 0, "ParameterID": 10, "Value": 50.053428649902344}, {"ListeningId": 0, "ParameterID": 11, "Value": 50.053428649902344}, {"ListeningId": 0, "ParameterID": 12, "Value": 50.053428649902344}, {"ListeningId": 0, "ParameterID": 32, "Value": 6835.0625}]}, {"ListeningId": 0, "MeterId": 6, "Timestamp": 1632425940, "listeningvalues": [{"ListeningId": 0, "ParameterID": 1, "Value": 231.67434692382812}, {"ListeningId": 0, "ParameterID": 2, "Value": 231.84219360351562}, {"ListeningId": 0, "ParameterID": 3, "Value": 230.67466735839844}, {"ListeningId": 0, "ParameterID": 4, "Value": 400.897216796875}, {"ListeningId": 0, "ParameterID": 5, "Value": 400.41998291015625}, {"ListeningId": 0, "ParameterID": 6, "Value": 400.5637512207031}, {"ListeningId": 0, "ParameterID": 7, "Value": 2.3404152393341064}, {"ListeningId": 0, "ParameterID": 8, "Value": 2.1255438327789307}, {"ListeningId": 0, "ParameterID": 9, "Value": 2.927311897277832}, {"ListeningId": 0, "ParameterID": 17, "Value": 528.1821899414062}, {"ListeningId": 0, "ParameterID": 18, "Value": 487.27618408203125}, {"ListeningId": 0, "ParameterID": 19, "Value": 644.92626953125}, {"ListeningId": 0, "ParameterID": 20, "Value": 1660.40966796875}, {"ListeningId": 0, "ParameterID": 21, "Value": 541.891845703125}, {"ListeningId": 0, "ParameterID": 22, "Value": 492.1824951171875}, {"ListeningId": 0, "ParameterID": 23, "Value": 675.7919921875}, {"ListeningId": 0, "ParameterID": 24, "Value": 1710.366943359375}, {"ListeningId": 0, "ParameterID": 25, "Value": 121.83808898925781}, {"ListeningId": 0, "ParameterID": 26, "Value": 69.0486831665039}, {"ListeningId": 0, "ParameterID": 27, "Value": 204.0370330810547}, {"ListeningId": 0, "ParameterID": 28, "Value": 395.0141296386719}, {"ListeningId": 0, "ParameterID": 13, "Value": 0.9916147589683533}, {"ListeningId": 0, "ParameterID": 14, "Value": 0.9863485097885132}, {"ListeningId": 0, "ParameterID": 15, "Value": 0.9410216212272644}, {"ListeningId": 0, "ParameterID": 16, "Value": 0.9729949831962585}, {"ListeningId": 0, "ParameterID": 10, "Value": 50.053428649902344}, {"ListeningId": 0, "ParameterID": 11, "Value": 50.053428649902344}, {"ListeningId": 0, "ParameterID": 12, "Value": 50.053428649902344}, {"ListeningId": 0, "ParameterID": 32, "Value": 6835.07666015625}]}, {"ListeningId": 0, "MeterId": 7, "Timestamp": 1632425940, "listeningvalues": [{"ListeningId": 0, "ParameterID": 1, "Value": 230.67874145507812}, {"ListeningId": 0, "ParameterID": 2, "Value": 231.7913360595703}, {"ListeningId": 0, "ParameterID": 3, "Value": 230.13113403320312}, {"ListeningId": 0, "ParameterID": 4, "Value": 400.9183044433594}, {"ListeningId": 0, "ParameterID": 5, "Value": 400.2956848144531}, {"ListeningId": 0, "ParameterID": 6, "Value": 399.3429260253906}, {"ListeningId": 0, "ParameterID": 7, "Value": 2.597249984741211}, {"ListeningId": 0, "ParameterID": 8, "Value": 1.7835079431533813}, {"ListeningId": 0, "ParameterID": 9, "Value": 2.6684818267822266}, {"ListeningId": 0, "ParameterID": 17, "Value": 574.031494140625}, {"ListeningId": 0, "ParameterID": 18, "Value": 413.7516174316406}, {"ListeningId": 0, "ParameterID": 19, "Value": 590.6805419921875}, {"ListeningId": 0, "ParameterID": 20, "Value": 1577.8934326171875}, {"ListeningId": 0, "ParameterID": 21, "Value": 599.5238037109375}, {"ListeningId": 0, "ParameterID": 22, "Value": 413.5462951660156}, {"ListeningId": 0, "ParameterID": 23, "Value": 613.0941162109375}, {"ListeningId": 0, "ParameterID": 24, "Value": 1628.0245361328125}, {"ListeningId": 0, "ParameterID": 25, "Value": 173.11920166015625}, {"ListeningId": 0, "ParameterID": 26, "Value": 0.0}, {"ListeningId": 0, "ParameterID": 27, "Value": 167.98805236816406}, {"ListeningId": 0, "ParameterID": 28, "Value": 341.3035888671875}, {"ListeningId": 0, "ParameterID": 13, "Value": 0.9750385880470276}, {"ListeningId": 0, "ParameterID": 14, "Value": 1.0}, {"ListeningId": 0, "ParameterID": 15, "Value": 0.9886342883110046}, {"ListeningId": 0, "ParameterID": 16, "Value": 0.9878909587860107}, {"ListeningId": 0, "ParameterID": 10, "Value": 50.053428649902344}, {"ListeningId": 0, "ParameterID": 11, "Value": 50.053428649902344}, {"ListeningId": 0, "ParameterID": 12, "Value": 50.053428649902344}, {"ListeningId": 0, "ParameterID": 32, "Value": 6838.47802734375}]}, {"ListeningId": 0, "MeterId": 8, "Timestamp": 1632425940, "listeningvalues": [{"ListeningId": 0, "ParameterID": 1, "Value": 230.95692443847656}, {"ListeningId": 0, "ParameterID": 2, "Value": 231.9818878173828}, {"ListeningId": 0, "ParameterID": 3, "Value": 229.7902374267578}, {"ListeningId": 0, "ParameterID": 4, "Value": 400.6912536621094}, {"ListeningId": 0, "ParameterID": 5, "Value": 400.0975341796875}, {"ListeningId": 0, "ParameterID": 6, "Value": 398.98333740234375}, {"ListeningId": 0, "ParameterID": 7, "Value": 2.596850872039795}, {"ListeningId": 0, "ParameterID": 8, "Value": 1.7851206064224243}, {"ListeningId": 0, "ParameterID": 9, "Value": 2.668240547180176}, {"ListeningId": 0, "ParameterID": 17, "Value": 573.3843994140625}, {"ListeningId": 0, "ParameterID": 18, "Value": 413.8547668457031}, {"ListeningId": 0, "ParameterID": 19, "Value": 590.3643188476562}, {"ListeningId": 0, "ParameterID": 20, "Value": 1576.4857177734375}, {"ListeningId": 0, "ParameterID": 21, "Value": 598.9718017578125}, {"ListeningId": 0, "ParameterID": 22, "Value": 413.5107727050781}, {"ListeningId": 0, "ParameterID": 23, "Value": 614.0462646484375}, {"ListeningId": 0, "ParameterID": 24, "Value": 1626.0501708984375}, {"ListeningId": 0, "ParameterID": 25, "Value": 173.0597686767578}, {"ListeningId": 0, "ParameterID": 26, "Value": 0.0}, {"ListeningId": 0, "ParameterID": 27, "Value": 168.08961486816406}, {"ListeningId": 0, "ParameterID": 28, "Value": 341.1781921386719}, {"ListeningId": 0, "ParameterID": 13, "Value": 0.9750385880470276}, {"ListeningId": 0, "ParameterID": 14, "Value": 1.0}, {"ListeningId": 0, "ParameterID": 15, "Value": 0.9886342883110046}, {"ListeningId": 0, "ParameterID": 16, "Value": 0.9878909587860107}, {"ListeningId": 0, "ParameterID": 10, "Value": 50.053428649902344}, {"ListeningId": 0, "ParameterID": 11, "Value": 50.053428649902344}, {"ListeningId": 0, "ParameterID": 12, "Value": 50.053428649902344}, {"ListeningId": 0, "ParameterID": 32, "Value": 6838.47802734375}]}, {"ListeningId": 0, "MeterId": 9, "Timestamp": 1632425940, "listeningvalues": [{"ListeningId": 0, "ParameterID": 1, "Value": 231.0845184326172}, {"ListeningId": 0, "ParameterID": 2, "Value": 232.04705810546875}, {"ListeningId": 0, "ParameterID": 3, "Value": 231.0731201171875}, {"ListeningId": 0, "ParameterID": 4, "Value": 400.8647766113281}, {"ListeningId": 0, "ParameterID": 5, "Value": 401.45196533203125}, {"ListeningId": 0, "ParameterID": 6, "Value": 400.1441650390625}, {"ListeningId": 0, "ParameterID": 7, "Value": 2.382697582244873}, {"ListeningId": 0, "ParameterID": 8, "Value": 1.8666542768478394}, {"ListeningId": 0, "ParameterID": 9, "Value": 3.0215659141540527}, {"ListeningId": 0, "ParameterID": 17, "Value": 539.8466796875}, {"ListeningId": 0, "ParameterID": 18, "Value": 433.1516418457031}, {"ListeningId": 0, "ParameterID": 19, "Value": 659.47998046875}, {"ListeningId": 0, "ParameterID": 20, "Value": 1632.478271484375}, {"ListeningId": 0, "ParameterID": 21, "Value": 550.6045532226562}, {"ListeningId": 0, "ParameterID": 22, "Value": 433.1516418457031}, {"ListeningId": 0, "ParameterID": 23, "Value": 698.20263671875}, {"ListeningId": 0, "ParameterID": 24, "Value": 1681.9588623046875}, {"ListeningId": 0, "ParameterID": 25, "Value": 108.30945587158203}, {"ListeningId": 0, "ParameterID": 26, "Value": 0.0}, {"ListeningId": 0, "ParameterID": 27, "Value": 229.28823852539062}, {"ListeningId": 0, "ParameterID": 28, "Value": 337.5976867675781}, {"ListeningId": 0, "ParameterID": 13, "Value": 0.9804616570472717}, {"ListeningId": 0, "ParameterID": 14, "Value": 1.0}, {"ListeningId": 0, "ParameterID": 15, "Value": 0.9445395469665527}, {"ListeningId": 0, "ParameterID": 16, "Value": 0.9750003814697266}, {"ListeningId": 0, "ParameterID": 10, "Value": 50.14556121826172}, {"ListeningId": 0, "ParameterID": 11, "Value": 50.14556121826172}, {"ListeningId": 0, "ParameterID": 12, "Value": 50.14556121826172}, {"ListeningId": 0, "ParameterID": 32, "Value": 6841.08154296875}]}, {"ListeningId": 0, "MeterId": 10, "Timestamp": 1632425940, "listeningvalues": [{"ListeningId": 0, "ParameterID": 1, "Value": 231.16285705566406}, {"ListeningId": 0, "ParameterID": 2, "Value": 231.20394897460938}, {"ListeningId": 0, "ParameterID": 3, "Value": 230.2837677001953}, {"ListeningId": 0, "ParameterID": 4, "Value": 400.5522155761719}, {"ListeningId": 0, "ParameterID": 5, "Value": 399.5617370605469}, {"ListeningId": 0, "ParameterID": 6, "Value": 399.3905334472656}, {"ListeningId": 0, "ParameterID": 7, "Value": 2.5563762187957764}, {"ListeningId": 0, "ParameterID": 8, "Value": 2.171611785888672}, {"ListeningId": 0, "ParameterID": 9, "Value": 2.791388988494873}, {"ListeningId": 0, "ParameterID": 17, "Value": 586.857421875}, {"ListeningId": 0, "ParameterID": 18, "Value": 502.53662109375}, {"ListeningId": 0, "ParameterID": 19, "Value": 604.3479614257812}, {"ListeningId": 0, "ParameterID": 20, "Value": 1691.6396484375}, {"ListeningId": 0, "ParameterID": 21, "Value": 591.1128540039062}, {"ListeningId": 0, "ParameterID": 22, "Value": 502.419189453125}, {"ListeningId": 0, "ParameterID": 23, "Value": 642.4392700195312}, {"ListeningId": 0, "ParameterID": 24, "Value": 1735.27587890625}, {"ListeningId": 0, "ParameterID": 25, "Value": 73.52413940429688}, {"ListeningId": 0, "ParameterID": 26, "Value": 0.0}, {"ListeningId": 0, "ParameterID": 27, "Value": 215.39434814453125}, {"ListeningId": 0, "ParameterID": 28, "Value": 288.8252258300781}, {"ListeningId": 0, "ParameterID": 13, "Value": 0.9789473414421082}, {"ListeningId": 0, "ParameterID": 14, "Value": 1.0}, {"ListeningId": 0, "ParameterID": 15, "Value": 0.9719623327255249}, {"ListeningId": 0, "ParameterID": 16, "Value": 0.9836365580558777}, {"ListeningId": 0, "ParameterID": 10, "Value": 50.14556121826172}, {"ListeningId": 0, "ParameterID": 11, "Value": 50.14556121826172}, {"ListeningId": 0, "ParameterID": 12, "Value": 50.14556121826172}, {"ListeningId": 0, "ParameterID": 32, "Value": 8419.32421875}]}, {"ListeningId": 0, "MeterId": 11, "Timestamp": 1632425940, "listeningvalues": [{"ListeningId": 0, "ParameterID": 1, "Value": 231.26234436035156}, {"ListeningId": 0, "ParameterID": 2, "Value": 231.7657012939453}, {"ListeningId": 0, "ParameterID": 3, "Value": 230.60763549804688}, {"ListeningId": 0, "ParameterID": 4, "Value": 400.49420166015625}, {"ListeningId": 0, "ParameterID": 5, "Value": 400.81622314453125}, {"ListeningId": 0, "ParameterID": 6, "Value": 399.6744079589844}, {"ListeningId": 0, "ParameterID": 7, "Value": 2.4047837257385254}, {"ListeningId": 0, "ParameterID": 8, "Value": 1.7429797649383545}, {"ListeningId": 0, "ParameterID": 9, "Value": 2.7694091796875}, {"ListeningId": 0, "ParameterID": 17, "Value": 551.1055297851562}, {"ListeningId": 0, "ParameterID": 18, "Value": 402.88238525390625}, {"ListeningId": 0, "ParameterID": 19, "Value": 607.6416625976562}, {"ListeningId": 0, "ParameterID": 20, "Value": 1562.1998291015625}, {"ListeningId": 0, "ParameterID": 21, "Value": 555.560302734375}, {"ListeningId": 0, "ParameterID": 22, "Value": 404.2330627441406}, {"ListeningId": 0, "ParameterID": 23, "Value": 639.0324096679688}, {"ListeningId": 0, "ParameterID": 24, "Value": 1599.399169921875}, {"ListeningId": 0, "ParameterID": 25, "Value": 73.33493041992188}, {"ListeningId": 0, "ParameterID": 26, "Value": 32.18333435058594}, {"ListeningId": 0, "ParameterID": 27, "Value": 196.2371368408203}, {"ListeningId": 0, "ParameterID": 28, "Value": 301.9109191894531}, {"ListeningId": 0, "ParameterID": 13, "Value": 0.958775520324707}, {"ListeningId": 0, "ParameterID": 14, "Value": 1.0}, {"ListeningId": 0, "ParameterID": 15, "Value": 0.9875776171684265}, {"ListeningId": 0, "ParameterID": 16, "Value": 0.9821177124977112}, {"ListeningId": 0, "ParameterID": 10, "Value": 50.14556121826172}, {"ListeningId": 0, "ParameterID": 11, "Value": 50.14556121826172}, {"ListeningId": 0, "ParameterID": 12, "Value": 50.14556121826172}, {"ListeningId": 0, "ParameterID": 32, "Value": 6831.2998046875}]}, {"ListeningId": 0, "MeterId": 12, "Timestamp": 1632425940, "listeningvalues": [{"ListeningId": 0, "ParameterID": 1, "Value": 230.38787841796875}, {"ListeningId": 0, "ParameterID": 2, "Value": 232.48135375976562}, {"ListeningId": 0, "ParameterID": 3, "Value": 229.9369659423828}, {"ListeningId": 0, "ParameterID": 4, "Value": 401.4296569824219}, {"ListeningId": 0, "ParameterID": 5, "Value": 400.7798156738281}, {"ListeningId": 0, "ParameterID": 6, "Value": 398.4644470214844}, {"ListeningId": 0, "ParameterID": 7, "Value": 2.2827820777893066}, {"ListeningId": 0, "ParameterID": 8, "Value": 2.1132161617279053}, {"ListeningId": 0, "ParameterID": 9, "Value": 3.1229374408721924}, {"ListeningId": 0, "ParameterID": 17, "Value": 509.459228515625}, {"ListeningId": 0, "ParameterID": 18, "Value": 490.7395324707031}, {"ListeningId": 0, "ParameterID": 19, "Value": 681.1143188476562}, {"ListeningId": 0, "ParameterID": 20, "Value": 1681.336181640625}, {"ListeningId": 0, "ParameterID": 21, "Value": 526.1053466796875}, {"ListeningId": 0, "ParameterID": 22, "Value": 490.8033447265625}, {"ListeningId": 0, "ParameterID": 23, "Value": 719.41943359375}, {"ListeningId": 0, "ParameterID": 24, "Value": 1737.36474609375}, {"ListeningId": 0, "ParameterID": 25, "Value": 134.32830810546875}, {"ListeningId": 0, "ParameterID": 26, "Value": 0.0}, {"ListeningId": 0, "ParameterID": 27, "Value": 229.62583923339844}, {"ListeningId": 0, "ParameterID": 28, "Value": 363.5301818847656}, {"ListeningId": 0, "ParameterID": 13, "Value": 0.9681006073951721}, {"ListeningId": 0, "ParameterID": 14, "Value": 1.0}, {"ListeningId": 0, "ParameterID": 15, "Value": 0.9799923896789551}, {"ListeningId": 0, "ParameterID": 16, "Value": 0.9826976656913757}, {"ListeningId": 0, "ParameterID": 10, "Value": 50.14556121826172}, {"ListeningId": 0, "ParameterID": 11, "Value": 50.14556121826172}, {"ListeningId": 0, "ParameterID": 12, "Value": 50.14556121826172}, {"ListeningId": 0, "ParameterID": 32, "Value": 6830.42236328125}]}]