[{"ListeningId": 0, "MeterId": 1, "Timestamp": 1632424740, "listeningvalues": [{"ListeningId": 0, "ParameterID": 1, "Value": 231.07452392578125}, {"ListeningId": 0, "ParameterID": 2, "Value": 232.23416137695312}, {"ListeningId": 0, "ParameterID": 3, "Value": 230.19866943359375}, {"ListeningId": 0, "ParameterID": 4, "Value": 401.2872619628906}, {"ListeningId": 0, "ParameterID": 5, "Value": 400.10162353515625}, {"ListeningId": 0, "ParameterID": 6, "Value": 399.8130187988281}, {"ListeningId": 0, "ParameterID": 7, "Value": 2.724492073059082}, {"ListeningId": 0, "ParameterID": 8, "Value": 1.9693398475646973}, {"ListeningId": 0, "ParameterID": 9, "Value": 3.108656883239746}, {"ListeningId": 0, "ParameterID": 17, "Value": 609.9796142578125}, {"ListeningId": 0, "ParameterID": 18, "Value": 457.3479919433594}, {"ListeningId": 0, "ParameterID": 19, "Value": 705.93896484375}, {"ListeningId": 0, "ParameterID": 20, "Value": 1773.2666015625}, {"ListeningId": 0, "ParameterID": 21, "Value": 629.5607299804688}, {"ListeningId": 0, "ParameterID": 22, "Value": 457.3479919433594}, {"ListeningId": 0, "ParameterID": 23, "Value": 715.6087036132812}, {"ListeningId": 0, "ParameterID": 24, "Value": 1802.517333984375}, {"ListeningId": 0, "ParameterID": 25, "Value": 155.79342651367188}, {"ListeningId": 0, "ParameterID": 26, "Value": 0.0}, {"ListeningId": 0, "ParameterID": 27, "Value": 117.24333953857422}, {"ListeningId": 0, "ParameterID": 28, "Value": 273.0367736816406}, {"ListeningId": 0, "ParameterID": 13, "Value": 0.97799152135849}, {"ListeningId": 0, "ParameterID": 14, "Value": 0.9903091192245483}, {"ListeningId": 0, "ParameterID": 15, "Value": 0.9441680312156677}, {"ListeningId": 0, "ParameterID": 16, "Value": 0.9708228707313538}, {"ListeningId": 0, "ParameterID": 10, "Value": 50.10185623168945}, {"ListeningId": 0, "ParameterID": 11, "Value": 50.10185623168945}, {"ListeningId": 0, "ParameterID": 12, "Value": 50.10185623168945}, {"ListeningId": 0, "ParameterID": 32, "Value": 6281.6259765625}]}, {"ListeningId": 0, "MeterId": 2, "Timestamp": 1632424740, "listeningvalues": [{"ListeningId": 0, "ParameterID": 1, "Value": 231.59039306640625}, {"ListeningId": 0, "ParameterID": 2, "Value": 231.3008575439453}, {"ListeningId": 0, "ParameterID": 3, "Value": 230.68528747558594}, {"ListeningId": 0, "ParameterID": 4, "Value": 400.7381896972656}, {"ListeningId": 0, "ParameterID": 5, "Value": 400.1368713378906}, {"ListeningId": 0, "ParameterID": 6, "Value": 400.2815856933594}, {"ListeningId": 0, "ParameterID": 7, "Value": 2.602168560028076}, {"ListeningId": 0, "ParameterID": 8, "Value": 2.0152127742767334}, {"ListeningId": 0, "ParameterID": 9, "Value": 2.702636480331421}, {"ListeningId": 0, "ParameterID": 17, "Value": 585.3753051757812}, {"ListeningId": 0, "ParameterID": 18, "Value": 465.7857666015625}, {"ListeningId": 0, "ParameterID": 19, "Value": 603.5650024414062}, {"ListeningId": 0, "ParameterID": 20, "Value": 1655.192138671875}, {"ListeningId": 0, "ParameterID": 21, "Value": 602.9537353515625}, {"ListeningId": 0, "ParameterID": 22, "Value": 465.8536376953125}, {"ListeningId": 0, "ParameterID": 23, "Value": 623.7951049804688}, {"ListeningId": 0, "ParameterID": 24, "Value": 1692.884521484375}, {"ListeningId": 0, "ParameterID": 25, "Value": 144.27613830566406}, {"ListeningId": 0, "ParameterID": 26, "Value": 0.0}, {"ListeningId": 0, "ParameterID": 27, "Value": 156.21438598632812}, {"ListeningId": 0, "ParameterID": 28, "Value": 300.5086364746094}, {"ListeningId": 0, "ParameterID": 13, "Value": 0.9845242500305176}, {"ListeningId": 0, "ParameterID": 14, "Value": 0.9913015961647034}, {"ListeningId": 0, "ParameterID": 15, "Value": 0.9428213834762573}, {"ListeningId": 0, "ParameterID": 16, "Value": 0.9728824496269226}, {"ListeningId": 0, "ParameterID": 10, "Value": 50.10185623168945}, {"ListeningId": 0, "ParameterID": 11, "Value": 50.10185623168945}, {"ListeningId": 0, "ParameterID": 12, "Value": 50.10185623168945}, {"ListeningId": 0, "ParameterID": 32, "Value": 6287.4619140625}]}, {"ListeningId": 0, "MeterId": 3, "Timestamp": 1632424740, "listeningvalues": [{"ListeningId": 0, "ParameterID": 1, "Value": 231.09375}, {"ListeningId": 0, "ParameterID": 2, "Value": 231.59620666503906}, {"ListeningId": 0, "ParameterID": 3, "Value": 230.04722595214844}, {"ListeningId": 0, "ParameterID": 4, "Value": 400.5455322265625}, {"ListeningId": 0, "ParameterID": 5, "Value": 400.0809631347656}, {"ListeningId": 0, "ParameterID": 6, "Value": 399.16021728515625}, {"ListeningId": 0, "ParameterID": 7, "Value": 2.3282554149627686}, {"ListeningId": 0, "ParameterID": 8, "Value": 2.109597682952881}, {"ListeningId": 0, "ParameterID": 9, "Value": 2.730802536010742}, {"ListeningId": 0, "ParameterID": 17, "Value": 532.7764892578125}, {"ListeningId": 0, "ParameterID": 18, "Value": 488.9730529785156}, {"ListeningId": 0, "ParameterID": 19, "Value": 593.33984375}, {"ListeningId": 0, "ParameterID": 20, "Value": 1616.6025390625}, {"ListeningId": 0, "ParameterID": 21, "Value": 538.5125732421875}, {"ListeningId": 0, "ParameterID": 22, "Value": 489.3211669921875}, {"ListeningId": 0, "ParameterID": 23, "Value": 628.2128295898438}, {"ListeningId": 0, "ParameterID": 24, "Value": 1656.75927734375}, {"ListeningId": 0, "ParameterID": 25, "Value": 72.20849609375}, {"ListeningId": 0, "ParameterID": 26, "Value": 0.0}, {"ListeningId": 0, "ParameterID": 27, "Value": 207.38693237304688}, {"ListeningId": 0, "ParameterID": 28, "Value": 279.61065673828125}, {"ListeningId": 0, "ParameterID": 13, "Value": 0.9622912406921387}, {"ListeningId": 0, "ParameterID": 14, "Value": 1.0}, {"ListeningId": 0, "ParameterID": 15, "Value": 0.9839246273040771}, {"ListeningId": 0, "ParameterID": 16, "Value": 0.9820719361305237}, {"ListeningId": 0, "ParameterID": 10, "Value": 50.10185623168945}, {"ListeningId": 0, "ParameterID": 11, "Value": 50.10185623168945}, {"ListeningId": 0, "ParameterID": 12, "Value": 50.10185623168945}, {"ListeningId": 0, "ParameterID": 32, "Value": 6288.625}]}, {"ListeningId": 0, "MeterId": 4, "Timestamp": 1632424740, "listeningvalues": [{"ListeningId": 0, "ParameterID": 1, "Value": 230.40284729003906}, {"ListeningId": 0, "ParameterID": 2, "Value": 232.44187927246094}, {"ListeningId": 0, "ParameterID": 3, "Value": 230.39767456054688}, {"ListeningId": 0, "ParameterID": 4, "Value": 400.9786376953125}, {"ListeningId": 0, "ParameterID": 5, "Value": 400.59942626953125}, {"ListeningId": 0, "ParameterID": 6, "Value": 398.91253662109375}, {"ListeningId": 0, "ParameterID": 7, "Value": 2.603907585144043}, {"ListeningId": 0, "ParameterID": 8, "Value": 2.0328707695007324}, {"ListeningId": 0, "ParameterID": 9, "Value": 3.0998294353485107}, {"ListeningId": 0, "ParameterID": 17, "Value": 581.7607421875}, {"ListeningId": 0, "ParameterID": 18, "Value": 472.5242919921875}, {"ListeningId": 0, "ParameterID": 19, "Value": 689.9135131835938}, {"ListeningId": 0, "ParameterID": 20, "Value": 1744.198486328125}, {"ListeningId": 0, "ParameterID": 21, "Value": 599.9476928710938}, {"ListeningId": 0, "ParameterID": 22, "Value": 472.5242919921875}, {"ListeningId": 0, "ParameterID": 23, "Value": 714.1934814453125}, {"ListeningId": 0, "ParameterID": 24, "Value": 1786.6654052734375}, {"ListeningId": 0, "ParameterID": 25, "Value": 146.60032653808594}, {"ListeningId": 0, "ParameterID": 26, "Value": 0.0}, {"ListeningId": 0, "ParameterID": 27, "Value": 184.63934326171875}, {"ListeningId": 0, "ParameterID": 28, "Value": 331.23968505859375}, {"ListeningId": 0, "ParameterID": 13, "Value": 0.9696857333183289}, {"ListeningId": 0, "ParameterID": 14, "Value": 1.0}, {"ListeningId": 0, "ParameterID": 15, "Value": 0.9660036563873291}, {"ListeningId": 0, "ParameterID": 16, "Value": 0.978563129901886}, {"ListeningId": 0, "ParameterID": 10, "Value": 49.999427795410156}, {"ListeningId": 0, "ParameterID": 11, "Value": 49.999427795410156}, {"ListeningId": 0, "ParameterID": 12, "Value": 49.999427795410156}, {"ListeningId": 0, "ParameterID": 32, "Value": 6288.39892578125}]}, {"ListeningId": 0, "MeterId": 5, "Timestamp": 1632424740, "listeningvalues": [{"ListeningId": 0, "ParameterID": 1, "Value": 230.9517364501953}, {"ListeningId": 0, "ParameterID": 2, "Value": 231.37149047851562}, {"ListeningId": 0, "ParameterID": 3, "Value": 230.42286682128906}, {"ListeningId": 0, "ParameterID": 4, "Value": 400.65850830078125}, {"ListeningId": 0, "ParameterID": 5, "Value": 399.87066650390625}, {"ListeningId": 0, "ParameterID": 6, "Value": 399.2862243652344}, {"ListeningId": 0, "ParameterID": 7, "Value": 2.364185333251953}, {"ListeningId": 0, "ParameterID": 8, "Value": 2.2182888984680176}, {"ListeningId": 0, "ParameterID": 9, "Value": 3.0967965126037598}, {"ListeningId": 0, "ParameterID": 17, "Value": 535.3133544921875}, {"ListeningId": 0, "ParameterID": 18, "Value": 505.94287109375}, {"ListeningId": 0, "ParameterID": 19, "Value": 698.1945190429688}, {"ListeningId": 0, "ParameterID": 20, "Value": 1738.6424560546875}, {"ListeningId": 0, "ParameterID": 21, "Value": 545.6736450195312}, {"ListeningId": 0, "ParameterID": 22, "Value": 513.3606567382812}, {"ListeningId": 0, "ParameterID": 23, "Value": 713.9922485351562}, {"ListeningId": 0, "ParameterID": 24, "Value": 1772.2164306640625}, {"ListeningId": 0, "ParameterID": 25, "Value": 105.9706039428711}, {"ListeningId": 0, "ParameterID": 26, "Value": 84.62678527832031}, {"ListeningId": 0, "ParameterID": 27, "Value": 145.29820251464844}, {"ListeningId": 0, "ParameterID": 28, "Value": 336.154541015625}, {"ListeningId": 0, "ParameterID": 13, "Value": 0.9809420108795166}, {"ListeningId": 0, "ParameterID": 14, "Value": 0.9862819910049438}, {"ListeningId": 0, "ParameterID": 15, "Value": 0.9790699481964111}, {"ListeningId": 0, "ParameterID": 16, "Value": 0.9820979237556458}, {"ListeningId": 0, "ParameterID": 10, "Value": 49.999427795410156}, {"ListeningId": 0, "ParameterID": 11, "Value": 49.999427795410156}, {"ListeningId": 0, "ParameterID": 12, "Value": 49.999427795410156}, {"ListeningId": 0, "ParameterID": 32, "Value": 6285.6279296875}]}, {"ListeningId": 0, "MeterId": 6, "Timestamp": 1632424740, "listeningvalues": [{"ListeningId": 0, "ParameterID": 1, "Value": 230.56321716308594}, {"ListeningId": 0, "ParameterID": 2, "Value": 232.18089294433594}, {"ListeningId": 0, "ParameterID": 3, "Value": 230.33543395996094}, {"ListeningId": 0, "ParameterID": 4, "Value": 400.54364013671875}, {"ListeningId": 0, "ParameterID": 5, "Value": 400.3824462890625}, {"ListeningId": 0, "ParameterID": 6, "Value": 399.61029052734375}, {"ListeningId": 0, "ParameterID": 7, "Value": 2.4266867637634277}, {"ListeningId": 0, "ParameterID": 8, "Value": 2.0479745864868164}, {"ListeningId": 0, "ParameterID": 9, "Value": 2.907600164413452}, {"ListeningId": 0, "ParameterID": 17, "Value": 535.7615356445312}, {"ListeningId": 0, "ParameterID": 18, "Value": 474.9647216796875}, {"ListeningId": 0, "ParameterID": 19, "Value": 633.0848388671875}, {"ListeningId": 0, "ParameterID": 20, "Value": 1643.4974365234375}, {"ListeningId": 0, "ParameterID": 21, "Value": 560.1284790039062}, {"ListeningId": 0, "ParameterID": 22, "Value": 475.477783203125}, {"ListeningId": 0, "ParameterID": 23, "Value": 669.3821411132812}, {"ListeningId": 0, "ParameterID": 24, "Value": 1706.1654052734375}, {"ListeningId": 0, "ParameterID": 25, "Value": 162.06321716308594}, {"ListeningId": 0, "ParameterID": 26, "Value": 0.0}, {"ListeningId": 0, "ParameterID": 27, "Value": 217.14898681640625}, {"ListeningId": 0, "ParameterID": 28, "Value": 378.9531555175781}, {"ListeningId": 0, "ParameterID": 13, "Value": 0.9811177849769592}, {"ListeningId": 0, "ParameterID": 14, "Value": 0.995442271232605}, {"ListeningId": 0, "ParameterID": 15, "Value": 0.9646410346031189}, {"ListeningId": 0, "ParameterID": 16, "Value": 0.9804003834724426}, {"ListeningId": 0, "ParameterID": 10, "Value": 49.999427795410156}, {"ListeningId": 0, "ParameterID": 11, "Value": 49.999427795410156}, {"ListeningId": 0, "ParameterID": 12, "Value": 49.999427795410156}, {"ListeningId": 0, "ParameterID": 32, "Value": 6287.24755859375}]}, {"ListeningId": 0, "MeterId": 7, "Timestamp": 1632424740, "listeningvalues": [{"ListeningId": 0, "ParameterID": 1, "Value": 230.58547973632812}, {"ListeningId": 0, "ParameterID": 2, "Value": 232.30760192871094}, {"ListeningId": 0, "ParameterID": 3, "Value": 230.85365295410156}, {"ListeningId": 0, "ParameterID": 4, "Value": 401.016357421875}, {"ListeningId": 0, "ParameterID": 5, "Value": 401.1148681640625}, {"ListeningId": 0, "ParameterID": 6, "Value": 399.8897399902344}, {"ListeningId": 0, "ParameterID": 7, "Value": 2.374091625213623}, {"ListeningId": 0, "ParameterID": 8, "Value": 2.000382423400879}, {"ListeningId": 0, "ParameterID": 9, "Value": 2.75372052192688}, {"ListeningId": 0, "ParameterID": 17, "Value": 530.6597900390625}, {"ListeningId": 0, "ParameterID": 18, "Value": 465.2563171386719}, {"ListeningId": 0, "ParameterID": 19, "Value": 603.9879760742188}, {"ListeningId": 0, "ParameterID": 20, "Value": 1600.0224609375}, {"ListeningId": 0, "ParameterID": 21, "Value": 548.0538940429688}, {"ListeningId": 0, "ParameterID": 22, "Value": 465.5340881347656}, {"ListeningId": 0, "ParameterID": 23, "Value": 636.240966796875}, {"ListeningId": 0, "ParameterID": 24, "Value": 1649.7406005859375}, {"ListeningId": 0, "ParameterID": 25, "Value": 135.07032775878906}, {"ListeningId": 0, "ParameterID": 26, "Value": 0.0}, {"ListeningId": 0, "ParameterID": 27, "Value": 200.6207275390625}, {"ListeningId": 0, "ParameterID": 28, "Value": 335.3005676269531}, {"ListeningId": 0, "ParameterID": 13, "Value": 0.9691199064254761}, {"ListeningId": 0, "ParameterID": 14, "Value": 1.0}, {"ListeningId": 0, "ParameterID": 15, "Value": 0.9593209624290466}, {"ListeningId": 0, "ParameterID": 16, "Value": 0.976146936416626}, {"ListeningId": 0, "ParameterID": 10, "Value": 49.999427795410156}, {"ListeningId": 0, "ParameterID": 11, "Value": 49.999427795410156}, {"ListeningId": 0, "ParameterID": 12, "Value": 49.999427795410156}, {"ListeningId": 0, "ParameterID": 32, "Value": 6289.5810546875}]}, {"ListeningId": 0, "MeterId": 8, "Timestamp": 1632424740, "listeningvalues": [{"ListeningId": 0, "ParameterID": 1, "Value": 230.50425720214844}, {"ListeningId": 0, "ParameterID": 2, "Value": 232.53826904296875}, {"ListeningId": 0, "ParameterID": 3, "Value": 230.92127990722656}, {"ListeningId": 0, "ParameterID": 4, "Value": 401.17742919921875}, {"ListeningId": 0, "ParameterID": 5, "Value": 401.0129089355469}, {"ListeningId": 0, "ParameterID": 6, "Value": 399.2272033691406}, {"ListeningId": 0, "ParameterID": 7, "Value": 2.3776533603668213}, {"ListeningId": 0, "ParameterID": 8, "Value": 2.003304958343506}, {"ListeningId": 0, "ParameterID": 9, "Value": 2.754357099533081}, {"ListeningId": 0, "ParameterID": 17, "Value": 530.5765991210938}, {"ListeningId": 0, "ParameterID": 18, "Value": 464.935302734375}, {"ListeningId": 0, "ParameterID": 19, "Value": 604.2987060546875}, {"ListeningId": 0, "ParameterID": 20, "Value": 1600.4869384765625}, {"ListeningId": 0, "ParameterID": 21, "Value": 547.4706420898438}, {"ListeningId": 0, "ParameterID": 22, "Value": 464.7962951660156}, {"ListeningId": 0, "ParameterID": 23, "Value": 636.560791015625}, {"ListeningId": 0, "ParameterID": 24, "Value": 1649.92431640625}, {"ListeningId": 0, "ParameterID": 25, "Value": 135.0775909423828}, {"ListeningId": 0, "ParameterID": 26, "Value": 0.0}, {"ListeningId": 0, "ParameterID": 27, "Value": 200.49269104003906}, {"ListeningId": 0, "ParameterID": 28, "Value": 335.5964660644531}, {"ListeningId": 0, "ParameterID": 13, "Value": 0.9691199064254761}, {"ListeningId": 0, "ParameterID": 14, "Value": 1.0}, {"ListeningId": 0, "ParameterID": 15, "Value": 0.9593209624290466}, {"ListeningId": 0, "ParameterID": 16, "Value": 0.976146936416626}, {"ListeningId": 0, "ParameterID": 10, "Value": 49.999427795410156}, {"ListeningId": 0, "ParameterID": 11, "Value": 49.999427795410156}, {"ListeningId": 0, "ParameterID": 12, "Value": 49.999427795410156}, {"ListeningId": 0, "ParameterID": 32, "Value": 6289.5810546875}]}, {"ListeningId": 0, "MeterId": 9, "Timestamp": 1632424740, "listeningvalues": [{"ListeningId": 0, "ParameterID": 1, "Value": 230.78652954101562}, {"ListeningId": 0, "ParameterID": 2, "Value": 231.4772491455078}, {"ListeningId": 0, "ParameterID": 3, "Value": 230.1717987060547}, {"ListeningId": 0, "ParameterID": 4, "Value": 400.6636047363281}, {"ListeningId": 0, "ParameterID": 5, "Value": 400.0393371582031}, {"ListeningId": 0, "ParameterID": 6, "Value": 399.3319091796875}, {"ListeningId": 0, "ParameterID": 7, "Value": 2.64186429977417}, {"ListeningId": 0, "ParameterID": 8, "Value": 2.0802576541900635}, {"ListeningId": 0, "ParameterID": 9, "Value": 2.9719512462615967}, {"ListeningId": 0, "ParameterID": 17, "Value": 594.47265625}, {"ListeningId": 0, "ParameterID": 18, "Value": 481.5323181152344}, {"ListeningId": 0, "ParameterID": 19, "Value": 648.0662841796875}, {"ListeningId": 0, "ParameterID": 20, "Value": 1724.0712890625}, {"ListeningId": 0, "ParameterID": 21, "Value": 609.7066650390625}, {"ListeningId": 0, "ParameterID": 22, "Value": 481.5323181152344}, {"ListeningId": 0, "ParameterID": 23, "Value": 684.0593872070312}, {"ListeningId": 0, "ParameterID": 24, "Value": 1775.29833984375}, {"ListeningId": 0, "ParameterID": 25, "Value": 135.44175720214844}, {"ListeningId": 0, "ParameterID": 26, "Value": 0.0}, {"ListeningId": 0, "ParameterID": 27, "Value": 218.9688262939453}, {"ListeningId": 0, "ParameterID": 28, "Value": 354.41058349609375}, {"ListeningId": 0, "ParameterID": 13, "Value": 0.9750142097473145}, {"ListeningId": 0, "ParameterID": 14, "Value": 1.0}, {"ListeningId": 0, "ParameterID": 15, "Value": 0.9473831057548523}, {"ListeningId": 0, "ParameterID": 16, "Value": 0.9741324782371521}, {"ListeningId": 0, "ParameterID": 10, "Value": 50.126827239990234}, {"ListeningId": 0, "ParameterID": 11, "Value": 50.126827239990234}, {"ListeningId": 0, "ParameterID": 12, "Value": 50.126827239990234}, {"ListeningId": 0, "ParameterID": 32, "Value": 6292.654296875}]}, {"ListeningId": 0, "MeterId": 10, "Timestamp": 1632424740, "listeningvalues": [{"ListeningId": 0, "ParameterID": 1, "Value": 230.95262145996094}, {"ListeningId": 0, "ParameterID": 2, "Value": 232.1201171875}, {"ListeningId": 0, "ParameterID": 3, "Value": 230.9644012451172}, {"ListeningId": 0, "ParameterID": 4, "Value": 401.3370056152344}, {"ListeningId": 0, "ParameterID": 5, "Value": 401.511474609375}, {"ListeningId": 0, "ParameterID": 6, "Value": 399.93719482421875}, {"ListeningId": 0, "ParameterID": 7, "Value": 2.5447449684143066}, {"ListeningId": 0, "ParameterID": 8, "Value": 1.816213607788086}, {"ListeningId": 0, "ParameterID": 9, "Value": 2.842350482940674}, {"ListeningId": 0, "ParameterID": 17, "Value": 581.746826171875}, {"ListeningId": 0, "ParameterID": 18, "Value": 418.4281921386719}, {"ListeningId": 0, "ParameterID": 19, "Value": 624.5192260742188}, {"ListeningId": 0, "ParameterID": 20, "Value": 1627.0411376953125}, {"ListeningId": 0, "ParameterID": 21, "Value": 588.4378051757812}, {"ListeningId": 0, "ParameterID": 22, "Value": 421.2284851074219}, {"ListeningId": 0, "ParameterID": 23, "Value": 656.953125}, {"ListeningId": 0, "ParameterID": 24, "Value": 1666.677978515625}, {"ListeningId": 0, "ParameterID": 25, "Value": 86.51434326171875}, {"ListeningId": 0, "ParameterID": 26, "Value": 50.46623992919922}, {"ListeningId": 0, "ParameterID": 27, "Value": 203.02735900878906}, {"ListeningId": 0, "ParameterID": 28, "Value": 340.5716247558594}, {"ListeningId": 0, "ParameterID": 13, "Value": 0.989126980304718}, {"ListeningId": 0, "ParameterID": 14, "Value": 0.9928018450737}, {"ListeningId": 0, "ParameterID": 15, "Value": 0.9509826898574829}, {"ListeningId": 0, "ParameterID": 16, "Value": 0.9776371121406555}, {"ListeningId": 0, "ParameterID": 10, "Value": 50.126827239990234}, {"ListeningId": 0, "ParameterID": 11, "Value": 50.126827239990234}, {"ListeningId": 0, "ParameterID": 12, "Value": 50.126827239990234}, {"ListeningId": 0, "ParameterID": 32, "Value": 7871.81689453125}]}, {"ListeningId": 0, "MeterId": 11, "Timestamp": 1632424740, "listeningvalues": [{"ListeningId": 0, "ParameterID": 1, "Value": 230.86239624023438}, {"ListeningId": 0, "ParameterID": 2, "Value": 232.31854248046875}, {"ListeningId": 0, "ParameterID": 3, "Value": 230.76480102539062}, {"ListeningId": 0, "ParameterID": 4, "Value": 400.8404846191406}, {"ListeningId": 0, "ParameterID": 5, "Value": 400.29571533203125}, {"ListeningId": 0, "ParameterID": 6, "Value": 399.903564453125}, {"ListeningId": 0, "ParameterID": 7, "Value": 2.317885637283325}, {"ListeningId": 0, "ParameterID": 8, "Value": 1.845639705657959}, {"ListeningId": 0, "ParameterID": 9, "Value": 3.0577476024627686}, {"ListeningId": 0, "ParameterID": 17, "Value": 512.9755249023438}, {"ListeningId": 0, "ParameterID": 18, "Value": 428.0914611816406}, {"ListeningId": 0, "ParameterID": 19, "Value": 667.7012939453125}, {"ListeningId": 0, "ParameterID": 20, "Value": 1607.3154296875}, {"ListeningId": 0, "ParameterID": 21, "Value": 535.4109497070312}, {"ListeningId": 0, "ParameterID": 22, "Value": 428.2393798828125}, {"ListeningId": 0, "ParameterID": 23, "Value": 704.9345703125}, {"ListeningId": 0, "ParameterID": 24, "Value": 1666.65771484375}, {"ListeningId": 0, "ParameterID": 25, "Value": 154.37954711914062}, {"ListeningId": 0, "ParameterID": 26, "Value": 0.0}, {"ListeningId": 0, "ParameterID": 27, "Value": 224.0101318359375}, {"ListeningId": 0, "ParameterID": 28, "Value": 378.6121520996094}, {"ListeningId": 0, "ParameterID": 13, "Value": 0.9753907918930054}, {"ListeningId": 0, "ParameterID": 14, "Value": 1.0}, {"ListeningId": 0, "ParameterID": 15, "Value": 0.9899351596832275}, {"ListeningId": 0, "ParameterID": 16, "Value": 0.9884419441223145}, {"ListeningId": 0, "ParameterID": 10, "Value": 50.126827239990234}, {"ListeningId": 0, "ParameterID": 11, "Value": 50.126827239990234}, {"ListeningId": 0, "ParameterID": 12, "Value": 50.126827239990234}, {"ListeningId": 0, "ParameterID": 32, "Value": 6283.30908203125}]}, {"ListeningId": 0, "MeterId": 12, "Timestamp": 1632424740, "listeningvalues": [{"ListeningId": 0, "ParameterID": 1, "Value": 230.49172973632812}, {"ListeningId": 0, "ParameterID": 2, "Value": 232.03594970703125}, {"ListeningId": 0, "ParameterID": 3, "Value": 230.13084411621094}, {"ListeningId": 0, "ParameterID": 4, "Value": 400.5480651855469}, {"ListeningId": 0, "ParameterID": 5, "Value": 400.0347595214844}, {"ListeningId": 0, "ParameterID": 6, "Value": 399.1664733886719}, {"ListeningId": 0, "ParameterID": 7, "Value": 2.680461883544922}, {"ListeningId": 0, "ParameterID": 8, "Value": 2.0227816104888916}, {"ListeningId": 0, "ParameterID": 9, "Value": 3.1310858726501465}, {"ListeningId": 0, "ParameterID": 17, "Value": 604.8892211914062}, {"ListeningId": 0, "ParameterID": 18, "Value": 468.2981872558594}, {"ListeningId": 0, "ParameterID": 19, "Value": 688.12890625}, {"ListeningId": 0, "ParameterID": 20, "Value": 1759.2406005859375}, {"ListeningId": 0, "ParameterID": 21, "Value": 617.4942016601562}, {"ListeningId": 0, "ParameterID": 22, "Value": 469.4263610839844}, {"ListeningId": 0, "ParameterID": 23, "Value": 720.8050537109375}, {"ListeningId": 0, "ParameterID": 24, "Value": 1808.1534423828125}, {"ListeningId": 0, "ParameterID": 25, "Value": 124.74269104003906}, {"ListeningId": 0, "ParameterID": 26, "Value": 33.22321701049805}, {"ListeningId": 0, "ParameterID": 27, "Value": 213.77542114257812}, {"ListeningId": 0, "ParameterID": 28, "Value": 371.64813232421875}, {"ListeningId": 0, "ParameterID": 13, "Value": 0.9869211316108704}, {"ListeningId": 0, "ParameterID": 14, "Value": 0.9928708076477051}, {"ListeningId": 0, "ParameterID": 15, "Value": 0.9742053747177124}, {"ListeningId": 0, "ParameterID": 16, "Value": 0.9846656918525696}, {"ListeningId": 0, "ParameterID": 10, "Value": 50.126827239990234}, {"ListeningId": 0, "ParameterID": 11, "Value": 50.126827239990234}, {"ListeningId": 0, "ParameterID": 12, "Value": 50.126827239990234}, {"ListeningId": 0, "ParameterID": 32, "Value": 6283.26318359375}]}]