[{"ListeningId": 0, "MeterId": 1, "Timestamp": 1632424560, "listeningvalues": [{"ListeningId": 0, "ParameterID": 1, "Value": 230.45835876464844}, {"ListeningId": 0, "ParameterID": 2, "Value": 232.29257202148438}, {"ListeningId": 0, "ParameterID": 3, "Value": 229.90916442871094}, {"ListeningId": 0, "ParameterID": 4, "Value": 400.5850524902344}, {"ListeningId": 0, "ParameterID": 5, "Value": 400.60491943359375}, {"ListeningId": 0, "ParameterID": 6, "Value": 398.33477783203125}, {"ListeningId": 0, "ParameterID": 7, "Value": 2.6511876583099365}, {"ListeningId": 0, "ParameterID": 8, "Value": 1.760535478591919}, {"ListeningId": 0, "ParameterID": 9, "Value": 3.0055668354034424}, {"ListeningId": 0, "ParameterID": 17, "Value": 586.5402221679688}, {"ListeningId": 0, "ParameterID": 18, "Value": 408.9593200683594}, {"ListeningId": 0, "ParameterID": 19, "Value": 674.6139526367188}, {"ListeningId": 0, "ParameterID": 20, "Value": 1670.113525390625}, {"ListeningId": 0, "ParameterID": 21, "Value": 610.9883422851562}, {"ListeningId": 0, "ParameterID": 22, "Value": 408.9593200683594}, {"ListeningId": 0, "ParameterID": 23, "Value": 691.0073852539062}, {"ListeningId": 0, "ParameterID": 24, "Value": 1710.955078125}, {"ListeningId": 0, "ParameterID": 25, "Value": 171.10614013671875}, {"ListeningId": 0, "ParameterID": 26, "Value": 0.0}, {"ListeningId": 0, "ParameterID": 27, "Value": 149.62359619140625}, {"ListeningId": 0, "ParameterID": 28, "Value": 320.729736328125}, {"ListeningId": 0, "ParameterID": 13, "Value": 0.9599859118461609}, {"ListeningId": 0, "ParameterID": 14, "Value": 1.0}, {"ListeningId": 0, "ParameterID": 15, "Value": 0.9762760400772095}, {"ListeningId": 0, "ParameterID": 16, "Value": 0.9787540435791016}, {"ListeningId": 0, "ParameterID": 10, "Value": 50.01813888549805}, {"ListeningId": 0, "ParameterID": 11, "Value": 50.01813888549805}, {"ListeningId": 0, "ParameterID": 12, "Value": 50.01813888549805}, {"ListeningId": 0, "ParameterID": 32, "Value": 6198.8017578125}]}, {"ListeningId": 0, "MeterId": 2, "Timestamp": 1632424560, "listeningvalues": [{"ListeningId": 0, "ParameterID": 1, "Value": 231.49168395996094}, {"ListeningId": 0, "ParameterID": 2, "Value": 232.16717529296875}, {"ListeningId": 0, "ParameterID": 3, "Value": 231.32664489746094}, {"ListeningId": 0, "ParameterID": 4, "Value": 401.51531982421875}, {"ListeningId": 0, "ParameterID": 5, "Value": 401.7005615234375}, {"ListeningId": 0, "ParameterID": 6, "Value": 400.4298400878906}, {"ListeningId": 0, "ParameterID": 7, "Value": 2.692656993865967}, {"ListeningId": 0, "ParameterID": 8, "Value": 1.8590304851531982}, {"ListeningId": 0, "ParameterID": 9, "Value": 2.7665438652038574}, {"ListeningId": 0, "ParameterID": 17, "Value": 599.257568359375}, {"ListeningId": 0, "ParameterID": 18, "Value": 432.4286193847656}, {"ListeningId": 0, "ParameterID": 19, "Value": 623.6951293945312}, {"ListeningId": 0, "ParameterID": 20, "Value": 1655.022216796875}, {"ListeningId": 0, "ParameterID": 21, "Value": 622.7566528320312}, {"ListeningId": 0, "ParameterID": 22, "Value": 432.21624755859375}, {"ListeningId": 0, "ParameterID": 23, "Value": 639.6821899414062}, {"ListeningId": 0, "ParameterID": 24, "Value": 1695.5074462890625}, {"ListeningId": 0, "ParameterID": 25, "Value": 167.8930206298828}, {"ListeningId": 0, "ParameterID": 26, "Value": 0.0}, {"ListeningId": 0, "ParameterID": 27, "Value": 138.72181701660156}, {"ListeningId": 0, "ParameterID": 28, "Value": 306.30023193359375}, {"ListeningId": 0, "ParameterID": 13, "Value": 0.959825336933136}, {"ListeningId": 0, "ParameterID": 14, "Value": 0.9936643242835999}, {"ListeningId": 0, "ParameterID": 15, "Value": 0.9446601271629333}, {"ListeningId": 0, "ParameterID": 16, "Value": 0.9660499095916748}, {"ListeningId": 0, "ParameterID": 10, "Value": 50.01813888549805}, {"ListeningId": 0, "ParameterID": 11, "Value": 50.01813888549805}, {"ListeningId": 0, "ParameterID": 12, "Value": 50.01813888549805}, {"ListeningId": 0, "ParameterID": 32, "Value": 6205.28125}]}, {"ListeningId": 0, "MeterId": 3, "Timestamp": 1632424560, "listeningvalues": [{"ListeningId": 0, "ParameterID": 1, "Value": 231.2301483154297}, {"ListeningId": 0, "ParameterID": 2, "Value": 231.7749786376953}, {"ListeningId": 0, "ParameterID": 3, "Value": 230.0409393310547}, {"ListeningId": 0, "ParameterID": 4, "Value": 400.5080871582031}, {"ListeningId": 0, "ParameterID": 5, "Value": 400.18695068359375}, {"ListeningId": 0, "ParameterID": 6, "Value": 399.7354736328125}, {"ListeningId": 0, "ParameterID": 7, "Value": 2.5252137184143066}, {"ListeningId": 0, "ParameterID": 8, "Value": 1.7954713106155396}, {"ListeningId": 0, "ParameterID": 9, "Value": 2.938124895095825}, {"ListeningId": 0, "ParameterID": 17, "Value": 573.915771484375}, {"ListeningId": 0, "ParameterID": 18, "Value": 413.0290832519531}, {"ListeningId": 0, "ParameterID": 19, "Value": 660.650146484375}, {"ListeningId": 0, "ParameterID": 20, "Value": 1649.2415771484375}, {"ListeningId": 0, "ParameterID": 21, "Value": 584.2560424804688}, {"ListeningId": 0, "ParameterID": 22, "Value": 416.50018310546875}, {"ListeningId": 0, "ParameterID": 23, "Value": 676.32861328125}, {"ListeningId": 0, "ParameterID": 24, "Value": 1677.4683837890625}, {"ListeningId": 0, "ParameterID": 25, "Value": 106.26454162597656}, {"ListeningId": 0, "ParameterID": 26, "Value": 53.31737518310547}, {"ListeningId": 0, "ParameterID": 27, "Value": 141.05958557128906}, {"ListeningId": 0, "ParameterID": 28, "Value": 300.59869384765625}, {"ListeningId": 0, "ParameterID": 13, "Value": 0.9683722257614136}, {"ListeningId": 0, "ParameterID": 14, "Value": 0.9929502010345459}, {"ListeningId": 0, "ParameterID": 15, "Value": 0.9654848575592041}, {"ListeningId": 0, "ParameterID": 16, "Value": 0.9756024479866028}, {"ListeningId": 0, "ParameterID": 10, "Value": 50.01813888549805}, {"ListeningId": 0, "ParameterID": 11, "Value": 50.01813888549805}, {"ListeningId": 0, "ParameterID": 12, "Value": 50.01813888549805}, {"ListeningId": 0, "ParameterID": 32, "Value": 6206.58935546875}]}, {"ListeningId": 0, "MeterId": 4, "Timestamp": 1632424560, "listeningvalues": [{"ListeningId": 0, "ParameterID": 1, "Value": 230.076416015625}, {"ListeningId": 0, "ParameterID": 2, "Value": 231.76124572753906}, {"ListeningId": 0, "ParameterID": 3, "Value": 231.38169860839844}, {"ListeningId": 0, "ParameterID": 4, "Value": 400.1354675292969}, {"ListeningId": 0, "ParameterID": 5, "Value": 401.4864196777344}, {"ListeningId": 0, "ParameterID": 6, "Value": 400.09149169921875}, {"ListeningId": 0, "ParameterID": 7, "Value": 2.673128604888916}, {"ListeningId": 0, "ParameterID": 8, "Value": 1.8978890180587769}, {"ListeningId": 0, "ParameterID": 9, "Value": 2.8733363151550293}, {"ListeningId": 0, "ParameterID": 17, "Value": 611.6591186523438}, {"ListeningId": 0, "ParameterID": 18, "Value": 440.7406311035156}, {"ListeningId": 0, "ParameterID": 19, "Value": 648.104248046875}, {"ListeningId": 0, "ParameterID": 20, "Value": 1700.72021484375}, {"ListeningId": 0, "ParameterID": 21, "Value": 615.59228515625}, {"ListeningId": 0, "ParameterID": 22, "Value": 440.1630859375}, {"ListeningId": 0, "ParameterID": 23, "Value": 664.8340454101562}, {"ListeningId": 0, "ParameterID": 24, "Value": 1720.361572265625}, {"ListeningId": 0, "ParameterID": 25, "Value": 61.54465866088867}, {"ListeningId": 0, "ParameterID": 26, "Value": 0.0}, {"ListeningId": 0, "ParameterID": 27, "Value": 143.6947021484375}, {"ListeningId": 0, "ParameterID": 28, "Value": 205.01498413085938}, {"ListeningId": 0, "ParameterID": 13, "Value": 0.9682025909423828}, {"ListeningId": 0, "ParameterID": 14, "Value": 1.0}, {"ListeningId": 0, "ParameterID": 15, "Value": 0.9664171934127808}, {"ListeningId": 0, "ParameterID": 16, "Value": 0.9782066345214844}, {"ListeningId": 0, "ParameterID": 10, "Value": 50.01813888549805}, {"ListeningId": 0, "ParameterID": 11, "Value": 50.01813888549805}, {"ListeningId": 0, "ParameterID": 12, "Value": 50.01813888549805}, {"ListeningId": 0, "ParameterID": 32, "Value": 6206.09130859375}]}, {"ListeningId": 0, "MeterId": 5, "Timestamp": 1632424560, "listeningvalues": [{"ListeningId": 0, "ParameterID": 1, "Value": 231.73748779296875}, {"ListeningId": 0, "ParameterID": 2, "Value": 232.5231170654297}, {"ListeningId": 0, "ParameterID": 3, "Value": 230.1577911376953}, {"ListeningId": 0, "ParameterID": 4, "Value": 402.1714782714844}, {"ListeningId": 0, "ParameterID": 5, "Value": 400.9183349609375}, {"ListeningId": 0, "ParameterID": 6, "Value": 400.2940979003906}, {"ListeningId": 0, "ParameterID": 7, "Value": 2.4301207065582275}, {"ListeningId": 0, "ParameterID": 8, "Value": 1.777227520942688}, {"ListeningId": 0, "ParameterID": 9, "Value": 2.7681517601013184}, {"ListeningId": 0, "ParameterID": 17, "Value": 545.14013671875}, {"ListeningId": 0, "ParameterID": 18, "Value": 412.8999328613281}, {"ListeningId": 0, "ParameterID": 19, "Value": 630.5128784179688}, {"ListeningId": 0, "ParameterID": 20, "Value": 1590.47216796875}, {"ListeningId": 0, "ParameterID": 21, "Value": 562.3528442382812}, {"ListeningId": 0, "ParameterID": 22, "Value": 412.8044738769531}, {"ListeningId": 0, "ParameterID": 23, "Value": 637.8770751953125}, {"ListeningId": 0, "ParameterID": 24, "Value": 1613.4000244140625}, {"ListeningId": 0, "ParameterID": 25, "Value": 139.6214141845703}, {"ListeningId": 0, "ParameterID": 26, "Value": 0.0}, {"ListeningId": 0, "ParameterID": 27, "Value": 90.65512084960938}, {"ListeningId": 0, "ParameterID": 28, "Value": 230.49661254882812}, {"ListeningId": 0, "ParameterID": 13, "Value": 0.9764979481697083}, {"ListeningId": 0, "ParameterID": 14, "Value": 1.0}, {"ListeningId": 0, "ParameterID": 15, "Value": 0.9620493054389954}, {"ListeningId": 0, "ParameterID": 16, "Value": 0.9795157313346863}, {"ListeningId": 0, "ParameterID": 10, "Value": 50.01813888549805}, {"ListeningId": 0, "ParameterID": 11, "Value": 50.01813888549805}, {"ListeningId": 0, "ParameterID": 12, "Value": 50.01813888549805}, {"ListeningId": 0, "ParameterID": 32, "Value": 6203.08740234375}]}, {"ListeningId": 0, "MeterId": 6, "Timestamp": 1632424560, "listeningvalues": [{"ListeningId": 0, "ParameterID": 1, "Value": 230.73016357421875}, {"ListeningId": 0, "ParameterID": 2, "Value": 232.16456604003906}, {"ListeningId": 0, "ParameterID": 3, "Value": 230.77992248535156}, {"ListeningId": 0, "ParameterID": 4, "Value": 400.8278503417969}, {"ListeningId": 0, "ParameterID": 5, "Value": 400.74053955078125}, {"ListeningId": 0, "ParameterID": 6, "Value": 399.48736572265625}, {"ListeningId": 0, "ParameterID": 7, "Value": 2.5373477935791016}, {"ListeningId": 0, "ParameterID": 8, "Value": 2.2310855388641357}, {"ListeningId": 0, "ParameterID": 9, "Value": 3.0955264568328857}, {"ListeningId": 0, "ParameterID": 17, "Value": 578.600830078125}, {"ListeningId": 0, "ParameterID": 18, "Value": 517.97900390625}, {"ListeningId": 0, "ParameterID": 19, "Value": 678.7069702148438}, {"ListeningId": 0, "ParameterID": 20, "Value": 1775.286865234375}, {"ListeningId": 0, "ParameterID": 21, "Value": 585.4426879882812}, {"ListeningId": 0, "ParameterID": 22, "Value": 517.97900390625}, {"ListeningId": 0, "ParameterID": 23, "Value": 714.3853759765625}, {"ListeningId": 0, "ParameterID": 24, "Value": 1817.8070068359375}, {"ListeningId": 0, "ParameterID": 25, "Value": 89.24264526367188}, {"ListeningId": 0, "ParameterID": 26, "Value": 0.0}, {"ListeningId": 0, "ParameterID": 27, "Value": 222.94239807128906}, {"ListeningId": 0, "ParameterID": 28, "Value": 312.18505859375}, {"ListeningId": 0, "ParameterID": 13, "Value": 0.9883133172988892}, {"ListeningId": 0, "ParameterID": 14, "Value": 1.0}, {"ListeningId": 0, "ParameterID": 15, "Value": 0.9500572085380554}, {"ListeningId": 0, "ParameterID": 16, "Value": 0.9794568419456482}, {"ListeningId": 0, "ParameterID": 10, "Value": 50.00920104980469}, {"ListeningId": 0, "ParameterID": 11, "Value": 50.00920104980469}, {"ListeningId": 0, "ParameterID": 12, "Value": 50.00920104980469}, {"ListeningId": 0, "ParameterID": 32, "Value": 6204.37060546875}]}, {"ListeningId": 0, "MeterId": 7, "Timestamp": 1632424560, "listeningvalues": [{"ListeningId": 0, "ParameterID": 1, "Value": 231.7345428466797}, {"ListeningId": 0, "ParameterID": 2, "Value": 232.7435302734375}, {"ListeningId": 0, "ParameterID": 3, "Value": 229.89212036132812}, {"ListeningId": 0, "ParameterID": 4, "Value": 402.3389587402344}, {"ListeningId": 0, "ParameterID": 5, "Value": 400.659912109375}, {"ListeningId": 0, "ParameterID": 6, "Value": 399.27252197265625}, {"ListeningId": 0, "ParameterID": 7, "Value": 2.28721284866333}, {"ListeningId": 0, "ParameterID": 8, "Value": 1.8110271692276}, {"ListeningId": 0, "ParameterID": 9, "Value": 2.64585018157959}, {"ListeningId": 0, "ParameterID": 17, "Value": 515.37744140625}, {"ListeningId": 0, "ParameterID": 18, "Value": 420.96844482421875}, {"ListeningId": 0, "ParameterID": 19, "Value": 572.2599487304688}, {"ListeningId": 0, "ParameterID": 20, "Value": 1509.932861328125}, {"ListeningId": 0, "ParameterID": 21, "Value": 529.4712524414062}, {"ListeningId": 0, "ParameterID": 22, "Value": 421.19512939453125}, {"ListeningId": 0, "ParameterID": 23, "Value": 609.05712890625}, {"ListeningId": 0, "ParameterID": 24, "Value": 1560.19921875}, {"ListeningId": 0, "ParameterID": 25, "Value": 121.27412414550781}, {"ListeningId": 0, "ParameterID": 26, "Value": 0.0}, {"ListeningId": 0, "ParameterID": 27, "Value": 206.15628051757812}, {"ListeningId": 0, "ParameterID": 28, "Value": 327.626953125}, {"ListeningId": 0, "ParameterID": 13, "Value": 0.9958616495132446}, {"ListeningId": 0, "ParameterID": 14, "Value": 1.0}, {"ListeningId": 0, "ParameterID": 15, "Value": 0.9669329524040222}, {"ListeningId": 0, "ParameterID": 16, "Value": 0.987598180770874}, {"ListeningId": 0, "ParameterID": 10, "Value": 50.00920104980469}, {"ListeningId": 0, "ParameterID": 11, "Value": 50.00920104980469}, {"ListeningId": 0, "ParameterID": 12, "Value": 50.00920104980469}, {"ListeningId": 0, "ParameterID": 32, "Value": 6207.44970703125}]}, {"ListeningId": 0, "MeterId": 8, "Timestamp": 1632424560, "listeningvalues": [{"ListeningId": 0, "ParameterID": 1, "Value": 231.40130615234375}, {"ListeningId": 0, "ParameterID": 2, "Value": 232.51515197753906}, {"ListeningId": 0, "ParameterID": 3, "Value": 229.8155517578125}, {"ListeningId": 0, "ParameterID": 4, "Value": 401.8044128417969}, {"ListeningId": 0, "ParameterID": 5, "Value": 400.4669494628906}, {"ListeningId": 0, "ParameterID": 6, "Value": 399.2884826660156}, {"ListeningId": 0, "ParameterID": 7, "Value": 2.285170793533325}, {"ListeningId": 0, "ParameterID": 8, "Value": 1.8097165822982788}, {"ListeningId": 0, "ParameterID": 9, "Value": 2.647472620010376}, {"ListeningId": 0, "ParameterID": 17, "Value": 515.358642578125}, {"ListeningId": 0, "ParameterID": 18, "Value": 421.3485412597656}, {"ListeningId": 0, "ParameterID": 19, "Value": 572.618896484375}, {"ListeningId": 0, "ParameterID": 20, "Value": 1508.4715576171875}, {"ListeningId": 0, "ParameterID": 21, "Value": 529.5913696289062}, {"ListeningId": 0, "ParameterID": 22, "Value": 421.08624267578125}, {"ListeningId": 0, "ParameterID": 23, "Value": 608.851318359375}, {"ListeningId": 0, "ParameterID": 24, "Value": 1558.5809326171875}, {"ListeningId": 0, "ParameterID": 25, "Value": 121.4280014038086}, {"ListeningId": 0, "ParameterID": 26, "Value": 0.0}, {"ListeningId": 0, "ParameterID": 27, "Value": 206.2218475341797}, {"ListeningId": 0, "ParameterID": 28, "Value": 327.4931335449219}, {"ListeningId": 0, "ParameterID": 13, "Value": 0.9958616495132446}, {"ListeningId": 0, "ParameterID": 14, "Value": 1.0}, {"ListeningId": 0, "ParameterID": 15, "Value": 0.9669329524040222}, {"ListeningId": 0, "ParameterID": 16, "Value": 0.987598180770874}, {"ListeningId": 0, "ParameterID": 10, "Value": 50.00920104980469}, {"ListeningId": 0, "ParameterID": 11, "Value": 50.00920104980469}, {"ListeningId": 0, "ParameterID": 12, "Value": 50.00920104980469}, {"ListeningId": 0, "ParameterID": 32, "Value": 6207.44970703125}]}, {"ListeningId": 0, "MeterId": 9, "Timestamp": 1632424560, "listeningvalues": [{"ListeningId": 0, "ParameterID": 1, "Value": 230.28347778320312}, {"ListeningId": 0, "ParameterID": 2, "Value": 231.31787109375}, {"ListeningId": 0, "ParameterID": 3, "Value": 230.46617126464844}, {"ListeningId": 0, "ParameterID": 4, "Value": 400.0782470703125}, {"ListeningId": 0, "ParameterID": 5, "Value": 400.19696044921875}, {"ListeningId": 0, "ParameterID": 6, "Value": 399.0277404785156}, {"ListeningId": 0, "ParameterID": 7, "Value": 2.393381118774414}, {"ListeningId": 0, "ParameterID": 8, "Value": 1.8968265056610107}, {"ListeningId": 0, "ParameterID": 9, "Value": 2.9929440021514893}, {"ListeningId": 0, "ParameterID": 17, "Value": 539.4707641601562}, {"ListeningId": 0, "ParameterID": 18, "Value": 437.3342590332031}, {"ListeningId": 0, "ParameterID": 19, "Value": 660.6270751953125}, {"ListeningId": 0, "ParameterID": 20, "Value": 1638.2662353515625}, {"ListeningId": 0, "ParameterID": 21, "Value": 550.8179931640625}, {"ListeningId": 0, "ParameterID": 22, "Value": 438.1641540527344}, {"ListeningId": 0, "ParameterID": 23, "Value": 690.174560546875}, {"ListeningId": 0, "ParameterID": 24, "Value": 1677.9703369140625}, {"ListeningId": 0, "ParameterID": 25, "Value": 112.19477844238281}, {"ListeningId": 0, "ParameterID": 26, "Value": 27.755769729614258}, {"ListeningId": 0, "ParameterID": 27, "Value": 200.6329345703125}, {"ListeningId": 0, "ParameterID": 28, "Value": 340.4483337402344}, {"ListeningId": 0, "ParameterID": 13, "Value": 0.9697022438049316}, {"ListeningId": 0, "ParameterID": 14, "Value": 1.0}, {"ListeningId": 0, "ParameterID": 15, "Value": 0.9651972055435181}, {"ListeningId": 0, "ParameterID": 16, "Value": 0.9782997965812683}, {"ListeningId": 0, "ParameterID": 10, "Value": 50.00920104980469}, {"ListeningId": 0, "ParameterID": 11, "Value": 50.00920104980469}, {"ListeningId": 0, "ParameterID": 12, "Value": 50.00920104980469}, {"ListeningId": 0, "ParameterID": 32, "Value": 6210.74755859375}]}, {"ListeningId": 0, "MeterId": 10, "Timestamp": 1632424560, "listeningvalues": [{"ListeningId": 0, "ParameterID": 1, "Value": 231.83209228515625}, {"ListeningId": 0, "ParameterID": 2, "Value": 232.39804077148438}, {"ListeningId": 0, "ParameterID": 3, "Value": 229.86170959472656}, {"ListeningId": 0, "ParameterID": 4, "Value": 401.70806884765625}, {"ListeningId": 0, "ParameterID": 5, "Value": 400.5391540527344}, {"ListeningId": 0, "ParameterID": 6, "Value": 400.0421447753906}, {"ListeningId": 0, "ParameterID": 7, "Value": 2.287520170211792}, {"ListeningId": 0, "ParameterID": 8, "Value": 2.2155508995056152}, {"ListeningId": 0, "ParameterID": 9, "Value": 2.8109188079833984}, {"ListeningId": 0, "ParameterID": 17, "Value": 508.83917236328125}, {"ListeningId": 0, "ParameterID": 18, "Value": 514.9678955078125}, {"ListeningId": 0, "ParameterID": 19, "Value": 635.6622924804688}, {"ListeningId": 0, "ParameterID": 20, "Value": 1660.36962890625}, {"ListeningId": 0, "ParameterID": 21, "Value": 529.9775390625}, {"ListeningId": 0, "ParameterID": 22, "Value": 515.6132202148438}, {"ListeningId": 0, "ParameterID": 23, "Value": 646.80078125}, {"ListeningId": 0, "ParameterID": 24, "Value": 1693.1220703125}, {"ListeningId": 0, "ParameterID": 25, "Value": 150.00570678710938}, {"ListeningId": 0, "ParameterID": 26, "Value": 0.0}, {"ListeningId": 0, "ParameterID": 27, "Value": 117.90629577636719}, {"ListeningId": 0, "ParameterID": 28, "Value": 267.7660827636719}, {"ListeningId": 0, "ParameterID": 13, "Value": 0.9823067784309387}, {"ListeningId": 0, "ParameterID": 14, "Value": 0.9924167394638062}, {"ListeningId": 0, "ParameterID": 15, "Value": 0.9779590964317322}, {"ListeningId": 0, "ParameterID": 16, "Value": 0.9842275977134705}, {"ListeningId": 0, "ParameterID": 10, "Value": 50.00920104980469}, {"ListeningId": 0, "ParameterID": 11, "Value": 50.00920104980469}, {"ListeningId": 0, "ParameterID": 12, "Value": 50.00920104980469}, {"ListeningId": 0, "ParameterID": 32, "Value": 7789.00634765625}]}, {"ListeningId": 0, "MeterId": 11, "Timestamp": 1632424560, "listeningvalues": [{"ListeningId": 0, "ParameterID": 1, "Value": 230.28399658203125}, {"ListeningId": 0, "ParameterID": 2, "Value": 232.623046875}, {"ListeningId": 0, "ParameterID": 3, "Value": 230.0464630126953}, {"ListeningId": 0, "ParameterID": 4, "Value": 401.1091003417969}, {"ListeningId": 0, "ParameterID": 5, "Value": 401.0424499511719}, {"ListeningId": 0, "ParameterID": 6, "Value": 398.64617919921875}, {"ListeningId": 0, "ParameterID": 7, "Value": 2.334822416305542}, {"ListeningId": 0, "ParameterID": 8, "Value": 2.191312789916992}, {"ListeningId": 0, "ParameterID": 9, "Value": 3.0924060344696045}, {"ListeningId": 0, "ParameterID": 17, "Value": 517.007080078125}, {"ListeningId": 0, "ParameterID": 18, "Value": 509.7498474121094}, {"ListeningId": 0, "ParameterID": 19, "Value": 694.17041015625}, {"ListeningId": 0, "ParameterID": 20, "Value": 1720.9273681640625}, {"ListeningId": 0, "ParameterID": 21, "Value": 537.6722412109375}, {"ListeningId": 0, "ParameterID": 22, "Value": 509.7498474121094}, {"ListeningId": 0, "ParameterID": 23, "Value": 711.3970947265625}, {"ListeningId": 0, "ParameterID": 24, "Value": 1758.8192138671875}, {"ListeningId": 0, "ParameterID": 25, "Value": 147.6317138671875}, {"ListeningId": 0, "ParameterID": 26, "Value": 0.0}, {"ListeningId": 0, "ParameterID": 27, "Value": 155.6060791015625}, {"ListeningId": 0, "ParameterID": 28, "Value": 303.23779296875}, {"ListeningId": 0, "ParameterID": 13, "Value": 0.9615654945373535}, {"ListeningId": 0, "ParameterID": 14, "Value": 1.0}, {"ListeningId": 0, "ParameterID": 15, "Value": 0.9757847189903259}, {"ListeningId": 0, "ParameterID": 16, "Value": 0.9791167378425598}, {"ListeningId": 0, "ParameterID": 10, "Value": 50.08888244628906}, {"ListeningId": 0, "ParameterID": 11, "Value": 50.08888244628906}, {"ListeningId": 0, "ParameterID": 12, "Value": 50.08888244628906}, {"ListeningId": 0, "ParameterID": 32, "Value": 6200.54052734375}]}, {"ListeningId": 0, "MeterId": 12, "Timestamp": 1632424560, "listeningvalues": [{"ListeningId": 0, "ParameterID": 1, "Value": 230.9567108154297}, {"ListeningId": 0, "ParameterID": 2, "Value": 232.82334899902344}, {"ListeningId": 0, "ParameterID": 3, "Value": 229.96144104003906}, {"ListeningId": 0, "ParameterID": 4, "Value": 401.3569641113281}, {"ListeningId": 0, "ParameterID": 5, "Value": 400.7607116699219}, {"ListeningId": 0, "ParameterID": 6, "Value": 399.24591064453125}, {"ListeningId": 0, "ParameterID": 7, "Value": 2.5820364952087402}, {"ListeningId": 0, "ParameterID": 8, "Value": 2.0359489917755127}, {"ListeningId": 0, "ParameterID": 9, "Value": 2.8267765045166016}, {"ListeningId": 0, "ParameterID": 17, "Value": 590.1343383789062}, {"ListeningId": 0, "ParameterID": 18, "Value": 472.0789794921875}, {"ListeningId": 0, "ParameterID": 19, "Value": 611.4197387695312}, {"ListeningId": 0, "ParameterID": 20, "Value": 1673.0478515625}, {"ListeningId": 0, "ParameterID": 21, "Value": 595.9859008789062}, {"ListeningId": 0, "ParameterID": 22, "Value": 473.10272216796875}, {"ListeningId": 0, "ParameterID": 23, "Value": 649.8826904296875}, {"ListeningId": 0, "ParameterID": 24, "Value": 1720.5140380859375}, {"ListeningId": 0, "ParameterID": 25, "Value": 77.74740600585938}, {"ListeningId": 0, "ParameterID": 26, "Value": 36.27360153198242}, {"ListeningId": 0, "ParameterID": 27, "Value": 221.27590942382812}, {"ListeningId": 0, "ParameterID": 28, "Value": 335.32366943359375}, {"ListeningId": 0, "ParameterID": 13, "Value": 0.9869509935379028}, {"ListeningId": 0, "ParameterID": 14, "Value": 0.987190842628479}, {"ListeningId": 0, "ParameterID": 15, "Value": 0.9868803024291992}, {"ListeningId": 0, "ParameterID": 16, "Value": 0.9870073795318604}, {"ListeningId": 0, "ParameterID": 10, "Value": 50.08888244628906}, {"ListeningId": 0, "ParameterID": 11, "Value": 50.08888244628906}, {"ListeningId": 0, "ParameterID": 12, "Value": 50.08888244628906}, {"ListeningId": 0, "ParameterID": 32, "Value": 6200.93701171875}]}]