[{"ListeningId": 0, "MeterId": 1, "Timestamp": 1632424200, "listeningvalues": [{"ListeningId": 0, "ParameterID": 1, "Value": 230.56600952148438}, {"ListeningId": 0, "ParameterID": 2, "Value": 231.94363403320312}, {"ListeningId": 0, "ParameterID": 3, "Value": 230.9343719482422}, {"ListeningId": 0, "ParameterID": 4, "Value": 400.6850280761719}, {"ListeningId": 0, "ParameterID": 5, "Value": 400.8624572753906}, {"ListeningId": 0, "ParameterID": 6, "Value": 400.0149230957031}, {"ListeningId": 0, "ParameterID": 7, "Value": 2.313803195953369}, {"ListeningId": 0, "ParameterID": 8, "Value": 2.1932127475738525}, {"ListeningId": 0, "ParameterID": 9, "Value": 2.7330636978149414}, {"ListeningId": 0, "ParameterID": 17, "Value": 518.7706298828125}, {"ListeningId": 0, "ParameterID": 18, "Value": 508.70172119140625}, {"ListeningId": 0, "ParameterID": 19, "Value": 618.3165283203125}, {"ListeningId": 0, "ParameterID": 20, "Value": 1645.7889404296875}, {"ListeningId": 0, "ParameterID": 21, "Value": 533.484375}, {"ListeningId": 0, "ParameterID": 22, "Value": 508.70172119140625}, {"ListeningId": 0, "ParameterID": 23, "Value": 631.1583251953125}, {"ListeningId": 0, "ParameterID": 24, "Value": 1673.3443603515625}, {"ListeningId": 0, "ParameterID": 25, "Value": 124.42919921875}, {"ListeningId": 0, "ParameterID": 26, "Value": 0.0}, {"ListeningId": 0, "ParameterID": 27, "Value": 126.67082977294922}, {"ListeningId": 0, "ParameterID": 28, "Value": 251.10003662109375}, {"ListeningId": 0, "ParameterID": 13, "Value": 0.9933305382728577}, {"ListeningId": 0, "ParameterID": 14, "Value": 0.9862948060035706}, {"ListeningId": 0, "ParameterID": 15, "Value": 0.9507377743721008}, {"ListeningId": 0, "ParameterID": 16, "Value": 0.9767877459526062}, {"ListeningId": 0, "ParameterID": 10, "Value": 50.142452239990234}, {"ListeningId": 0, "ParameterID": 11, "Value": 50.142452239990234}, {"ListeningId": 0, "ParameterID": 12, "Value": 50.142452239990234}, {"ListeningId": 0, "ParameterID": 32, "Value": 6034.99560546875}]}, {"ListeningId": 0, "MeterId": 2, "Timestamp": 1632424200, "listeningvalues": [{"ListeningId": 0, "ParameterID": 1, "Value": 231.4094696044922}, {"ListeningId": 0, "ParameterID": 2, "Value": 232.4385528564453}, {"ListeningId": 0, "ParameterID": 3, "Value": 229.76638793945312}, {"ListeningId": 0, "ParameterID": 4, "Value": 402.0216369628906}, {"ListeningId": 0, "ParameterID": 5, "Value": 400.31982421875}, {"ListeningId": 0, "ParameterID": 6, "Value": 399.0111083984375}, {"ListeningId": 0, "ParameterID": 7, "Value": 2.3978421688079834}, {"ListeningId": 0, "ParameterID": 8, "Value": 1.9197328090667725}, {"ListeningId": 0, "ParameterID": 9, "Value": 2.6624984741210938}, {"ListeningId": 0, "ParameterID": 17, "Value": 545.9841918945312}, {"ListeningId": 0, "ParameterID": 18, "Value": 446.21990966796875}, {"ListeningId": 0, "ParameterID": 19, "Value": 591.6190185546875}, {"ListeningId": 0, "ParameterID": 20, "Value": 1583.8231201171875}, {"ListeningId": 0, "ParameterID": 21, "Value": 554.8833618164062}, {"ListeningId": 0, "ParameterID": 22, "Value": 446.21990966796875}, {"ListeningId": 0, "ParameterID": 23, "Value": 611.752685546875}, {"ListeningId": 0, "ParameterID": 24, "Value": 1612.85595703125}, {"ListeningId": 0, "ParameterID": 25, "Value": 98.97869110107422}, {"ListeningId": 0, "ParameterID": 26, "Value": 0.0}, {"ListeningId": 0, "ParameterID": 27, "Value": 155.65435791015625}, {"ListeningId": 0, "ParameterID": 28, "Value": 254.633056640625}, {"ListeningId": 0, "ParameterID": 13, "Value": 0.9839620590209961}, {"ListeningId": 0, "ParameterID": 14, "Value": 1.0}, {"ListeningId": 0, "ParameterID": 15, "Value": 0.9670885801315308}, {"ListeningId": 0, "ParameterID": 16, "Value": 0.9836835861206055}, {"ListeningId": 0, "ParameterID": 10, "Value": 50.092838287353516}, {"ListeningId": 0, "ParameterID": 11, "Value": 50.092838287353516}, {"ListeningId": 0, "ParameterID": 12, "Value": 50.092838287353516}, {"ListeningId": 0, "ParameterID": 32, "Value": 6040.60986328125}]}, {"ListeningId": 0, "MeterId": 3, "Timestamp": 1632424200, "listeningvalues": [{"ListeningId": 0, "ParameterID": 1, "Value": 231.1424560546875}, {"ListeningId": 0, "ParameterID": 2, "Value": 231.5717010498047}, {"ListeningId": 0, "ParameterID": 3, "Value": 231.14508056640625}, {"ListeningId": 0, "ParameterID": 4, "Value": 400.5498962402344}, {"ListeningId": 0, "ParameterID": 5, "Value": 400.3421325683594}, {"ListeningId": 0, "ParameterID": 6, "Value": 400.2928161621094}, {"ListeningId": 0, "ParameterID": 7, "Value": 2.4191620349884033}, {"ListeningId": 0, "ParameterID": 8, "Value": 2.2288718223571777}, {"ListeningId": 0, "ParameterID": 9, "Value": 2.63922119140625}, {"ListeningId": 0, "ParameterID": 17, "Value": 540.5210571289062}, {"ListeningId": 0, "ParameterID": 18, "Value": 516.3131103515625}, {"ListeningId": 0, "ParameterID": 19, "Value": 603.5537109375}, {"ListeningId": 0, "ParameterID": 20, "Value": 1659.1026611328125}, {"ListeningId": 0, "ParameterID": 21, "Value": 559.8087158203125}, {"ListeningId": 0, "ParameterID": 22, "Value": 516.6704711914062}, {"ListeningId": 0, "ParameterID": 23, "Value": 610.748291015625}, {"ListeningId": 0, "ParameterID": 24, "Value": 1684.3450927734375}, {"ListeningId": 0, "ParameterID": 25, "Value": 144.30230712890625}, {"ListeningId": 0, "ParameterID": 26, "Value": 0.0}, {"ListeningId": 0, "ParameterID": 27, "Value": 88.17386627197266}, {"ListeningId": 0, "ParameterID": 28, "Value": 232.4826202392578}, {"ListeningId": 0, "ParameterID": 13, "Value": 0.9936466813087463}, {"ListeningId": 0, "ParameterID": 14, "Value": 1.0}, {"ListeningId": 0, "ParameterID": 15, "Value": 0.9727031588554382}, {"ListeningId": 0, "ParameterID": 16, "Value": 0.9887832999229431}, {"ListeningId": 0, "ParameterID": 10, "Value": 50.092838287353516}, {"ListeningId": 0, "ParameterID": 11, "Value": 50.092838287353516}, {"ListeningId": 0, "ParameterID": 12, "Value": 50.092838287353516}, {"ListeningId": 0, "ParameterID": 32, "Value": 6042.466796875}]}, {"ListeningId": 0, "MeterId": 4, "Timestamp": 1632424200, "listeningvalues": [{"ListeningId": 0, "ParameterID": 1, "Value": 230.61257934570312}, {"ListeningId": 0, "ParameterID": 2, "Value": 232.0507049560547}, {"ListeningId": 0, "ParameterID": 3, "Value": 230.044677734375}, {"ListeningId": 0, "ParameterID": 4, "Value": 400.6196594238281}, {"ListeningId": 0, "ParameterID": 5, "Value": 400.10009765625}, {"ListeningId": 0, "ParameterID": 6, "Value": 398.96929931640625}, {"ListeningId": 0, "ParameterID": 7, "Value": 2.6561062335968018}, {"ListeningId": 0, "ParameterID": 8, "Value": 2.018552303314209}, {"ListeningId": 0, "ParameterID": 9, "Value": 2.7550930976867676}, {"ListeningId": 0, "ParameterID": 17, "Value": 605.8910522460938}, {"ListeningId": 0, "ParameterID": 18, "Value": 468.6533203125}, {"ListeningId": 0, "ParameterID": 19, "Value": 620.7384643554688}, {"ListeningId": 0, "ParameterID": 20, "Value": 1696.3111572265625}, {"ListeningId": 0, "ParameterID": 21, "Value": 611.8360595703125}, {"ListeningId": 0, "ParameterID": 22, "Value": 468.64306640625}, {"ListeningId": 0, "ParameterID": 23, "Value": 634.1378173828125}, {"ListeningId": 0, "ParameterID": 24, "Value": 1715.6273193359375}, {"ListeningId": 0, "ParameterID": 25, "Value": 86.99019622802734}, {"ListeningId": 0, "ParameterID": 26, "Value": 0.0}, {"ListeningId": 0, "ParameterID": 27, "Value": 129.5337677001953}, {"ListeningId": 0, "ParameterID": 28, "Value": 216.15345764160156}, {"ListeningId": 0, "ParameterID": 13, "Value": 0.9774373173713684}, {"ListeningId": 0, "ParameterID": 14, "Value": 0.9897787570953369}, {"ListeningId": 0, "ParameterID": 15, "Value": 0.9755710959434509}, {"ListeningId": 0, "ParameterID": 16, "Value": 0.9809290766716003}, {"ListeningId": 0, "ParameterID": 10, "Value": 50.092838287353516}, {"ListeningId": 0, "ParameterID": 11, "Value": 50.092838287353516}, {"ListeningId": 0, "ParameterID": 12, "Value": 50.092838287353516}, {"ListeningId": 0, "ParameterID": 32, "Value": 6041.462890625}]}, {"ListeningId": 0, "MeterId": 5, "Timestamp": 1632424200, "listeningvalues": [{"ListeningId": 0, "ParameterID": 1, "Value": 230.8173828125}, {"ListeningId": 0, "ParameterID": 2, "Value": 232.3415985107422}, {"ListeningId": 0, "ParameterID": 3, "Value": 230.3783721923828}, {"ListeningId": 0, "ParameterID": 4, "Value": 401.15802001953125}, {"ListeningId": 0, "ParameterID": 5, "Value": 400.6376647949219}, {"ListeningId": 0, "ParameterID": 6, "Value": 399.177978515625}, {"ListeningId": 0, "ParameterID": 7, "Value": 2.7108874320983887}, {"ListeningId": 0, "ParameterID": 8, "Value": 1.8660426139831543}, {"ListeningId": 0, "ParameterID": 9, "Value": 2.729233741760254}, {"ListeningId": 0, "ParameterID": 17, "Value": 609.1236572265625}, {"ListeningId": 0, "ParameterID": 18, "Value": 433.4122009277344}, {"ListeningId": 0, "ParameterID": 19, "Value": 614.6967163085938}, {"ListeningId": 0, "ParameterID": 20, "Value": 1656.451416015625}, {"ListeningId": 0, "ParameterID": 21, "Value": 624.5151977539062}, {"ListeningId": 0, "ParameterID": 22, "Value": 432.9364318847656}, {"ListeningId": 0, "ParameterID": 23, "Value": 628.3629150390625}, {"ListeningId": 0, "ParameterID": 24, "Value": 1685.504150390625}, {"ListeningId": 0, "ParameterID": 25, "Value": 138.7829132080078}, {"ListeningId": 0, "ParameterID": 26, "Value": 0.0}, {"ListeningId": 0, "ParameterID": 27, "Value": 127.84938049316406}, {"ListeningId": 0, "ParameterID": 28, "Value": 266.52801513671875}, {"ListeningId": 0, "ParameterID": 13, "Value": 0.966456949710846}, {"ListeningId": 0, "ParameterID": 14, "Value": 1.0}, {"ListeningId": 0, "ParameterID": 15, "Value": 0.9638689160346985}, {"ListeningId": 0, "ParameterID": 16, "Value": 0.9767752289772034}, {"ListeningId": 0, "ParameterID": 10, "Value": 50.092838287353516}, {"ListeningId": 0, "ParameterID": 11, "Value": 50.092838287353516}, {"ListeningId": 0, "ParameterID": 12, "Value": 50.092838287353516}, {"ListeningId": 0, "ParameterID": 32, "Value": 6039.0}]}, {"ListeningId": 0, "MeterId": 6, "Timestamp": 1632424200, "listeningvalues": [{"ListeningId": 0, "ParameterID": 1, "Value": 230.29449462890625}, {"ListeningId": 0, "ParameterID": 2, "Value": 231.66697692871094}, {"ListeningId": 0, "ParameterID": 3, "Value": 230.77395629882812}, {"ListeningId": 0, "ParameterID": 4, "Value": 399.8506774902344}, {"ListeningId": 0, "ParameterID": 5, "Value": 400.36627197265625}, {"ListeningId": 0, "ParameterID": 6, "Value": 399.4217834472656}, {"ListeningId": 0, "ParameterID": 7, "Value": 2.6386771202087402}, {"ListeningId": 0, "ParameterID": 8, "Value": 1.8814706802368164}, {"ListeningId": 0, "ParameterID": 9, "Value": 2.7781476974487305}, {"ListeningId": 0, "ParameterID": 17, "Value": 597.4169921875}, {"ListeningId": 0, "ParameterID": 18, "Value": 434.52996826171875}, {"ListeningId": 0, "ParameterID": 19, "Value": 624.950927734375}, {"ListeningId": 0, "ParameterID": 20, "Value": 1656.7314453125}, {"ListeningId": 0, "ParameterID": 21, "Value": 607.40234375}, {"ListeningId": 0, "ParameterID": 22, "Value": 435.91845703125}, {"ListeningId": 0, "ParameterID": 23, "Value": 639.9428100585938}, {"ListeningId": 0, "ParameterID": 24, "Value": 1683.03076171875}, {"ListeningId": 0, "ParameterID": 25, "Value": 113.95259094238281}, {"ListeningId": 0, "ParameterID": 26, "Value": 35.93349075317383}, {"ListeningId": 0, "ParameterID": 27, "Value": 140.47503662109375}, {"ListeningId": 0, "ParameterID": 28, "Value": 290.4814453125}, {"ListeningId": 0, "ParameterID": 13, "Value": 0.9680432677268982}, {"ListeningId": 0, "ParameterID": 14, "Value": 0.9880288243293762}, {"ListeningId": 0, "ParameterID": 15, "Value": 0.960196852684021}, {"ListeningId": 0, "ParameterID": 16, "Value": 0.9720895886421204}, {"ListeningId": 0, "ParameterID": 10, "Value": 50.092838287353516}, {"ListeningId": 0, "ParameterID": 11, "Value": 50.092838287353516}, {"ListeningId": 0, "ParameterID": 12, "Value": 50.092838287353516}, {"ListeningId": 0, "ParameterID": 32, "Value": 6039.9951171875}]}, {"ListeningId": 0, "MeterId": 7, "Timestamp": 1632424200, "listeningvalues": [{"ListeningId": 0, "ParameterID": 1, "Value": 231.68603515625}, {"ListeningId": 0, "ParameterID": 2, "Value": 231.89195251464844}, {"ListeningId": 0, "ParameterID": 3, "Value": 229.8245086669922}, {"ListeningId": 0, "ParameterID": 4, "Value": 401.2644348144531}, {"ListeningId": 0, "ParameterID": 5, "Value": 400.1600341796875}, {"ListeningId": 0, "ParameterID": 6, "Value": 399.8172912597656}, {"ListeningId": 0, "ParameterID": 7, "Value": 2.4394001960754395}, {"ListeningId": 0, "ParameterID": 8, "Value": 1.7658836841583252}, {"ListeningId": 0, "ParameterID": 9, "Value": 2.88148832321167}, {"ListeningId": 0, "ParameterID": 17, "Value": 562.650146484375}, {"ListeningId": 0, "ParameterID": 18, "Value": 409.0147705078125}, {"ListeningId": 0, "ParameterID": 19, "Value": 636.8364868164062}, {"ListeningId": 0, "ParameterID": 20, "Value": 1608.50146484375}, {"ListeningId": 0, "ParameterID": 21, "Value": 565.1749877929688}, {"ListeningId": 0, "ParameterID": 22, "Value": 409.49420166015625}, {"ListeningId": 0, "ParameterID": 23, "Value": 662.2366333007812}, {"ListeningId": 0, "ParameterID": 24, "Value": 1636.90576171875}, {"ListeningId": 0, "ParameterID": 25, "Value": 53.362850189208984}, {"ListeningId": 0, "ParameterID": 26, "Value": 19.809640884399414}, {"ListeningId": 0, "ParameterID": 27, "Value": 181.6497344970703}, {"ListeningId": 0, "ParameterID": 28, "Value": 254.82223510742188}, {"ListeningId": 0, "ParameterID": 13, "Value": 0.9955326914787292}, {"ListeningId": 0, "ParameterID": 14, "Value": 0.998829185962677}, {"ListeningId": 0, "ParameterID": 15, "Value": 0.9616449475288391}, {"ListeningId": 0, "ParameterID": 16, "Value": 0.9853355884552002}, {"ListeningId": 0, "ParameterID": 10, "Value": 50.10167694091797}, {"ListeningId": 0, "ParameterID": 11, "Value": 50.10167694091797}, {"ListeningId": 0, "ParameterID": 12, "Value": 50.10167694091797}, {"ListeningId": 0, "ParameterID": 32, "Value": 6042.7880859375}]}, {"ListeningId": 0, "MeterId": 8, "Timestamp": 1632424200, "listeningvalues": [{"ListeningId": 0, "ParameterID": 1, "Value": 231.65948486328125}, {"ListeningId": 0, "ParameterID": 2, "Value": 232.0801239013672}, {"ListeningId": 0, "ParameterID": 3, "Value": 229.7193145751953}, {"ListeningId": 0, "ParameterID": 4, "Value": 401.5544128417969}, {"ListeningId": 0, "ParameterID": 5, "Value": 400.1719665527344}, {"ListeningId": 0, "ParameterID": 6, "Value": 400.0608215332031}, {"ListeningId": 0, "ParameterID": 7, "Value": 2.4388744831085205}, {"ListeningId": 0, "ParameterID": 8, "Value": 1.7655892372131348}, {"ListeningId": 0, "ParameterID": 9, "Value": 2.8832857608795166}, {"ListeningId": 0, "ParameterID": 17, "Value": 562.5009765625}, {"ListeningId": 0, "ParameterID": 18, "Value": 408.9685974121094}, {"ListeningId": 0, "ParameterID": 19, "Value": 636.66796875}, {"ListeningId": 0, "ParameterID": 20, "Value": 1608.9888916015625}, {"ListeningId": 0, "ParameterID": 21, "Value": 565.3123168945312}, {"ListeningId": 0, "ParameterID": 22, "Value": 409.2344665527344}, {"ListeningId": 0, "ParameterID": 23, "Value": 661.6531982421875}, {"ListeningId": 0, "ParameterID": 24, "Value": 1638.4769287109375}, {"ListeningId": 0, "ParameterID": 25, "Value": 53.405696868896484}, {"ListeningId": 0, "ParameterID": 26, "Value": 19.80936050415039}, {"ListeningId": 0, "ParameterID": 27, "Value": 181.72915649414062}, {"ListeningId": 0, "ParameterID": 28, "Value": 254.818359375}, {"ListeningId": 0, "ParameterID": 13, "Value": 0.9632110595703125}, {"ListeningId": 0, "ParameterID": 14, "Value": 1.0}, {"ListeningId": 0, "ParameterID": 15, "Value": 0.9474608898162842}, {"ListeningId": 0, "ParameterID": 16, "Value": 0.9702239632606506}, {"ListeningId": 0, "ParameterID": 10, "Value": 50.10167694091797}, {"ListeningId": 0, "ParameterID": 11, "Value": 50.10167694091797}, {"ListeningId": 0, "ParameterID": 12, "Value": 50.10167694091797}, {"ListeningId": 0, "ParameterID": 32, "Value": 6042.7880859375}]}, {"ListeningId": 0, "MeterId": 9, "Timestamp": 1632424200, "listeningvalues": [{"ListeningId": 0, "ParameterID": 1, "Value": 230.8385772705078}, {"ListeningId": 0, "ParameterID": 2, "Value": 232.20486450195312}, {"ListeningId": 0, "ParameterID": 3, "Value": 229.64743041992188}, {"ListeningId": 0, "ParameterID": 4, "Value": 400.46417236328125}, {"ListeningId": 0, "ParameterID": 5, "Value": 400.0022277832031}, {"ListeningId": 0, "ParameterID": 6, "Value": 399.0994873046875}, {"ListeningId": 0, "ParameterID": 7, "Value": 2.293548583984375}, {"ListeningId": 0, "ParameterID": 8, "Value": 1.817104458808899}, {"ListeningId": 0, "ParameterID": 9, "Value": 2.988206624984741}, {"ListeningId": 0, "ParameterID": 17, "Value": 507.73199462890625}, {"ListeningId": 0, "ParameterID": 18, "Value": 421.7570495605469}, {"ListeningId": 0, "ParameterID": 19, "Value": 669.9984130859375}, {"ListeningId": 0, "ParameterID": 20, "Value": 1598.9161376953125}, {"ListeningId": 0, "ParameterID": 21, "Value": 528.3888549804688}, {"ListeningId": 0, "ParameterID": 22, "Value": 422.0050964355469}, {"ListeningId": 0, "ParameterID": 23, "Value": 686.3107299804688}, {"ListeningId": 0, "ParameterID": 24, "Value": 1635.521240234375}, {"ListeningId": 0, "ParameterID": 25, "Value": 146.51014709472656}, {"ListeningId": 0, "ParameterID": 26, "Value": 0.0}, {"ListeningId": 0, "ParameterID": 27, "Value": 150.60084533691406}, {"ListeningId": 0, "ParameterID": 28, "Value": 296.8019714355469}, {"ListeningId": 0, "ParameterID": 13, "Value": 0.9826260209083557}, {"ListeningId": 0, "ParameterID": 14, "Value": 1.0}, {"ListeningId": 0, "ParameterID": 15, "Value": 0.9507148861885071}, {"ListeningId": 0, "ParameterID": 16, "Value": 0.977780282497406}, {"ListeningId": 0, "ParameterID": 10, "Value": 50.10167694091797}, {"ListeningId": 0, "ParameterID": 11, "Value": 50.10167694091797}, {"ListeningId": 0, "ParameterID": 12, "Value": 50.10167694091797}, {"ListeningId": 0, "ParameterID": 32, "Value": 6046.79638671875}]}, {"ListeningId": 0, "MeterId": 10, "Timestamp": 1632424200, "listeningvalues": [{"ListeningId": 0, "ParameterID": 1, "Value": 230.8988800048828}, {"ListeningId": 0, "ParameterID": 2, "Value": 231.23146057128906}, {"ListeningId": 0, "ParameterID": 3, "Value": 230.3844451904297}, {"ListeningId": 0, "ParameterID": 4, "Value": 400.3297119140625}, {"ListeningId": 0, "ParameterID": 5, "Value": 399.59521484375}, {"ListeningId": 0, "ParameterID": 6, "Value": 399.7813415527344}, {"ListeningId": 0, "ParameterID": 7, "Value": 2.6395058631896973}, {"ListeningId": 0, "ParameterID": 8, "Value": 1.9663889408111572}, {"ListeningId": 0, "ParameterID": 9, "Value": 3.007829189300537}, {"ListeningId": 0, "ParameterID": 17, "Value": 605.4505615234375}, {"ListeningId": 0, "ParameterID": 18, "Value": 451.3781433105469}, {"ListeningId": 0, "ParameterID": 19, "Value": 660.3742065429688}, {"ListeningId": 0, "ParameterID": 20, "Value": 1717.7884521484375}, {"ListeningId": 0, "ParameterID": 21, "Value": 609.4807739257812}, {"ListeningId": 0, "ParameterID": 22, "Value": 455.6525573730469}, {"ListeningId": 0, "ParameterID": 23, "Value": 692.6278686523438}, {"ListeningId": 0, "ParameterID": 24, "Value": 1757.63525390625}, {"ListeningId": 0, "ParameterID": 25, "Value": 62.2887077331543}, {"ListeningId": 0, "ParameterID": 26, "Value": 61.607215881347656}, {"ListeningId": 0, "ParameterID": 27, "Value": 208.69976806640625}, {"ListeningId": 0, "ParameterID": 28, "Value": 332.5821228027344}, {"ListeningId": 0, "ParameterID": 13, "Value": 0.9824685454368591}, {"ListeningId": 0, "ParameterID": 14, "Value": 0.9936069250106812}, {"ListeningId": 0, "ParameterID": 15, "Value": 0.9548119306564331}, {"ListeningId": 0, "ParameterID": 16, "Value": 0.9769623875617981}, {"ListeningId": 0, "ParameterID": 10, "Value": 50.10167694091797}, {"ListeningId": 0, "ParameterID": 11, "Value": 50.10167694091797}, {"ListeningId": 0, "ParameterID": 12, "Value": 50.10167694091797}, {"ListeningId": 0, "ParameterID": 32, "Value": 7624.97607421875}]}, {"ListeningId": 0, "MeterId": 11, "Timestamp": 1632424200, "listeningvalues": [{"ListeningId": 0, "ParameterID": 1, "Value": 231.5487518310547}, {"ListeningId": 0, "ParameterID": 2, "Value": 231.86669921875}, {"ListeningId": 0, "ParameterID": 3, "Value": 230.30191040039062}, {"ListeningId": 0, "ParameterID": 4, "Value": 401.6972351074219}, {"ListeningId": 0, "ParameterID": 5, "Value": 400.6318664550781}, {"ListeningId": 0, "ParameterID": 6, "Value": 400.40875244140625}, {"ListeningId": 0, "ParameterID": 7, "Value": 2.4914023876190186}, {"ListeningId": 0, "ParameterID": 8, "Value": 1.9559285640716553}, {"ListeningId": 0, "ParameterID": 9, "Value": 2.840474843978882}, {"ListeningId": 0, "ParameterID": 17, "Value": 568.1760864257812}, {"ListeningId": 0, "ParameterID": 18, "Value": 453.9708251953125}, {"ListeningId": 0, "ParameterID": 19, "Value": 646.8388671875}, {"ListeningId": 0, "ParameterID": 20, "Value": 1669.402587890625}, {"ListeningId": 0, "ParameterID": 21, "Value": 578.1465454101562}, {"ListeningId": 0, "ParameterID": 22, "Value": 453.3862609863281}, {"ListeningId": 0, "ParameterID": 23, "Value": 654.0811157226562}, {"ListeningId": 0, "ParameterID": 24, "Value": 1684.58642578125}, {"ListeningId": 0, "ParameterID": 25, "Value": 106.25697326660156}, {"ListeningId": 0, "ParameterID": 26, "Value": 0.0}, {"ListeningId": 0, "ParameterID": 27, "Value": 98.79156494140625}, {"ListeningId": 0, "ParameterID": 28, "Value": 204.81349182128906}, {"ListeningId": 0, "ParameterID": 13, "Value": 0.9804732799530029}, {"ListeningId": 0, "ParameterID": 14, "Value": 1.0}, {"ListeningId": 0, "ParameterID": 15, "Value": 0.9826253056526184}, {"ListeningId": 0, "ParameterID": 16, "Value": 0.9876995086669922}, {"ListeningId": 0, "ParameterID": 10, "Value": 50.10167694091797}, {"ListeningId": 0, "ParameterID": 11, "Value": 50.10167694091797}, {"ListeningId": 0, "ParameterID": 12, "Value": 50.10167694091797}, {"ListeningId": 0, "ParameterID": 32, "Value": 6036.40380859375}]}, {"ListeningId": 0, "MeterId": 12, "Timestamp": 1632424200, "listeningvalues": [{"ListeningId": 0, "ParameterID": 1, "Value": 230.87254333496094}, {"ListeningId": 0, "ParameterID": 2, "Value": 231.87619018554688}, {"ListeningId": 0, "ParameterID": 3, "Value": 231.21107482910156}, {"ListeningId": 0, "ParameterID": 4, "Value": 400.41168212890625}, {"ListeningId": 0, "ParameterID": 5, "Value": 400.9675598144531}, {"ListeningId": 0, "ParameterID": 6, "Value": 399.9178161621094}, {"ListeningId": 0, "ParameterID": 7, "Value": 2.6705970764160156}, {"ListeningId": 0, "ParameterID": 8, "Value": 1.9386388063430786}, {"ListeningId": 0, "ParameterID": 9, "Value": 2.7310266494750977}, {"ListeningId": 0, "ParameterID": 17, "Value": 608.6774291992188}, {"ListeningId": 0, "ParameterID": 18, "Value": 449.524169921875}, {"ListeningId": 0, "ParameterID": 19, "Value": 594.9651489257812}, {"ListeningId": 0, "ParameterID": 20, "Value": 1653.166748046875}, {"ListeningId": 0, "ParameterID": 21, "Value": 616.5675659179688}, {"ListeningId": 0, "ParameterID": 22, "Value": 449.524169921875}, {"ListeningId": 0, "ParameterID": 23, "Value": 631.443603515625}, {"ListeningId": 0, "ParameterID": 24, "Value": 1697.535400390625}, {"ListeningId": 0, "ParameterID": 25, "Value": 98.3226547241211}, {"ListeningId": 0, "ParameterID": 26, "Value": 0.0}, {"ListeningId": 0, "ParameterID": 27, "Value": 211.5124053955078}, {"ListeningId": 0, "ParameterID": 28, "Value": 309.8350524902344}, {"ListeningId": 0, "ParameterID": 13, "Value": 0.9872031211853027}, {"ListeningId": 0, "ParameterID": 14, "Value": 1.0}, {"ListeningId": 0, "ParameterID": 15, "Value": 0.9422301054000854}, {"ListeningId": 0, "ParameterID": 16, "Value": 0.9764778017997742}, {"ListeningId": 0, "ParameterID": 10, "Value": 50.09779739379883}, {"ListeningId": 0, "ParameterID": 11, "Value": 50.09779739379883}, {"ListeningId": 0, "ParameterID": 12, "Value": 50.09779739379883}, {"ListeningId": 0, "ParameterID": 32, "Value": 6036.82177734375}]}]