[{"ListeningId": 0, "MeterId": 1, "Timestamp": 1632424680, "listeningvalues": [{"ListeningId": 0, "ParameterID": 1, "Value": 230.9930877685547}, {"ListeningId": 0, "ParameterID": 2, "Value": 232.2404327392578}, {"ListeningId": 0, "ParameterID": 3, "Value": 230.1088104248047}, {"ListeningId": 0, "ParameterID": 4, "Value": 401.46142578125}, {"ListeningId": 0, "ParameterID": 5, "Value": 400.2334289550781}, {"ListeningId": 0, "ParameterID": 6, "Value": 399.0405578613281}, {"ListeningId": 0, "ParameterID": 7, "Value": 2.5759453773498535}, {"ListeningId": 0, "ParameterID": 8, "Value": 2.145200252532959}, {"ListeningId": 0, "ParameterID": 9, "Value": 2.8005619049072266}, {"ListeningId": 0, "ParameterID": 17, "Value": 592.1215209960938}, {"ListeningId": 0, "ParameterID": 18, "Value": 498.2022399902344}, {"ListeningId": 0, "ParameterID": 19, "Value": 608.6810913085938}, {"ListeningId": 0, "ParameterID": 20, "Value": 1699.0048828125}, {"ListeningId": 0, "ParameterID": 21, "Value": 595.0255737304688}, {"ListeningId": 0, "ParameterID": 22, "Value": 498.2022399902344}, {"ListeningId": 0, "ParameterID": 23, "Value": 644.4339599609375}, {"ListeningId": 0, "ParameterID": 24, "Value": 1737.6617431640625}, {"ListeningId": 0, "ParameterID": 25, "Value": 58.71568298339844}, {"ListeningId": 0, "ParameterID": 26, "Value": 0.0}, {"ListeningId": 0, "ParameterID": 27, "Value": 211.6659393310547}, {"ListeningId": 0, "ParameterID": 28, "Value": 270.3816223144531}, {"ListeningId": 0, "ParameterID": 13, "Value": 0.9897995591163635}, {"ListeningId": 0, "ParameterID": 14, "Value": 1.0}, {"ListeningId": 0, "ParameterID": 15, "Value": 0.9853566884994507}, {"ListeningId": 0, "ParameterID": 16, "Value": 0.9917187690734863}, {"ListeningId": 0, "ParameterID": 10, "Value": 50.06951141357422}, {"ListeningId": 0, "ParameterID": 11, "Value": 50.06951141357422}, {"ListeningId": 0, "ParameterID": 12, "Value": 50.06951141357422}, {"ListeningId": 0, "ParameterID": 32, "Value": 6253.845703125}]}, {"ListeningId": 0, "MeterId": 2, "Timestamp": 1632424680, "listeningvalues": [{"ListeningId": 0, "ParameterID": 1, "Value": 230.8065643310547}, {"ListeningId": 0, "ParameterID": 2, "Value": 231.5625457763672}, {"ListeningId": 0, "ParameterID": 3, "Value": 229.82542419433594}, {"ListeningId": 0, "ParameterID": 4, "Value": 400.72576904296875}, {"ListeningId": 0, "ParameterID": 5, "Value": 399.6641540527344}, {"ListeningId": 0, "ParameterID": 6, "Value": 398.5363464355469}, {"ListeningId": 0, "ParameterID": 7, "Value": 2.6176865100860596}, {"ListeningId": 0, "ParameterID": 8, "Value": 2.167562246322632}, {"ListeningId": 0, "ParameterID": 9, "Value": 2.757524013519287}, {"ListeningId": 0, "ParameterID": 17, "Value": 586.3540649414062}, {"ListeningId": 0, "ParameterID": 18, "Value": 501.9262390136719}, {"ListeningId": 0, "ParameterID": 19, "Value": 599.7141723632812}, {"ListeningId": 0, "ParameterID": 20, "Value": 1687.994384765625}, {"ListeningId": 0, "ParameterID": 21, "Value": 604.1792602539062}, {"ListeningId": 0, "ParameterID": 22, "Value": 501.9262390136719}, {"ListeningId": 0, "ParameterID": 23, "Value": 633.7491455078125}, {"ListeningId": 0, "ParameterID": 24, "Value": 1739.8546142578125}, {"ListeningId": 0, "ParameterID": 25, "Value": 145.67601013183594}, {"ListeningId": 0, "ParameterID": 26, "Value": 0.0}, {"ListeningId": 0, "ParameterID": 27, "Value": 204.89234924316406}, {"ListeningId": 0, "ParameterID": 28, "Value": 350.568359375}, {"ListeningId": 0, "ParameterID": 13, "Value": 0.9704968929290771}, {"ListeningId": 0, "ParameterID": 14, "Value": 1.0}, {"ListeningId": 0, "ParameterID": 15, "Value": 0.9462958574295044}, {"ListeningId": 0, "ParameterID": 16, "Value": 0.972264289855957}, {"ListeningId": 0, "ParameterID": 10, "Value": 50.15719223022461}, {"ListeningId": 0, "ParameterID": 11, "Value": 50.15719223022461}, {"ListeningId": 0, "ParameterID": 12, "Value": 50.15719223022461}, {"ListeningId": 0, "ParameterID": 32, "Value": 6259.732421875}]}, {"ListeningId": 0, "MeterId": 3, "Timestamp": 1632424680, "listeningvalues": [{"ListeningId": 0, "ParameterID": 1, "Value": 230.8367156982422}, {"ListeningId": 0, "ParameterID": 2, "Value": 231.5652618408203}, {"ListeningId": 0, "ParameterID": 3, "Value": 230.09356689453125}, {"ListeningId": 0, "ParameterID": 4, "Value": 400.5060729980469}, {"ListeningId": 0, "ParameterID": 5, "Value": 399.9640808105469}, {"ListeningId": 0, "ParameterID": 6, "Value": 398.9387512207031}, {"ListeningId": 0, "ParameterID": 7, "Value": 2.698465585708618}, {"ListeningId": 0, "ParameterID": 8, "Value": 1.7696572542190552}, {"ListeningId": 0, "ParameterID": 9, "Value": 2.6891725063323975}, {"ListeningId": 0, "ParameterID": 17, "Value": 602.1575927734375}, {"ListeningId": 0, "ParameterID": 18, "Value": 410.3258056640625}, {"ListeningId": 0, "ParameterID": 19, "Value": 605.8401489257812}, {"ListeningId": 0, "ParameterID": 20, "Value": 1619.4952392578125}, {"ListeningId": 0, "ParameterID": 21, "Value": 623.4976806640625}, {"ListeningId": 0, "ParameterID": 22, "Value": 409.96875}, {"ListeningId": 0, "ParameterID": 23, "Value": 618.9437255859375}, {"ListeningId": 0, "ParameterID": 24, "Value": 1653.35693359375}, {"ListeningId": 0, "ParameterID": 25, "Value": 158.38311767578125}, {"ListeningId": 0, "ParameterID": 26, "Value": 0.0}, {"ListeningId": 0, "ParameterID": 27, "Value": 123.28197479248047}, {"ListeningId": 0, "ParameterID": 28, "Value": 281.5768127441406}, {"ListeningId": 0, "ParameterID": 13, "Value": 0.9671362638473511}, {"ListeningId": 0, "ParameterID": 14, "Value": 1.0}, {"ListeningId": 0, "ParameterID": 15, "Value": 0.9799832105636597}, {"ListeningId": 0, "ParameterID": 16, "Value": 0.9823731780052185}, {"ListeningId": 0, "ParameterID": 10, "Value": 50.15719223022461}, {"ListeningId": 0, "ParameterID": 11, "Value": 50.15719223022461}, {"ListeningId": 0, "ParameterID": 12, "Value": 50.15719223022461}, {"ListeningId": 0, "ParameterID": 32, "Value": 6261.54248046875}]}, {"ListeningId": 0, "MeterId": 4, "Timestamp": 1632424680, "listeningvalues": [{"ListeningId": 0, "ParameterID": 1, "Value": 231.32278442382812}, {"ListeningId": 0, "ParameterID": 2, "Value": 232.06166076660156}, {"ListeningId": 0, "ParameterID": 3, "Value": 230.8518524169922}, {"ListeningId": 0, "ParameterID": 4, "Value": 401.2317810058594}, {"ListeningId": 0, "ParameterID": 5, "Value": 400.91644287109375}, {"ListeningId": 0, "ParameterID": 6, "Value": 400.173583984375}, {"ListeningId": 0, "ParameterID": 7, "Value": 2.4652788639068604}, {"ListeningId": 0, "ParameterID": 8, "Value": 2.2024459838867188}, {"ListeningId": 0, "ParameterID": 9, "Value": 2.8578383922576904}, {"ListeningId": 0, "ParameterID": 17, "Value": 562.7083129882812}, {"ListeningId": 0, "ParameterID": 18, "Value": 511.6324768066406}, {"ListeningId": 0, "ParameterID": 19, "Value": 634.9002685546875}, {"ListeningId": 0, "ParameterID": 20, "Value": 1709.33642578125}, {"ListeningId": 0, "ParameterID": 21, "Value": 571.3955078125}, {"ListeningId": 0, "ParameterID": 22, "Value": 511.2269592285156}, {"ListeningId": 0, "ParameterID": 23, "Value": 659.4345092773438}, {"ListeningId": 0, "ParameterID": 24, "Value": 1740.2315673828125}, {"ListeningId": 0, "ParameterID": 25, "Value": 97.30730438232422}, {"ListeningId": 0, "ParameterID": 26, "Value": 0.0}, {"ListeningId": 0, "ParameterID": 27, "Value": 176.1800994873047}, {"ListeningId": 0, "ParameterID": 28, "Value": 273.6585693359375}, {"ListeningId": 0, "ParameterID": 13, "Value": 0.9714558124542236}, {"ListeningId": 0, "ParameterID": 14, "Value": 1.0}, {"ListeningId": 0, "ParameterID": 15, "Value": 0.9598023891448975}, {"ListeningId": 0, "ParameterID": 16, "Value": 0.977086067199707}, {"ListeningId": 0, "ParameterID": 10, "Value": 50.15719223022461}, {"ListeningId": 0, "ParameterID": 11, "Value": 50.15719223022461}, {"ListeningId": 0, "ParameterID": 12, "Value": 50.15719223022461}, {"ListeningId": 0, "ParameterID": 32, "Value": 6261.2197265625}]}, {"ListeningId": 0, "MeterId": 5, "Timestamp": 1632424680, "listeningvalues": [{"ListeningId": 0, "ParameterID": 1, "Value": 231.19473266601562}, {"ListeningId": 0, "ParameterID": 2, "Value": 232.375732421875}, {"ListeningId": 0, "ParameterID": 3, "Value": 230.18446350097656}, {"ListeningId": 0, "ParameterID": 4, "Value": 401.0784912109375}, {"ListeningId": 0, "ParameterID": 5, "Value": 400.3418884277344}, {"ListeningId": 0, "ParameterID": 6, "Value": 399.1535339355469}, {"ListeningId": 0, "ParameterID": 7, "Value": 2.315061330795288}, {"ListeningId": 0, "ParameterID": 8, "Value": 1.7557867765426636}, {"ListeningId": 0, "ParameterID": 9, "Value": 3.028491258621216}, {"ListeningId": 0, "ParameterID": 17, "Value": 520.8507690429688}, {"ListeningId": 0, "ParameterID": 18, "Value": 406.53289794921875}, {"ListeningId": 0, "ParameterID": 19, "Value": 673.1792602539062}, {"ListeningId": 0, "ParameterID": 20, "Value": 1601.5789794921875}, {"ListeningId": 0, "ParameterID": 21, "Value": 534.6536254882812}, {"ListeningId": 0, "ParameterID": 22, "Value": 408.45379638671875}, {"ListeningId": 0, "ParameterID": 23, "Value": 696.7990112304688}, {"ListeningId": 0, "ParameterID": 24, "Value": 1639.9351806640625}, {"ListeningId": 0, "ParameterID": 25, "Value": 119.8740005493164}, {"ListeningId": 0, "ParameterID": 26, "Value": 34.36623001098633}, {"ListeningId": 0, "ParameterID": 27, "Value": 179.8660888671875}, {"ListeningId": 0, "ParameterID": 28, "Value": 334.3495788574219}, {"ListeningId": 0, "ParameterID": 13, "Value": 0.9740723967552185}, {"ListeningId": 0, "ParameterID": 14, "Value": 0.993320643901825}, {"ListeningId": 0, "ParameterID": 15, "Value": 0.9632288217544556}, {"ListeningId": 0, "ParameterID": 16, "Value": 0.9768739342689514}, {"ListeningId": 0, "ParameterID": 10, "Value": 50.15719223022461}, {"ListeningId": 0, "ParameterID": 11, "Value": 50.15719223022461}, {"ListeningId": 0, "ParameterID": 12, "Value": 50.15719223022461}, {"ListeningId": 0, "ParameterID": 32, "Value": 6257.99462890625}]}, {"ListeningId": 0, "MeterId": 6, "Timestamp": 1632424680, "listeningvalues": [{"ListeningId": 0, "ParameterID": 1, "Value": 231.7500762939453}, {"ListeningId": 0, "ParameterID": 2, "Value": 231.3843231201172}, {"ListeningId": 0, "ParameterID": 3, "Value": 230.19677734375}, {"ListeningId": 0, "ParameterID": 4, "Value": 400.7853088378906}, {"ListeningId": 0, "ParameterID": 5, "Value": 399.9999694824219}, {"ListeningId": 0, "ParameterID": 6, "Value": 399.8713073730469}, {"ListeningId": 0, "ParameterID": 7, "Value": 2.357677698135376}, {"ListeningId": 0, "ParameterID": 8, "Value": 2.186922788619995}, {"ListeningId": 0, "ParameterID": 9, "Value": 2.79986834526062}, {"ListeningId": 0, "ParameterID": 17, "Value": 538.4424438476562}, {"ListeningId": 0, "ParameterID": 18, "Value": 506.770751953125}, {"ListeningId": 0, "ParameterID": 19, "Value": 618.2506103515625}, {"ListeningId": 0, "ParameterID": 20, "Value": 1661.98193359375}, {"ListeningId": 0, "ParameterID": 21, "Value": 546.431884765625}, {"ListeningId": 0, "ParameterID": 22, "Value": 506.3774108886719}, {"ListeningId": 0, "ParameterID": 23, "Value": 644.2603759765625}, {"ListeningId": 0, "ParameterID": 24, "Value": 1696.15234375}, {"ListeningId": 0, "ParameterID": 25, "Value": 94.34906768798828}, {"ListeningId": 0, "ParameterID": 26, "Value": 0.0}, {"ListeningId": 0, "ParameterID": 27, "Value": 180.71519470214844}, {"ListeningId": 0, "ParameterID": 28, "Value": 274.7330017089844}, {"ListeningId": 0, "ParameterID": 13, "Value": 0.9730408787727356}, {"ListeningId": 0, "ParameterID": 14, "Value": 0.9978855848312378}, {"ListeningId": 0, "ParameterID": 15, "Value": 0.9807354807853699}, {"ListeningId": 0, "ParameterID": 16, "Value": 0.9838873744010925}, {"ListeningId": 0, "ParameterID": 10, "Value": 50.15719223022461}, {"ListeningId": 0, "ParameterID": 11, "Value": 50.15719223022461}, {"ListeningId": 0, "ParameterID": 12, "Value": 50.15719223022461}, {"ListeningId": 0, "ParameterID": 32, "Value": 6259.36376953125}]}, {"ListeningId": 0, "MeterId": 7, "Timestamp": 1632424680, "listeningvalues": [{"ListeningId": 0, "ParameterID": 1, "Value": 230.5336151123047}, {"ListeningId": 0, "ParameterID": 2, "Value": 232.7142791748047}, {"ListeningId": 0, "ParameterID": 3, "Value": 230.21734619140625}, {"ListeningId": 0, "ParameterID": 4, "Value": 401.5408020019531}, {"ListeningId": 0, "ParameterID": 5, "Value": 400.9876708984375}, {"ListeningId": 0, "ParameterID": 6, "Value": 398.93463134765625}, {"ListeningId": 0, "ParameterID": 7, "Value": 2.261472225189209}, {"ListeningId": 0, "ParameterID": 8, "Value": 2.063457489013672}, {"ListeningId": 0, "ParameterID": 9, "Value": 2.6798174381256104}, {"ListeningId": 0, "ParameterID": 17, "Value": 515.0098266601562}, {"ListeningId": 0, "ParameterID": 18, "Value": 477.54815673828125}, {"ListeningId": 0, "ParameterID": 19, "Value": 588.8102416992188}, {"ListeningId": 0, "ParameterID": 20, "Value": 1581.3681640625}, {"ListeningId": 0, "ParameterID": 21, "Value": 521.3453979492188}, {"ListeningId": 0, "ParameterID": 22, "Value": 480.1960144042969}, {"ListeningId": 0, "ParameterID": 23, "Value": 616.9404296875}, {"ListeningId": 0, "ParameterID": 24, "Value": 1618.4818115234375}, {"ListeningId": 0, "ParameterID": 25, "Value": 81.03028106689453}, {"ListeningId": 0, "ParameterID": 26, "Value": 50.358558654785156}, {"ListeningId": 0, "ParameterID": 27, "Value": 184.16839599609375}, {"ListeningId": 0, "ParameterID": 28, "Value": 315.5572509765625}, {"ListeningId": 0, "ParameterID": 13, "Value": 0.987847626209259}, {"ListeningId": 0, "ParameterID": 14, "Value": 0.9944858551025391}, {"ListeningId": 0, "ParameterID": 15, "Value": 0.9544037580490112}, {"ListeningId": 0, "ParameterID": 16, "Value": 0.978912353515625}, {"ListeningId": 0, "ParameterID": 10, "Value": 50.07842254638672}, {"ListeningId": 0, "ParameterID": 11, "Value": 50.07842254638672}, {"ListeningId": 0, "ParameterID": 12, "Value": 50.07842254638672}, {"ListeningId": 0, "ParameterID": 32, "Value": 6261.80126953125}]}, {"ListeningId": 0, "MeterId": 8, "Timestamp": 1632424680, "listeningvalues": [{"ListeningId": 0, "ParameterID": 1, "Value": 230.5214080810547}, {"ListeningId": 0, "ParameterID": 2, "Value": 232.5004119873047}, {"ListeningId": 0, "ParameterID": 3, "Value": 230.1100311279297}, {"ListeningId": 0, "ParameterID": 4, "Value": 401.07220458984375}, {"ListeningId": 0, "ParameterID": 5, "Value": 400.5279541015625}, {"ListeningId": 0, "ParameterID": 6, "Value": 398.83258056640625}, {"ListeningId": 0, "ParameterID": 7, "Value": 2.2632594108581543}, {"ListeningId": 0, "ParameterID": 8, "Value": 2.064765453338623}, {"ListeningId": 0, "ParameterID": 9, "Value": 2.6787991523742676}, {"ListeningId": 0, "ParameterID": 17, "Value": 514.6867065429688}, {"ListeningId": 0, "ParameterID": 18, "Value": 477.7910461425781}, {"ListeningId": 0, "ParameterID": 19, "Value": 588.456787109375}, {"ListeningId": 0, "ParameterID": 20, "Value": 1580.1033935546875}, {"ListeningId": 0, "ParameterID": 21, "Value": 521.2549438476562}, {"ListeningId": 0, "ParameterID": 22, "Value": 480.1141357421875}, {"ListeningId": 0, "ParameterID": 23, "Value": 617.1517333984375}, {"ListeningId": 0, "ParameterID": 24, "Value": 1617.74853515625}, {"ListeningId": 0, "ParameterID": 25, "Value": 80.976806640625}, {"ListeningId": 0, "ParameterID": 26, "Value": 50.365787506103516}, {"ListeningId": 0, "ParameterID": 27, "Value": 183.99159240722656}, {"ListeningId": 0, "ParameterID": 28, "Value": 315.7705383300781}, {"ListeningId": 0, "ParameterID": 13, "Value": 0.9818264245986938}, {"ListeningId": 0, "ParameterID": 14, "Value": 0.9884963631629944}, {"ListeningId": 0, "ParameterID": 15, "Value": 0.9434286952018738}, {"ListeningId": 0, "ParameterID": 16, "Value": 0.9712505340576172}, {"ListeningId": 0, "ParameterID": 10, "Value": 50.07842254638672}, {"ListeningId": 0, "ParameterID": 11, "Value": 50.07842254638672}, {"ListeningId": 0, "ParameterID": 12, "Value": 50.07842254638672}, {"ListeningId": 0, "ParameterID": 32, "Value": 6262.23681640625}]}, {"ListeningId": 0, "MeterId": 9, "Timestamp": 1632424680, "listeningvalues": [{"ListeningId": 0, "ParameterID": 1, "Value": 230.36363220214844}, {"ListeningId": 0, "ParameterID": 2, "Value": 231.712158203125}, {"ListeningId": 0, "ParameterID": 3, "Value": 230.17752075195312}, {"ListeningId": 0, "ParameterID": 4, "Value": 400.7705993652344}, {"ListeningId": 0, "ParameterID": 5, "Value": 399.9710693359375}, {"ListeningId": 0, "ParameterID": 6, "Value": 399.0778503417969}, {"ListeningId": 0, "ParameterID": 7, "Value": 2.3165316581726074}, {"ListeningId": 0, "ParameterID": 8, "Value": 1.7770079374313354}, {"ListeningId": 0, "ParameterID": 9, "Value": 3.0714809894561768}, {"ListeningId": 0, "ParameterID": 17, "Value": 520.823486328125}, {"ListeningId": 0, "ParameterID": 18, "Value": 409.93719482421875}, {"ListeningId": 0, "ParameterID": 19, "Value": 678.1085815429688}, {"ListeningId": 0, "ParameterID": 20, "Value": 1609.2662353515625}, {"ListeningId": 0, "ParameterID": 21, "Value": 533.65283203125}, {"ListeningId": 0, "ParameterID": 22, "Value": 412.16943359375}, {"ListeningId": 0, "ParameterID": 23, "Value": 707.1533813476562}, {"ListeningId": 0, "ParameterID": 24, "Value": 1652.95849609375}, {"ListeningId": 0, "ParameterID": 25, "Value": 118.28121185302734}, {"ListeningId": 0, "ParameterID": 26, "Value": 40.79151916503906}, {"ListeningId": 0, "ParameterID": 27, "Value": 201.92808532714844}, {"ListeningId": 0, "ParameterID": 28, "Value": 360.74127197265625}, {"ListeningId": 0, "ParameterID": 13, "Value": 0.9735700488090515}, {"ListeningId": 0, "ParameterID": 14, "Value": 0.9882552623748779}, {"ListeningId": 0, "ParameterID": 15, "Value": 0.9430022239685059}, {"ListeningId": 0, "ParameterID": 16, "Value": 0.9682758450508118}, {"ListeningId": 0, "ParameterID": 10, "Value": 50.07842254638672}, {"ListeningId": 0, "ParameterID": 11, "Value": 50.07842254638672}, {"ListeningId": 0, "ParameterID": 12, "Value": 50.07842254638672}, {"ListeningId": 0, "ParameterID": 32, "Value": 6265.42431640625}]}, {"ListeningId": 0, "MeterId": 10, "Timestamp": 1632424680, "listeningvalues": [{"ListeningId": 0, "ParameterID": 1, "Value": 231.28890991210938}, {"ListeningId": 0, "ParameterID": 2, "Value": 231.3348846435547}, {"ListeningId": 0, "ParameterID": 3, "Value": 230.9419403076172}, {"ListeningId": 0, "ParameterID": 4, "Value": 400.66754150390625}, {"ListeningId": 0, "ParameterID": 5, "Value": 400.0876159667969}, {"ListeningId": 0, "ParameterID": 6, "Value": 400.2504577636719}, {"ListeningId": 0, "ParameterID": 7, "Value": 2.44244384765625}, {"ListeningId": 0, "ParameterID": 8, "Value": 2.0619261264801025}, {"ListeningId": 0, "ParameterID": 9, "Value": 3.0142407417297363}, {"ListeningId": 0, "ParameterID": 17, "Value": 556.434326171875}, {"ListeningId": 0, "ParameterID": 18, "Value": 476.9107360839844}, {"ListeningId": 0, "ParameterID": 19, "Value": 665.0262451171875}, {"ListeningId": 0, "ParameterID": 20, "Value": 1699.8031005859375}, {"ListeningId": 0, "ParameterID": 21, "Value": 564.275390625}, {"ListeningId": 0, "ParameterID": 22, "Value": 476.9689636230469}, {"ListeningId": 0, "ParameterID": 23, "Value": 696.220947265625}, {"ListeningId": 0, "ParameterID": 24, "Value": 1738.5169677734375}, {"ListeningId": 0, "ParameterID": 25, "Value": 94.54522705078125}, {"ListeningId": 0, "ParameterID": 26, "Value": 0.0}, {"ListeningId": 0, "ParameterID": 27, "Value": 206.11900329589844}, {"ListeningId": 0, "ParameterID": 28, "Value": 300.2909851074219}, {"ListeningId": 0, "ParameterID": 13, "Value": 0.9864962697029114}, {"ListeningId": 0, "ParameterID": 14, "Value": 1.0}, {"ListeningId": 0, "ParameterID": 15, "Value": 0.9689959287643433}, {"ListeningId": 0, "ParameterID": 16, "Value": 0.9851639866828918}, {"ListeningId": 0, "ParameterID": 10, "Value": 50.07842254638672}, {"ListeningId": 0, "ParameterID": 11, "Value": 50.07842254638672}, {"ListeningId": 0, "ParameterID": 12, "Value": 50.07842254638672}, {"ListeningId": 0, "ParameterID": 32, "Value": 7844.16357421875}]}, {"ListeningId": 0, "MeterId": 11, "Timestamp": 1632424680, "listeningvalues": [{"ListeningId": 0, "ParameterID": 1, "Value": 231.3406219482422}, {"ListeningId": 0, "ParameterID": 2, "Value": 232.0597381591797}, {"ListeningId": 0, "ParameterID": 3, "Value": 230.1461181640625}, {"ListeningId": 0, "ParameterID": 4, "Value": 401.9315185546875}, {"ListeningId": 0, "ParameterID": 5, "Value": 400.92034912109375}, {"ListeningId": 0, "ParameterID": 6, "Value": 400.03662109375}, {"ListeningId": 0, "ParameterID": 7, "Value": 2.4247682094573975}, {"ListeningId": 0, "ParameterID": 8, "Value": 1.9133604764938354}, {"ListeningId": 0, "ParameterID": 9, "Value": 2.7435030937194824}, {"ListeningId": 0, "ParameterID": 17, "Value": 537.6779174804688}, {"ListeningId": 0, "ParameterID": 18, "Value": 444.3494873046875}, {"ListeningId": 0, "ParameterID": 19, "Value": 622.3782958984375}, {"ListeningId": 0, "ParameterID": 20, "Value": 1603.1759033203125}, {"ListeningId": 0, "ParameterID": 21, "Value": 561.2999267578125}, {"ListeningId": 0, "ParameterID": 22, "Value": 444.252685546875}, {"ListeningId": 0, "ParameterID": 23, "Value": 631.70556640625}, {"ListeningId": 0, "ParameterID": 24, "Value": 1636.8482666015625}, {"ListeningId": 0, "ParameterID": 25, "Value": 161.4171142578125}, {"ListeningId": 0, "ParameterID": 26, "Value": 0.0}, {"ListeningId": 0, "ParameterID": 27, "Value": 107.77106475830078}, {"ListeningId": 0, "ParameterID": 28, "Value": 269.2308044433594}, {"ListeningId": 0, "ParameterID": 13, "Value": 0.9951139688491821}, {"ListeningId": 0, "ParameterID": 14, "Value": 0.99869304895401}, {"ListeningId": 0, "ParameterID": 15, "Value": 0.9881758093833923}, {"ListeningId": 0, "ParameterID": 16, "Value": 0.9939942955970764}, {"ListeningId": 0, "ParameterID": 10, "Value": 50.07842254638672}, {"ListeningId": 0, "ParameterID": 11, "Value": 50.07842254638672}, {"ListeningId": 0, "ParameterID": 12, "Value": 50.07842254638672}, {"ListeningId": 0, "ParameterID": 32, "Value": 6255.38037109375}]}, {"ListeningId": 0, "MeterId": 12, "Timestamp": 1632424680, "listeningvalues": [{"ListeningId": 0, "ParameterID": 1, "Value": 230.34690856933594}, {"ListeningId": 0, "ParameterID": 2, "Value": 231.36016845703125}, {"ListeningId": 0, "ParameterID": 3, "Value": 230.19598388671875}, {"ListeningId": 0, "ParameterID": 4, "Value": 400.1101989746094}, {"ListeningId": 0, "ParameterID": 5, "Value": 399.86737060546875}, {"ListeningId": 0, "ParameterID": 6, "Value": 399.19525146484375}, {"ListeningId": 0, "ParameterID": 7, "Value": 2.5280091762542725}, {"ListeningId": 0, "ParameterID": 8, "Value": 1.7444448471069336}, {"ListeningId": 0, "ParameterID": 9, "Value": 2.958744525909424}, {"ListeningId": 0, "ParameterID": 17, "Value": 567.9119262695312}, {"ListeningId": 0, "ParameterID": 18, "Value": 403.5950622558594}, {"ListeningId": 0, "ParameterID": 19, "Value": 664.5790405273438}, {"ListeningId": 0, "ParameterID": 20, "Value": 1636.0859375}, {"ListeningId": 0, "ParameterID": 21, "Value": 582.319091796875}, {"ListeningId": 0, "ParameterID": 22, "Value": 403.5950622558594}, {"ListeningId": 0, "ParameterID": 23, "Value": 681.0911254882812}, {"ListeningId": 0, "ParameterID": 24, "Value": 1667.00537109375}, {"ListeningId": 0, "ParameterID": 25, "Value": 128.73057556152344}, {"ListeningId": 0, "ParameterID": 26, "Value": 0.0}, {"ListeningId": 0, "ParameterID": 27, "Value": 149.0631103515625}, {"ListeningId": 0, "ParameterID": 28, "Value": 277.793701171875}, {"ListeningId": 0, "ParameterID": 13, "Value": 0.9752589464187622}, {"ListeningId": 0, "ParameterID": 14, "Value": 1.0}, {"ListeningId": 0, "ParameterID": 15, "Value": 0.9757564663887024}, {"ListeningId": 0, "ParameterID": 16, "Value": 0.9836718440055847}, {"ListeningId": 0, "ParameterID": 10, "Value": 50.02828598022461}, {"ListeningId": 0, "ParameterID": 11, "Value": 50.02828598022461}, {"ListeningId": 0, "ParameterID": 12, "Value": 50.02828598022461}, {"ListeningId": 0, "ParameterID": 32, "Value": 6255.3564453125}]}]