[{"ListeningId": 0, "MeterId": 1, "Timestamp": 1632424620, "listeningvalues": [{"ListeningId": 0, "ParameterID": 1, "Value": 230.55882263183594}, {"ListeningId": 0, "ParameterID": 2, "Value": 231.65245056152344}, {"ListeningId": 0, "ParameterID": 3, "Value": 230.3437957763672}, {"ListeningId": 0, "ParameterID": 4, "Value": 400.1458740234375}, {"ListeningId": 0, "ParameterID": 5, "Value": 399.9393615722656}, {"ListeningId": 0, "ParameterID": 6, "Value": 399.1339111328125}, {"ListeningId": 0, "ParameterID": 7, "Value": 2.2619071006774902}, {"ListeningId": 0, "ParameterID": 8, "Value": 1.7944486141204834}, {"ListeningId": 0, "ParameterID": 9, "Value": 2.870013475418091}, {"ListeningId": 0, "ParameterID": 17, "Value": 505.4533386230469}, {"ListeningId": 0, "ParameterID": 18, "Value": 415.68841552734375}, {"ListeningId": 0, "ParameterID": 19, "Value": 648.8323974609375}, {"ListeningId": 0, "ParameterID": 20, "Value": 1569.97412109375}, {"ListeningId": 0, "ParameterID": 21, "Value": 521.5026245117188}, {"ListeningId": 0, "ParameterID": 22, "Value": 415.68841552734375}, {"ListeningId": 0, "ParameterID": 23, "Value": 661.0897827148438}, {"ListeningId": 0, "ParameterID": 24, "Value": 1598.28076171875}, {"ListeningId": 0, "ParameterID": 25, "Value": 128.38194274902344}, {"ListeningId": 0, "ParameterID": 26, "Value": 0.0}, {"ListeningId": 0, "ParameterID": 27, "Value": 126.713134765625}, {"ListeningId": 0, "ParameterID": 28, "Value": 255.09507751464844}, {"ListeningId": 0, "ParameterID": 13, "Value": 0.9726746678352356}, {"ListeningId": 0, "ParameterID": 14, "Value": 1.0}, {"ListeningId": 0, "ParameterID": 15, "Value": 0.9857953786849976}, {"ListeningId": 0, "ParameterID": 16, "Value": 0.9861566424369812}, {"ListeningId": 0, "ParameterID": 10, "Value": 50.13172912597656}, {"ListeningId": 0, "ParameterID": 11, "Value": 50.13172912597656}, {"ListeningId": 0, "ParameterID": 12, "Value": 50.13172912597656}, {"ListeningId": 0, "ParameterID": 32, "Value": 6226.43310546875}]}, {"ListeningId": 0, "MeterId": 2, "Timestamp": 1632424620, "listeningvalues": [{"ListeningId": 0, "ParameterID": 1, "Value": 230.661865234375}, {"ListeningId": 0, "ParameterID": 2, "Value": 231.5862274169922}, {"ListeningId": 0, "ParameterID": 3, "Value": 231.18309020996094}, {"ListeningId": 0, "ParameterID": 4, "Value": 400.35479736328125}, {"ListeningId": 0, "ParameterID": 5, "Value": 400.5632629394531}, {"ListeningId": 0, "ParameterID": 6, "Value": 400.07781982421875}, {"ListeningId": 0, "ParameterID": 7, "Value": 2.4376769065856934}, {"ListeningId": 0, "ParameterID": 8, "Value": 2.1077492237091064}, {"ListeningId": 0, "ParameterID": 9, "Value": 2.8891355991363525}, {"ListeningId": 0, "ParameterID": 17, "Value": 541.5662841796875}, {"ListeningId": 0, "ParameterID": 18, "Value": 480.981201171875}, {"ListeningId": 0, "ParameterID": 19, "Value": 631.1116333007812}, {"ListeningId": 0, "ParameterID": 20, "Value": 1654.9921875}, {"ListeningId": 0, "ParameterID": 21, "Value": 561.8125610351562}, {"ListeningId": 0, "ParameterID": 22, "Value": 487.7332458496094}, {"ListeningId": 0, "ParameterID": 23, "Value": 668.6361694335938}, {"ListeningId": 0, "ParameterID": 24, "Value": 1718.748046875}, {"ListeningId": 0, "ParameterID": 25, "Value": 147.97854614257812}, {"ListeningId": 0, "ParameterID": 26, "Value": 79.82991790771484}, {"ListeningId": 0, "ParameterID": 27, "Value": 219.01959228515625}, {"ListeningId": 0, "ParameterID": 28, "Value": 447.3413391113281}, {"ListeningId": 0, "ParameterID": 13, "Value": 0.9765632748603821}, {"ListeningId": 0, "ParameterID": 14, "Value": 1.0}, {"ListeningId": 0, "ParameterID": 15, "Value": 0.9889807105064392}, {"ListeningId": 0, "ParameterID": 16, "Value": 0.9885146617889404}, {"ListeningId": 0, "ParameterID": 10, "Value": 50.13172912597656}, {"ListeningId": 0, "ParameterID": 11, "Value": 50.13172912597656}, {"ListeningId": 0, "ParameterID": 12, "Value": 50.13172912597656}, {"ListeningId": 0, "ParameterID": 32, "Value": 6232.57470703125}]}, {"ListeningId": 0, "MeterId": 3, "Timestamp": 1632424620, "listeningvalues": [{"ListeningId": 0, "ParameterID": 1, "Value": 230.6953582763672}, {"ListeningId": 0, "ParameterID": 2, "Value": 231.6886444091797}, {"ListeningId": 0, "ParameterID": 3, "Value": 230.216552734375}, {"ListeningId": 0, "ParameterID": 4, "Value": 400.1356506347656}, {"ListeningId": 0, "ParameterID": 5, "Value": 400.395263671875}, {"ListeningId": 0, "ParameterID": 6, "Value": 399.3665466308594}, {"ListeningId": 0, "ParameterID": 7, "Value": 2.726569414138794}, {"ListeningId": 0, "ParameterID": 8, "Value": 1.9049334526062012}, {"ListeningId": 0, "ParameterID": 9, "Value": 3.0766711235046387}, {"ListeningId": 0, "ParameterID": 17, "Value": 611.6800537109375}, {"ListeningId": 0, "ParameterID": 18, "Value": 442.30029296875}, {"ListeningId": 0, "ParameterID": 19, "Value": 670.4099731445312}, {"ListeningId": 0, "ParameterID": 20, "Value": 1725.83642578125}, {"ListeningId": 0, "ParameterID": 21, "Value": 629.1107788085938}, {"ListeningId": 0, "ParameterID": 22, "Value": 442.3867492675781}, {"ListeningId": 0, "ParameterID": 23, "Value": 708.0177612304688}, {"ListeningId": 0, "ParameterID": 24, "Value": 1778.72021484375}, {"ListeningId": 0, "ParameterID": 25, "Value": 146.7804718017578}, {"ListeningId": 0, "ParameterID": 26, "Value": 0.0}, {"ListeningId": 0, "ParameterID": 27, "Value": 228.7310333251953}, {"ListeningId": 0, "ParameterID": 28, "Value": 375.33612060546875}, {"ListeningId": 0, "ParameterID": 13, "Value": 0.9832589626312256}, {"ListeningId": 0, "ParameterID": 14, "Value": 1.0}, {"ListeningId": 0, "ParameterID": 15, "Value": 0.9597246050834656}, {"ListeningId": 0, "ParameterID": 16, "Value": 0.9809945225715637}, {"ListeningId": 0, "ParameterID": 10, "Value": 50.13172912597656}, {"ListeningId": 0, "ParameterID": 11, "Value": 50.13172912597656}, {"ListeningId": 0, "ParameterID": 12, "Value": 50.13172912597656}, {"ListeningId": 0, "ParameterID": 32, "Value": 6233.943359375}]}, {"ListeningId": 0, "MeterId": 4, "Timestamp": 1632424620, "listeningvalues": [{"ListeningId": 0, "ParameterID": 1, "Value": 230.2826690673828}, {"ListeningId": 0, "ParameterID": 2, "Value": 231.48138427734375}, {"ListeningId": 0, "ParameterID": 3, "Value": 230.1795654296875}, {"ListeningId": 0, "ParameterID": 4, "Value": 399.7393798828125}, {"ListeningId": 0, "ParameterID": 5, "Value": 399.98199462890625}, {"ListeningId": 0, "ParameterID": 6, "Value": 398.76605224609375}, {"ListeningId": 0, "ParameterID": 7, "Value": 2.511521816253662}, {"ListeningId": 0, "ParameterID": 8, "Value": 1.8531339168548584}, {"ListeningId": 0, "ParameterID": 9, "Value": 3.1323256492614746}, {"ListeningId": 0, "ParameterID": 17, "Value": 574.8616333007812}, {"ListeningId": 0, "ParameterID": 18, "Value": 428.71905517578125}, {"ListeningId": 0, "ParameterID": 19, "Value": 682.9524536132812}, {"ListeningId": 0, "ParameterID": 20, "Value": 1685.4713134765625}, {"ListeningId": 0, "ParameterID": 21, "Value": 579.0872192382812}, {"ListeningId": 0, "ParameterID": 22, "Value": 428.1962890625}, {"ListeningId": 0, "ParameterID": 23, "Value": 721.73095703125}, {"ListeningId": 0, "ParameterID": 24, "Value": 1729.203369140625}, {"ListeningId": 0, "ParameterID": 25, "Value": 71.15286254882812}, {"ListeningId": 0, "ParameterID": 26, "Value": 0.0}, {"ListeningId": 0, "ParameterID": 27, "Value": 235.994873046875}, {"ListeningId": 0, "ParameterID": 28, "Value": 306.89739990234375}, {"ListeningId": 0, "ParameterID": 13, "Value": 0.9641613364219666}, {"ListeningId": 0, "ParameterID": 14, "Value": 1.0}, {"ListeningId": 0, "ParameterID": 15, "Value": 0.9538307785987854}, {"ListeningId": 0, "ParameterID": 16, "Value": 0.9726640582084656}, {"ListeningId": 0, "ParameterID": 10, "Value": 50.13172912597656}, {"ListeningId": 0, "ParameterID": 11, "Value": 50.13172912597656}, {"ListeningId": 0, "ParameterID": 12, "Value": 50.13172912597656}, {"ListeningId": 0, "ParameterID": 32, "Value": 6233.369140625}]}, {"ListeningId": 0, "MeterId": 5, "Timestamp": 1632424620, "listeningvalues": [{"ListeningId": 0, "ParameterID": 1, "Value": 230.50262451171875}, {"ListeningId": 0, "ParameterID": 2, "Value": 231.51597595214844}, {"ListeningId": 0, "ParameterID": 3, "Value": 230.6898956298828}, {"ListeningId": 0, "ParameterID": 4, "Value": 400.29351806640625}, {"ListeningId": 0, "ParameterID": 5, "Value": 400.1705627441406}, {"ListeningId": 0, "ParameterID": 6, "Value": 399.7892761230469}, {"ListeningId": 0, "ParameterID": 7, "Value": 2.4326021671295166}, {"ListeningId": 0, "ParameterID": 8, "Value": 1.786643624305725}, {"ListeningId": 0, "ParameterID": 9, "Value": 2.6716232299804688}, {"ListeningId": 0, "ParameterID": 17, "Value": 553.9478149414062}, {"ListeningId": 0, "ParameterID": 18, "Value": 413.63653564453125}, {"ListeningId": 0, "ParameterID": 19, "Value": 602.8531494140625}, {"ListeningId": 0, "ParameterID": 20, "Value": 1570.4375}, {"ListeningId": 0, "ParameterID": 21, "Value": 560.72119140625}, {"ListeningId": 0, "ParameterID": 22, "Value": 413.63653564453125}, {"ListeningId": 0, "ParameterID": 23, "Value": 616.3164672851562}, {"ListeningId": 0, "ParameterID": 24, "Value": 1590.6741943359375}, {"ListeningId": 0, "ParameterID": 25, "Value": 86.89109802246094}, {"ListeningId": 0, "ParameterID": 26, "Value": 0.0}, {"ListeningId": 0, "ParameterID": 27, "Value": 128.11749267578125}, {"ListeningId": 0, "ParameterID": 28, "Value": 215.0085906982422}, {"ListeningId": 0, "ParameterID": 13, "Value": 0.9879202842712402}, {"ListeningId": 0, "ParameterID": 14, "Value": 1.0}, {"ListeningId": 0, "ParameterID": 15, "Value": 0.9781551957130432}, {"ListeningId": 0, "ParameterID": 16, "Value": 0.9886918067932129}, {"ListeningId": 0, "ParameterID": 10, "Value": 50.17257308959961}, {"ListeningId": 0, "ParameterID": 11, "Value": 50.17257308959961}, {"ListeningId": 0, "ParameterID": 12, "Value": 50.17257308959961}, {"ListeningId": 0, "ParameterID": 32, "Value": 6230.3359375}]}, {"ListeningId": 0, "MeterId": 6, "Timestamp": 1632424620, "listeningvalues": [{"ListeningId": 0, "ParameterID": 1, "Value": 230.11839294433594}, {"ListeningId": 0, "ParameterID": 2, "Value": 231.82400512695312}, {"ListeningId": 0, "ParameterID": 3, "Value": 230.69647216796875}, {"ListeningId": 0, "ParameterID": 4, "Value": 400.4051513671875}, {"ListeningId": 0, "ParameterID": 5, "Value": 400.49774169921875}, {"ListeningId": 0, "ParameterID": 6, "Value": 399.2530517578125}, {"ListeningId": 0, "ParameterID": 7, "Value": 2.6618874073028564}, {"ListeningId": 0, "ParameterID": 8, "Value": 2.227818012237549}, {"ListeningId": 0, "ParameterID": 9, "Value": 3.067704439163208}, {"ListeningId": 0, "ParameterID": 17, "Value": 603.6255493164062}, {"ListeningId": 0, "ParameterID": 18, "Value": 516.4608764648438}, {"ListeningId": 0, "ParameterID": 19, "Value": 675.4895629882812}, {"ListeningId": 0, "ParameterID": 20, "Value": 1796.2755126953125}, {"ListeningId": 0, "ParameterID": 21, "Value": 613.222900390625}, {"ListeningId": 0, "ParameterID": 22, "Value": 516.8052978515625}, {"ListeningId": 0, "ParameterID": 23, "Value": 707.9613037109375}, {"ListeningId": 0, "ParameterID": 24, "Value": 1839.584228515625}, {"ListeningId": 0, "ParameterID": 25, "Value": 106.89759063720703}, {"ListeningId": 0, "ParameterID": 26, "Value": 29.528940200805664}, {"ListeningId": 0, "ParameterID": 27, "Value": 211.0219268798828}, {"ListeningId": 0, "ParameterID": 28, "Value": 347.57366943359375}, {"ListeningId": 0, "ParameterID": 13, "Value": 0.9860647916793823}, {"ListeningId": 0, "ParameterID": 14, "Value": 0.9943417906761169}, {"ListeningId": 0, "ParameterID": 15, "Value": 0.9471244215965271}, {"ListeningId": 0, "ParameterID": 16, "Value": 0.9758436679840088}, {"ListeningId": 0, "ParameterID": 10, "Value": 50.17257308959961}, {"ListeningId": 0, "ParameterID": 11, "Value": 50.17257308959961}, {"ListeningId": 0, "ParameterID": 12, "Value": 50.17257308959961}, {"ListeningId": 0, "ParameterID": 32, "Value": 6231.98046875}]}, {"ListeningId": 0, "MeterId": 7, "Timestamp": 1632424620, "listeningvalues": [{"ListeningId": 0, "ParameterID": 1, "Value": 231.18704223632812}, {"ListeningId": 0, "ParameterID": 2, "Value": 231.0704803466797}, {"ListeningId": 0, "ParameterID": 3, "Value": 230.0303497314453}, {"ListeningId": 0, "ParameterID": 4, "Value": 400.7462463378906}, {"ListeningId": 0, "ParameterID": 5, "Value": 399.6034240722656}, {"ListeningId": 0, "ParameterID": 6, "Value": 399.9646911621094}, {"ListeningId": 0, "ParameterID": 7, "Value": 2.72424054145813}, {"ListeningId": 0, "ParameterID": 8, "Value": 1.831863522529602}, {"ListeningId": 0, "ParameterID": 9, "Value": 2.811400890350342}, {"ListeningId": 0, "ParameterID": 17, "Value": 607.711669921875}, {"ListeningId": 0, "ParameterID": 18, "Value": 420.08380126953125}, {"ListeningId": 0, "ParameterID": 19, "Value": 613.2396850585938}, {"ListeningId": 0, "ParameterID": 20, "Value": 1642.565673828125}, {"ListeningId": 0, "ParameterID": 21, "Value": 631.0742797851562}, {"ListeningId": 0, "ParameterID": 22, "Value": 423.9190368652344}, {"ListeningId": 0, "ParameterID": 23, "Value": 647.2138061523438}, {"ListeningId": 0, "ParameterID": 24, "Value": 1703.064697265625}, {"ListeningId": 0, "ParameterID": 25, "Value": 167.4942169189453}, {"ListeningId": 0, "ParameterID": 26, "Value": 52.73313522338867}, {"ListeningId": 0, "ParameterID": 27, "Value": 207.1413116455078}, {"ListeningId": 0, "ParameterID": 28, "Value": 426.98529052734375}, {"ListeningId": 0, "ParameterID": 13, "Value": 0.9888840317726135}, {"ListeningId": 0, "ParameterID": 14, "Value": 1.0}, {"ListeningId": 0, "ParameterID": 15, "Value": 0.9630846381187439}, {"ListeningId": 0, "ParameterID": 16, "Value": 0.9839895367622375}, {"ListeningId": 0, "ParameterID": 10, "Value": 50.17257308959961}, {"ListeningId": 0, "ParameterID": 11, "Value": 50.17257308959961}, {"ListeningId": 0, "ParameterID": 12, "Value": 50.17257308959961}, {"ListeningId": 0, "ParameterID": 32, "Value": 6234.6572265625}]}, {"ListeningId": 0, "MeterId": 8, "Timestamp": 1632424620, "listeningvalues": [{"ListeningId": 0, "ParameterID": 1, "Value": 231.08792114257812}, {"ListeningId": 0, "ParameterID": 2, "Value": 231.10293579101562}, {"ListeningId": 0, "ParameterID": 3, "Value": 230.05801391601562}, {"ListeningId": 0, "ParameterID": 4, "Value": 400.9512634277344}, {"ListeningId": 0, "ParameterID": 5, "Value": 399.57220458984375}, {"ListeningId": 0, "ParameterID": 6, "Value": 399.94573974609375}, {"ListeningId": 0, "ParameterID": 7, "Value": 2.7263705730438232}, {"ListeningId": 0, "ParameterID": 8, "Value": 1.8340140581130981}, {"ListeningId": 0, "ParameterID": 9, "Value": 2.8119356632232666}, {"ListeningId": 0, "ParameterID": 17, "Value": 608.21240234375}, {"ListeningId": 0, "ParameterID": 18, "Value": 420.43218994140625}, {"ListeningId": 0, "ParameterID": 19, "Value": 613.8460693359375}, {"ListeningId": 0, "ParameterID": 20, "Value": 1642.670654296875}, {"ListeningId": 0, "ParameterID": 21, "Value": 630.248291015625}, {"ListeningId": 0, "ParameterID": 22, "Value": 423.68621826171875}, {"ListeningId": 0, "ParameterID": 23, "Value": 648.1153564453125}, {"ListeningId": 0, "ParameterID": 24, "Value": 1703.457275390625}, {"ListeningId": 0, "ParameterID": 25, "Value": 167.57650756835938}, {"ListeningId": 0, "ParameterID": 26, "Value": 52.67170333862305}, {"ListeningId": 0, "ParameterID": 27, "Value": 206.89779663085938}, {"ListeningId": 0, "ParameterID": 28, "Value": 427.1467590332031}, {"ListeningId": 0, "ParameterID": 13, "Value": 0.9888840317726135}, {"ListeningId": 0, "ParameterID": 14, "Value": 1.0}, {"ListeningId": 0, "ParameterID": 15, "Value": 0.9630846381187439}, {"ListeningId": 0, "ParameterID": 16, "Value": 0.9839895367622375}, {"ListeningId": 0, "ParameterID": 10, "Value": 50.17257308959961}, {"ListeningId": 0, "ParameterID": 11, "Value": 50.17257308959961}, {"ListeningId": 0, "ParameterID": 12, "Value": 50.17257308959961}, {"ListeningId": 0, "ParameterID": 32, "Value": 6234.6572265625}]}, {"ListeningId": 0, "MeterId": 9, "Timestamp": 1632424620, "listeningvalues": [{"ListeningId": 0, "ParameterID": 1, "Value": 231.3633270263672}, {"ListeningId": 0, "ParameterID": 2, "Value": 231.33389282226562}, {"ListeningId": 0, "ParameterID": 3, "Value": 230.3783416748047}, {"ListeningId": 0, "ParameterID": 4, "Value": 401.0008239746094}, {"ListeningId": 0, "ParameterID": 5, "Value": 400.1298522949219}, {"ListeningId": 0, "ParameterID": 6, "Value": 400.14056396484375}, {"ListeningId": 0, "ParameterID": 7, "Value": 2.5167689323425293}, {"ListeningId": 0, "ParameterID": 8, "Value": 1.7335853576660156}, {"ListeningId": 0, "ParameterID": 9, "Value": 2.8836724758148193}, {"ListeningId": 0, "ParameterID": 17, "Value": 577.6582641601562}, {"ListeningId": 0, "ParameterID": 18, "Value": 401.77197265625}, {"ListeningId": 0, "ParameterID": 19, "Value": 646.9808349609375}, {"ListeningId": 0, "ParameterID": 20, "Value": 1623.7218017578125}, {"ListeningId": 0, "ParameterID": 21, "Value": 583.1034545898438}, {"ListeningId": 0, "ParameterID": 22, "Value": 401.7050476074219}, {"ListeningId": 0, "ParameterID": 23, "Value": 664.865234375}, {"ListeningId": 0, "ParameterID": 24, "Value": 1649.5146484375}, {"ListeningId": 0, "ParameterID": 25, "Value": 82.45003509521484}, {"ListeningId": 0, "ParameterID": 26, "Value": 0.0}, {"ListeningId": 0, "ParameterID": 27, "Value": 154.65005493164062}, {"ListeningId": 0, "ParameterID": 28, "Value": 237.2343292236328}, {"ListeningId": 0, "ParameterID": 13, "Value": 0.9954179525375366}, {"ListeningId": 0, "ParameterID": 14, "Value": 1.0}, {"ListeningId": 0, "ParameterID": 15, "Value": 0.9569756388664246}, {"ListeningId": 0, "ParameterID": 16, "Value": 0.9841311573982239}, {"ListeningId": 0, "ParameterID": 10, "Value": 50.17257308959961}, {"ListeningId": 0, "ParameterID": 11, "Value": 50.17257308959961}, {"ListeningId": 0, "ParameterID": 12, "Value": 50.17257308959961}, {"ListeningId": 0, "ParameterID": 32, "Value": 6237.97314453125}]}, {"ListeningId": 0, "MeterId": 10, "Timestamp": 1632424620, "listeningvalues": [{"ListeningId": 0, "ParameterID": 1, "Value": 231.20912170410156}, {"ListeningId": 0, "ParameterID": 2, "Value": 231.70692443847656}, {"ListeningId": 0, "ParameterID": 3, "Value": 230.51583862304688}, {"ListeningId": 0, "ParameterID": 4, "Value": 400.705810546875}, {"ListeningId": 0, "ParameterID": 5, "Value": 400.5745849609375}, {"ListeningId": 0, "ParameterID": 6, "Value": 399.8404846191406}, {"ListeningId": 0, "ParameterID": 7, "Value": 2.661418914794922}, {"ListeningId": 0, "ParameterID": 8, "Value": 2.168691396713257}, {"ListeningId": 0, "ParameterID": 9, "Value": 2.927478790283203}, {"ListeningId": 0, "ParameterID": 17, "Value": 602.4373779296875}, {"ListeningId": 0, "ParameterID": 18, "Value": 502.5008239746094}, {"ListeningId": 0, "ParameterID": 19, "Value": 642.4772338867188}, {"ListeningId": 0, "ParameterID": 20, "Value": 1747.41552734375}, {"ListeningId": 0, "ParameterID": 21, "Value": 615.3442993164062}, {"ListeningId": 0, "ParameterID": 22, "Value": 502.5008239746094}, {"ListeningId": 0, "ParameterID": 23, "Value": 674.8302001953125}, {"ListeningId": 0, "ParameterID": 24, "Value": 1792.67529296875}, {"ListeningId": 0, "ParameterID": 25, "Value": 125.37069702148438}, {"ListeningId": 0, "ParameterID": 26, "Value": 0.0}, {"ListeningId": 0, "ParameterID": 27, "Value": 206.4432373046875}, {"ListeningId": 0, "ParameterID": 28, "Value": 331.8139343261719}, {"ListeningId": 0, "ParameterID": 13, "Value": 0.9790248870849609}, {"ListeningId": 0, "ParameterID": 14, "Value": 1.0}, {"ListeningId": 0, "ParameterID": 15, "Value": 0.9520576596260071}, {"ListeningId": 0, "ParameterID": 16, "Value": 0.9770274758338928}, {"ListeningId": 0, "ParameterID": 10, "Value": 50.112220764160156}, {"ListeningId": 0, "ParameterID": 11, "Value": 50.112220764160156}, {"ListeningId": 0, "ParameterID": 12, "Value": 50.112220764160156}, {"ListeningId": 0, "ParameterID": 32, "Value": 7816.33154296875}]}, {"ListeningId": 0, "MeterId": 11, "Timestamp": 1632424620, "listeningvalues": [{"ListeningId": 0, "ParameterID": 1, "Value": 230.29771423339844}, {"ListeningId": 0, "ParameterID": 2, "Value": 231.25970458984375}, {"ListeningId": 0, "ParameterID": 3, "Value": 230.13299560546875}, {"ListeningId": 0, "ParameterID": 4, "Value": 400.0356140136719}, {"ListeningId": 0, "ParameterID": 5, "Value": 399.6008605957031}, {"ListeningId": 0, "ParameterID": 6, "Value": 398.83929443359375}, {"ListeningId": 0, "ParameterID": 7, "Value": 2.6297740936279297}, {"ListeningId": 0, "ParameterID": 8, "Value": 1.7672964334487915}, {"ListeningId": 0, "ParameterID": 9, "Value": 2.685500383377075}, {"ListeningId": 0, "ParameterID": 17, "Value": 595.7344970703125}, {"ListeningId": 0, "ParameterID": 18, "Value": 408.5566101074219}, {"ListeningId": 0, "ParameterID": 19, "Value": 605.306884765625}, {"ListeningId": 0, "ParameterID": 20, "Value": 1611.2152099609375}, {"ListeningId": 0, "ParameterID": 21, "Value": 606.1480102539062}, {"ListeningId": 0, "ParameterID": 22, "Value": 408.8540344238281}, {"ListeningId": 0, "ParameterID": 23, "Value": 618.596923828125}, {"ListeningId": 0, "ParameterID": 24, "Value": 1632.28662109375}, {"ListeningId": 0, "ParameterID": 25, "Value": 109.82118225097656}, {"ListeningId": 0, "ParameterID": 26, "Value": 0.0}, {"ListeningId": 0, "ParameterID": 27, "Value": 124.83953857421875}, {"ListeningId": 0, "ParameterID": 28, "Value": 234.4968719482422}, {"ListeningId": 0, "ParameterID": 13, "Value": 0.9908213019371033}, {"ListeningId": 0, "ParameterID": 14, "Value": 1.0}, {"ListeningId": 0, "ParameterID": 15, "Value": 0.9702395796775818}, {"ListeningId": 0, "ParameterID": 16, "Value": 0.9870203137397766}, {"ListeningId": 0, "ParameterID": 10, "Value": 50.112220764160156}, {"ListeningId": 0, "ParameterID": 11, "Value": 50.112220764160156}, {"ListeningId": 0, "ParameterID": 12, "Value": 50.112220764160156}, {"ListeningId": 0, "ParameterID": 32, "Value": 6228.09228515625}]}, {"ListeningId": 0, "MeterId": 12, "Timestamp": 1632424620, "listeningvalues": [{"ListeningId": 0, "ParameterID": 1, "Value": 230.12887573242188}, {"ListeningId": 0, "ParameterID": 2, "Value": 232.32733154296875}, {"ListeningId": 0, "ParameterID": 3, "Value": 230.72439575195312}, {"ListeningId": 0, "ParameterID": 4, "Value": 400.7206726074219}, {"ListeningId": 0, "ParameterID": 5, "Value": 401.0426025390625}, {"ListeningId": 0, "ParameterID": 6, "Value": 398.91217041015625}, {"ListeningId": 0, "ParameterID": 7, "Value": 2.671851634979248}, {"ListeningId": 0, "ParameterID": 8, "Value": 2.153944730758667}, {"ListeningId": 0, "ParameterID": 9, "Value": 3.0913994312286377}, {"ListeningId": 0, "ParameterID": 17, "Value": 610.7430419921875}, {"ListeningId": 0, "ParameterID": 18, "Value": 500.5713195800781}, {"ListeningId": 0, "ParameterID": 19, "Value": 686.7390747070312}, {"ListeningId": 0, "ParameterID": 20, "Value": 1799.40380859375}, {"ListeningId": 0, "ParameterID": 21, "Value": 614.6071166992188}, {"ListeningId": 0, "ParameterID": 22, "Value": 500.35052490234375}, {"ListeningId": 0, "ParameterID": 23, "Value": 712.7081909179688}, {"ListeningId": 0, "ParameterID": 24, "Value": 1828.5340576171875}, {"ListeningId": 0, "ParameterID": 25, "Value": 68.35926055908203}, {"ListeningId": 0, "ParameterID": 26, "Value": 0.0}, {"ListeningId": 0, "ParameterID": 27, "Value": 187.9004364013672}, {"ListeningId": 0, "ParameterID": 28, "Value": 256.3388366699219}, {"ListeningId": 0, "ParameterID": 13, "Value": 0.9691797494888306}, {"ListeningId": 0, "ParameterID": 14, "Value": 1.0}, {"ListeningId": 0, "ParameterID": 15, "Value": 0.9648279547691345}, {"ListeningId": 0, "ParameterID": 16, "Value": 0.9780025482177734}, {"ListeningId": 0, "ParameterID": 10, "Value": 50.112220764160156}, {"ListeningId": 0, "ParameterID": 11, "Value": 50.112220764160156}, {"ListeningId": 0, "ParameterID": 12, "Value": 50.112220764160156}, {"ListeningId": 0, "ParameterID": 32, "Value": 6228.18603515625}]}]