[{"ListeningId": 0, "MeterId": 1, "Timestamp": 1632424380, "listeningvalues": [{"ListeningId": 0, "ParameterID": 1, "Value": 230.87307739257812}, {"ListeningId": 0, "ParameterID": 2, "Value": 231.94528198242188}, {"ListeningId": 0, "ParameterID": 3, "Value": 231.02024841308594}, {"ListeningId": 0, "ParameterID": 4, "Value": 400.51763916015625}, {"ListeningId": 0, "ParameterID": 5, "Value": 400.9158020019531}, {"ListeningId": 0, "ParameterID": 6, "Value": 400.16790771484375}, {"ListeningId": 0, "ParameterID": 7, "Value": 2.3368136882781982}, {"ListeningId": 0, "ParameterID": 8, "Value": 2.1700799465179443}, {"ListeningId": 0, "ParameterID": 9, "Value": 2.805391550064087}, {"ListeningId": 0, "ParameterID": 17, "Value": 526.9273071289062}, {"ListeningId": 0, "ParameterID": 18, "Value": 503.3398132324219}, {"ListeningId": 0, "ParameterID": 19, "Value": 618.7801513671875}, {"ListeningId": 0, "ParameterID": 20, "Value": 1649.0472412109375}, {"ListeningId": 0, "ParameterID": 21, "Value": 539.5073852539062}, {"ListeningId": 0, "ParameterID": 22, "Value": 503.3398132324219}, {"ListeningId": 0, "ParameterID": 23, "Value": 648.1022338867188}, {"ListeningId": 0, "ParameterID": 24, "Value": 1690.949462890625}, {"ListeningId": 0, "ParameterID": 25, "Value": 115.8267822265625}, {"ListeningId": 0, "ParameterID": 26, "Value": 0.0}, {"ListeningId": 0, "ParameterID": 27, "Value": 192.73719787597656}, {"ListeningId": 0, "ParameterID": 28, "Value": 308.56396484375}, {"ListeningId": 0, "ParameterID": 13, "Value": 0.9599364399909973}, {"ListeningId": 0, "ParameterID": 14, "Value": 1.0}, {"ListeningId": 0, "ParameterID": 15, "Value": 0.9834592342376709}, {"ListeningId": 0, "ParameterID": 16, "Value": 0.9811318516731262}, {"ListeningId": 0, "ParameterID": 10, "Value": 50.09745788574219}, {"ListeningId": 0, "ParameterID": 11, "Value": 50.09745788574219}, {"ListeningId": 0, "ParameterID": 12, "Value": 50.09745788574219}, {"ListeningId": 0, "ParameterID": 32, "Value": 6116.94580078125}]}, {"ListeningId": 0, "MeterId": 2, "Timestamp": 1632424380, "listeningvalues": [{"ListeningId": 0, "ParameterID": 1, "Value": 231.21409606933594}, {"ListeningId": 0, "ParameterID": 2, "Value": 232.42408752441406}, {"ListeningId": 0, "ParameterID": 3, "Value": 230.34593200683594}, {"ListeningId": 0, "ParameterID": 4, "Value": 401.8402099609375}, {"ListeningId": 0, "ParameterID": 5, "Value": 401.0908508300781}, {"ListeningId": 0, "ParameterID": 6, "Value": 399.7233581542969}, {"ListeningId": 0, "ParameterID": 7, "Value": 2.2514166831970215}, {"ListeningId": 0, "ParameterID": 8, "Value": 2.178342819213867}, {"ListeningId": 0, "ParameterID": 9, "Value": 2.694298267364502}, {"ListeningId": 0, "ParameterID": 17, "Value": 507.4039611816406}, {"ListeningId": 0, "ParameterID": 18, "Value": 506.2993469238281}, {"ListeningId": 0, "ParameterID": 19, "Value": 610.2750854492188}, {"ListeningId": 0, "ParameterID": 20, "Value": 1623.9783935546875}, {"ListeningId": 0, "ParameterID": 21, "Value": 520.5592651367188}, {"ListeningId": 0, "ParameterID": 22, "Value": 506.2993469238281}, {"ListeningId": 0, "ParameterID": 23, "Value": 620.6206665039062}, {"ListeningId": 0, "ParameterID": 24, "Value": 1647.479248046875}, {"ListeningId": 0, "ParameterID": 25, "Value": 116.28910827636719}, {"ListeningId": 0, "ParameterID": 26, "Value": 0.0}, {"ListeningId": 0, "ParameterID": 27, "Value": 112.8464126586914}, {"ListeningId": 0, "ParameterID": 28, "Value": 229.13552856445312}, {"ListeningId": 0, "ParameterID": 13, "Value": 0.974728524684906}, {"ListeningId": 0, "ParameterID": 14, "Value": 1.0}, {"ListeningId": 0, "ParameterID": 15, "Value": 0.9833303093910217}, {"ListeningId": 0, "ParameterID": 16, "Value": 0.9860196113586426}, {"ListeningId": 0, "ParameterID": 10, "Value": 50.07918930053711}, {"ListeningId": 0, "ParameterID": 11, "Value": 50.07918930053711}, {"ListeningId": 0, "ParameterID": 12, "Value": 50.07918930053711}, {"ListeningId": 0, "ParameterID": 32, "Value": 6122.59912109375}]}, {"ListeningId": 0, "MeterId": 3, "Timestamp": 1632424380, "listeningvalues": [{"ListeningId": 0, "ParameterID": 1, "Value": 231.04989624023438}, {"ListeningId": 0, "ParameterID": 2, "Value": 231.3345947265625}, {"ListeningId": 0, "ParameterID": 3, "Value": 230.05299377441406}, {"ListeningId": 0, "ParameterID": 4, "Value": 400.4998474121094}, {"ListeningId": 0, "ParameterID": 5, "Value": 399.4614562988281}, {"ListeningId": 0, "ParameterID": 6, "Value": 398.70526123046875}, {"ListeningId": 0, "ParameterID": 7, "Value": 2.486406087875366}, {"ListeningId": 0, "ParameterID": 8, "Value": 1.8848772048950195}, {"ListeningId": 0, "ParameterID": 9, "Value": 2.972822427749634}, {"ListeningId": 0, "ParameterID": 17, "Value": 568.1106567382812}, {"ListeningId": 0, "ParameterID": 18, "Value": 435.84912109375}, {"ListeningId": 0, "ParameterID": 19, "Value": 647.6300659179688}, {"ListeningId": 0, "ParameterID": 20, "Value": 1652.210693359375}, {"ListeningId": 0, "ParameterID": 21, "Value": 573.15869140625}, {"ListeningId": 0, "ParameterID": 22, "Value": 436.1900634765625}, {"ListeningId": 0, "ParameterID": 23, "Value": 682.5643920898438}, {"ListeningId": 0, "ParameterID": 24, "Value": 1692.5452880859375}, {"ListeningId": 0, "ParameterID": 25, "Value": 81.13260650634766}, {"ListeningId": 0, "ParameterID": 26, "Value": 0.0}, {"ListeningId": 0, "ParameterID": 27, "Value": 217.40884399414062}, {"ListeningId": 0, "ParameterID": 28, "Value": 298.8347473144531}, {"ListeningId": 0, "ParameterID": 13, "Value": 0.9772059917449951}, {"ListeningId": 0, "ParameterID": 14, "Value": 1.0}, {"ListeningId": 0, "ParameterID": 15, "Value": 0.9805218577384949}, {"ListeningId": 0, "ParameterID": 16, "Value": 0.9859092831611633}, {"ListeningId": 0, "ParameterID": 10, "Value": 50.07918930053711}, {"ListeningId": 0, "ParameterID": 11, "Value": 50.07918930053711}, {"ListeningId": 0, "ParameterID": 12, "Value": 50.07918930053711}, {"ListeningId": 0, "ParameterID": 32, "Value": 6124.4462890625}]}, {"ListeningId": 0, "MeterId": 4, "Timestamp": 1632424380, "listeningvalues": [{"ListeningId": 0, "ParameterID": 1, "Value": 231.27125549316406}, {"ListeningId": 0, "ParameterID": 2, "Value": 231.65066528320312}, {"ListeningId": 0, "ParameterID": 3, "Value": 229.87928771972656}, {"ListeningId": 0, "ParameterID": 4, "Value": 401.01507568359375}, {"ListeningId": 0, "ParameterID": 5, "Value": 399.3811950683594}, {"ListeningId": 0, "ParameterID": 6, "Value": 399.5870056152344}, {"ListeningId": 0, "ParameterID": 7, "Value": 2.464519739151001}, {"ListeningId": 0, "ParameterID": 8, "Value": 2.0791478157043457}, {"ListeningId": 0, "ParameterID": 9, "Value": 2.770235538482666}, {"ListeningId": 0, "ParameterID": 17, "Value": 549.5057373046875}, {"ListeningId": 0, "ParameterID": 18, "Value": 480.74566650390625}, {"ListeningId": 0, "ParameterID": 19, "Value": 606.5339965820312}, {"ListeningId": 0, "ParameterID": 20, "Value": 1637.32421875}, {"ListeningId": 0, "ParameterID": 21, "Value": 569.6495361328125}, {"ListeningId": 0, "ParameterID": 22, "Value": 480.8459777832031}, {"ListeningId": 0, "ParameterID": 23, "Value": 636.1002807617188}, {"ListeningId": 0, "ParameterID": 24, "Value": 1687.722900390625}, {"ListeningId": 0, "ParameterID": 25, "Value": 150.3031463623047}, {"ListeningId": 0, "ParameterID": 26, "Value": 0.0}, {"ListeningId": 0, "ParameterID": 27, "Value": 193.3665771484375}, {"ListeningId": 0, "ParameterID": 28, "Value": 343.5105285644531}, {"ListeningId": 0, "ParameterID": 13, "Value": 0.9967198371887207}, {"ListeningId": 0, "ParameterID": 14, "Value": 0.9990415573120117}, {"ListeningId": 0, "ParameterID": 15, "Value": 0.9844884276390076}, {"ListeningId": 0, "ParameterID": 16, "Value": 0.9934166073799133}, {"ListeningId": 0, "ParameterID": 10, "Value": 50.07918930053711}, {"ListeningId": 0, "ParameterID": 11, "Value": 50.07918930053711}, {"ListeningId": 0, "ParameterID": 12, "Value": 50.07918930053711}, {"ListeningId": 0, "ParameterID": 32, "Value": 6123.4833984375}]}, {"ListeningId": 0, "MeterId": 5, "Timestamp": 1632424380, "listeningvalues": [{"ListeningId": 0, "ParameterID": 1, "Value": 230.3134307861328}, {"ListeningId": 0, "ParameterID": 2, "Value": 232.181396484375}, {"ListeningId": 0, "ParameterID": 3, "Value": 229.7400360107422}, {"ListeningId": 0, "ParameterID": 4, "Value": 400.6426696777344}, {"ListeningId": 0, "ParameterID": 5, "Value": 400.1087951660156}, {"ListeningId": 0, "ParameterID": 6, "Value": 398.5185241699219}, {"ListeningId": 0, "ParameterID": 7, "Value": 2.67388916015625}, {"ListeningId": 0, "ParameterID": 8, "Value": 2.1438586711883545}, {"ListeningId": 0, "ParameterID": 9, "Value": 3.095571517944336}, {"ListeningId": 0, "ParameterID": 17, "Value": 590.6485595703125}, {"ListeningId": 0, "ParameterID": 18, "Value": 497.1485290527344}, {"ListeningId": 0, "ParameterID": 19, "Value": 680.5444946289062}, {"ListeningId": 0, "ParameterID": 20, "Value": 1770.3182373046875}, {"ListeningId": 0, "ParameterID": 21, "Value": 615.654541015625}, {"ListeningId": 0, "ParameterID": 22, "Value": 497.5018005371094}, {"ListeningId": 0, "ParameterID": 23, "Value": 710.8087768554688}, {"ListeningId": 0, "ParameterID": 24, "Value": 1826.2398681640625}, {"ListeningId": 0, "ParameterID": 25, "Value": 175.03060913085938}, {"ListeningId": 0, "ParameterID": 26, "Value": 0.0}, {"ListeningId": 0, "ParameterID": 27, "Value": 205.36961364746094}, {"ListeningId": 0, "ParameterID": 28, "Value": 380.676513671875}, {"ListeningId": 0, "ParameterID": 13, "Value": 0.9915403127670288}, {"ListeningId": 0, "ParameterID": 14, "Value": 1.0}, {"ListeningId": 0, "ParameterID": 15, "Value": 0.9466384649276733}, {"ListeningId": 0, "ParameterID": 16, "Value": 0.979392945766449}, {"ListeningId": 0, "ParameterID": 10, "Value": 50.07918930053711}, {"ListeningId": 0, "ParameterID": 11, "Value": 50.07918930053711}, {"ListeningId": 0, "ParameterID": 12, "Value": 50.07918930053711}, {"ListeningId": 0, "ParameterID": 32, "Value": 6121.18212890625}]}, {"ListeningId": 0, "MeterId": 6, "Timestamp": 1632424380, "listeningvalues": [{"ListeningId": 0, "ParameterID": 1, "Value": 230.19699096679688}, {"ListeningId": 0, "ParameterID": 2, "Value": 231.25863647460938}, {"ListeningId": 0, "ParameterID": 3, "Value": 230.16580200195312}, {"ListeningId": 0, "ParameterID": 4, "Value": 399.9044189453125}, {"ListeningId": 0, "ParameterID": 5, "Value": 399.77020263671875}, {"ListeningId": 0, "ParameterID": 6, "Value": 399.1184997558594}, {"ListeningId": 0, "ParameterID": 7, "Value": 2.561727285385132}, {"ListeningId": 0, "ParameterID": 8, "Value": 2.1973161697387695}, {"ListeningId": 0, "ParameterID": 9, "Value": 3.0901947021484375}, {"ListeningId": 0, "ParameterID": 17, "Value": 583.9561157226562}, {"ListeningId": 0, "ParameterID": 18, "Value": 508.70849609375}, {"ListeningId": 0, "ParameterID": 19, "Value": 673.4629516601562}, {"ListeningId": 0, "ParameterID": 20, "Value": 1766.6802978515625}, {"ListeningId": 0, "ParameterID": 21, "Value": 590.0618896484375}, {"ListeningId": 0, "ParameterID": 22, "Value": 509.1467590332031}, {"ListeningId": 0, "ParameterID": 23, "Value": 711.6475219726562}, {"ListeningId": 0, "ParameterID": 24, "Value": 1810.5322265625}, {"ListeningId": 0, "ParameterID": 25, "Value": 83.87248229980469}, {"ListeningId": 0, "ParameterID": 26, "Value": 0.0}, {"ListeningId": 0, "ParameterID": 27, "Value": 229.6846923828125}, {"ListeningId": 0, "ParameterID": 28, "Value": 313.5088195800781}, {"ListeningId": 0, "ParameterID": 13, "Value": 0.9830679297447205}, {"ListeningId": 0, "ParameterID": 14, "Value": 0.9931900501251221}, {"ListeningId": 0, "ParameterID": 15, "Value": 0.9852765798568726}, {"ListeningId": 0, "ParameterID": 16, "Value": 0.9871781468391418}, {"ListeningId": 0, "ParameterID": 10, "Value": 50.07918930053711}, {"ListeningId": 0, "ParameterID": 11, "Value": 50.07918930053711}, {"ListeningId": 0, "ParameterID": 12, "Value": 50.07918930053711}, {"ListeningId": 0, "ParameterID": 32, "Value": 6121.99267578125}]}, {"ListeningId": 0, "MeterId": 7, "Timestamp": 1632424380, "listeningvalues": [{"ListeningId": 0, "ParameterID": 1, "Value": 231.64447021484375}, {"ListeningId": 0, "ParameterID": 2, "Value": 231.3926239013672}, {"ListeningId": 0, "ParameterID": 3, "Value": 230.803955078125}, {"ListeningId": 0, "ParameterID": 4, "Value": 400.81964111328125}, {"ListeningId": 0, "ParameterID": 5, "Value": 400.36883544921875}, {"ListeningId": 0, "ParameterID": 6, "Value": 400.8298645019531}, {"ListeningId": 0, "ParameterID": 7, "Value": 2.4672935009002686}, {"ListeningId": 0, "ParameterID": 8, "Value": 1.7749781608581543}, {"ListeningId": 0, "ParameterID": 9, "Value": 2.9665114879608154}, {"ListeningId": 0, "ParameterID": 17, "Value": 554.3610229492188}, {"ListeningId": 0, "ParameterID": 18, "Value": 410.71685791015625}, {"ListeningId": 0, "ParameterID": 19, "Value": 663.9754028320312}, {"ListeningId": 0, "ParameterID": 20, "Value": 1629.05322265625}, {"ListeningId": 0, "ParameterID": 21, "Value": 571.534912109375}, {"ListeningId": 0, "ParameterID": 22, "Value": 410.71685791015625}, {"ListeningId": 0, "ParameterID": 23, "Value": 684.6825561523438}, {"ListeningId": 0, "ParameterID": 24, "Value": 1666.934326171875}, {"ListeningId": 0, "ParameterID": 25, "Value": 139.05393981933594}, {"ListeningId": 0, "ParameterID": 26, "Value": 0.0}, {"ListeningId": 0, "ParameterID": 27, "Value": 167.11326599121094}, {"ListeningId": 0, "ParameterID": 28, "Value": 306.1672058105469}, {"ListeningId": 0, "ParameterID": 13, "Value": 0.9699512720108032}, {"ListeningId": 0, "ParameterID": 14, "Value": 1.0}, {"ListeningId": 0, "ParameterID": 15, "Value": 0.9697566032409668}, {"ListeningId": 0, "ParameterID": 16, "Value": 0.9799025654792786}, {"ListeningId": 0, "ParameterID": 10, "Value": 50.08109664916992}, {"ListeningId": 0, "ParameterID": 11, "Value": 50.08109664916992}, {"ListeningId": 0, "ParameterID": 12, "Value": 50.08109664916992}, {"ListeningId": 0, "ParameterID": 32, "Value": 6124.50830078125}]}, {"ListeningId": 0, "MeterId": 8, "Timestamp": 1632424380, "listeningvalues": [{"ListeningId": 0, "ParameterID": 1, "Value": 231.43214416503906}, {"ListeningId": 0, "ParameterID": 2, "Value": 231.1654510498047}, {"ListeningId": 0, "ParameterID": 3, "Value": 230.62094116210938}, {"ListeningId": 0, "ParameterID": 4, "Value": 401.1210632324219}, {"ListeningId": 0, "ParameterID": 5, "Value": 400.4581604003906}, {"ListeningId": 0, "ParameterID": 6, "Value": 400.30340576171875}, {"ListeningId": 0, "ParameterID": 7, "Value": 2.467043161392212}, {"ListeningId": 0, "ParameterID": 8, "Value": 1.7765504121780396}, {"ListeningId": 0, "ParameterID": 9, "Value": 2.964939832687378}, {"ListeningId": 0, "ParameterID": 17, "Value": 554.151123046875}, {"ListeningId": 0, "ParameterID": 18, "Value": 410.9788513183594}, {"ListeningId": 0, "ParameterID": 19, "Value": 664.1017456054688}, {"ListeningId": 0, "ParameterID": 20, "Value": 1629.061279296875}, {"ListeningId": 0, "ParameterID": 21, "Value": 571.1780395507812}, {"ListeningId": 0, "ParameterID": 22, "Value": 410.6924743652344}, {"ListeningId": 0, "ParameterID": 23, "Value": 684.9658203125}, {"ListeningId": 0, "ParameterID": 24, "Value": 1667.275634765625}, {"ListeningId": 0, "ParameterID": 25, "Value": 139.07049560546875}, {"ListeningId": 0, "ParameterID": 26, "Value": 0.0}, {"ListeningId": 0, "ParameterID": 27, "Value": 166.94769287109375}, {"ListeningId": 0, "ParameterID": 28, "Value": 306.30810546875}, {"ListeningId": 0, "ParameterID": 13, "Value": 0.97858726978302}, {"ListeningId": 0, "ParameterID": 14, "Value": 0.9963682293891907}, {"ListeningId": 0, "ParameterID": 15, "Value": 0.9436827898025513}, {"ListeningId": 0, "ParameterID": 16, "Value": 0.9728794097900391}, {"ListeningId": 0, "ParameterID": 10, "Value": 50.08109664916992}, {"ListeningId": 0, "ParameterID": 11, "Value": 50.08109664916992}, {"ListeningId": 0, "ParameterID": 12, "Value": 50.08109664916992}, {"ListeningId": 0, "ParameterID": 32, "Value": 6124.95654296875}]}, {"ListeningId": 0, "MeterId": 9, "Timestamp": 1632424380, "listeningvalues": [{"ListeningId": 0, "ParameterID": 1, "Value": 231.4512481689453}, {"ListeningId": 0, "ParameterID": 2, "Value": 232.32809448242188}, {"ListeningId": 0, "ParameterID": 3, "Value": 229.96017456054688}, {"ListeningId": 0, "ParameterID": 4, "Value": 401.4134521484375}, {"ListeningId": 0, "ParameterID": 5, "Value": 400.36553955078125}, {"ListeningId": 0, "ParameterID": 6, "Value": 399.4277038574219}, {"ListeningId": 0, "ParameterID": 7, "Value": 2.705796957015991}, {"ListeningId": 0, "ParameterID": 8, "Value": 1.8882057666778564}, {"ListeningId": 0, "ParameterID": 9, "Value": 3.0810203552246094}, {"ListeningId": 0, "ParameterID": 17, "Value": 607.3856811523438}, {"ListeningId": 0, "ParameterID": 18, "Value": 439.0386657714844}, {"ListeningId": 0, "ParameterID": 19, "Value": 676.3941650390625}, {"ListeningId": 0, "ParameterID": 20, "Value": 1722.0948486328125}, {"ListeningId": 0, "ParameterID": 21, "Value": 626.6641235351562}, {"ListeningId": 0, "ParameterID": 22, "Value": 438.86968994140625}, {"ListeningId": 0, "ParameterID": 23, "Value": 708.2321166992188}, {"ListeningId": 0, "ParameterID": 24, "Value": 1774.259033203125}, {"ListeningId": 0, "ParameterID": 25, "Value": 152.71372985839844}, {"ListeningId": 0, "ParameterID": 26, "Value": 0.0}, {"ListeningId": 0, "ParameterID": 27, "Value": 206.7407684326172}, {"ListeningId": 0, "ParameterID": 28, "Value": 359.2356262207031}, {"ListeningId": 0, "ParameterID": 13, "Value": 0.9849941730499268}, {"ListeningId": 0, "ParameterID": 14, "Value": 0.9869033098220825}, {"ListeningId": 0, "ParameterID": 15, "Value": 0.9646616578102112}, {"ListeningId": 0, "ParameterID": 16, "Value": 0.9788530468940735}, {"ListeningId": 0, "ParameterID": 10, "Value": 50.08109664916992}, {"ListeningId": 0, "ParameterID": 11, "Value": 50.08109664916992}, {"ListeningId": 0, "ParameterID": 12, "Value": 50.08109664916992}, {"ListeningId": 0, "ParameterID": 32, "Value": 6128.751953125}]}, {"ListeningId": 0, "MeterId": 10, "Timestamp": 1632424380, "listeningvalues": [{"ListeningId": 0, "ParameterID": 1, "Value": 230.94984436035156}, {"ListeningId": 0, "ParameterID": 2, "Value": 232.1032257080078}, {"ListeningId": 0, "ParameterID": 3, "Value": 231.0966796875}, {"ListeningId": 0, "ParameterID": 4, "Value": 400.6662292480469}, {"ListeningId": 0, "ParameterID": 5, "Value": 400.7908630371094}, {"ListeningId": 0, "ParameterID": 6, "Value": 399.9700622558594}, {"ListeningId": 0, "ParameterID": 7, "Value": 2.512488603591919}, {"ListeningId": 0, "ParameterID": 8, "Value": 2.1822543144226074}, {"ListeningId": 0, "ParameterID": 9, "Value": 2.6495361328125}, {"ListeningId": 0, "ParameterID": 17, "Value": 575.162353515625}, {"ListeningId": 0, "ParameterID": 18, "Value": 507.0439147949219}, {"ListeningId": 0, "ParameterID": 19, "Value": 585.553955078125}, {"ListeningId": 0, "ParameterID": 20, "Value": 1668.4993896484375}, {"ListeningId": 0, "ParameterID": 21, "Value": 580.1769409179688}, {"ListeningId": 0, "ParameterID": 22, "Value": 506.8332214355469}, {"ListeningId": 0, "ParameterID": 23, "Value": 612.001220703125}, {"ListeningId": 0, "ParameterID": 24, "Value": 1698.164306640625}, {"ListeningId": 0, "ParameterID": 25, "Value": 77.99471282958984}, {"ListeningId": 0, "ParameterID": 26, "Value": 0.0}, {"ListeningId": 0, "ParameterID": 27, "Value": 176.78231811523438}, {"ListeningId": 0, "ParameterID": 28, "Value": 254.70692443847656}, {"ListeningId": 0, "ParameterID": 13, "Value": 0.986106276512146}, {"ListeningId": 0, "ParameterID": 14, "Value": 0.9876156449317932}, {"ListeningId": 0, "ParameterID": 15, "Value": 0.9478843212127686}, {"ListeningId": 0, "ParameterID": 16, "Value": 0.9738687872886658}, {"ListeningId": 0, "ParameterID": 10, "Value": 50.08109664916992}, {"ListeningId": 0, "ParameterID": 11, "Value": 50.08109664916992}, {"ListeningId": 0, "ParameterID": 12, "Value": 50.08109664916992}, {"ListeningId": 0, "ParameterID": 32, "Value": 7707.009765625}]}, {"ListeningId": 0, "MeterId": 11, "Timestamp": 1632424380, "listeningvalues": [{"ListeningId": 0, "ParameterID": 1, "Value": 230.47877502441406}, {"ListeningId": 0, "ParameterID": 2, "Value": 231.9199676513672}, {"ListeningId": 0, "ParameterID": 3, "Value": 231.1573028564453}, {"ListeningId": 0, "ParameterID": 4, "Value": 399.9801940917969}, {"ListeningId": 0, "ParameterID": 5, "Value": 401.021728515625}, {"ListeningId": 0, "ParameterID": 6, "Value": 399.3414306640625}, {"ListeningId": 0, "ParameterID": 7, "Value": 2.3622212409973145}, {"ListeningId": 0, "ParameterID": 8, "Value": 1.8250983953475952}, {"ListeningId": 0, "ParameterID": 9, "Value": 2.9167399406433105}, {"ListeningId": 0, "ParameterID": 17, "Value": 538.4513549804688}, {"ListeningId": 0, "ParameterID": 18, "Value": 422.9140930175781}, {"ListeningId": 0, "ParameterID": 19, "Value": 647.9774169921875}, {"ListeningId": 0, "ParameterID": 20, "Value": 1608.11376953125}, {"ListeningId": 0, "ParameterID": 21, "Value": 544.2066650390625}, {"ListeningId": 0, "ParameterID": 22, "Value": 423.3193359375}, {"ListeningId": 0, "ParameterID": 23, "Value": 673.212890625}, {"ListeningId": 0, "ParameterID": 24, "Value": 1640.9879150390625}, {"ListeningId": 0, "ParameterID": 25, "Value": 78.74874877929688}, {"ListeningId": 0, "ParameterID": 26, "Value": 0.0}, {"ListeningId": 0, "ParameterID": 27, "Value": 186.13858032226562}, {"ListeningId": 0, "ParameterID": 28, "Value": 265.0404968261719}, {"ListeningId": 0, "ParameterID": 13, "Value": 0.9938963055610657}, {"ListeningId": 0, "ParameterID": 14, "Value": 0.991906464099884}, {"ListeningId": 0, "ParameterID": 15, "Value": 0.972499430179596}, {"ListeningId": 0, "ParameterID": 16, "Value": 0.9861007332801819}, {"ListeningId": 0, "ParameterID": 10, "Value": 50.08109664916992}, {"ListeningId": 0, "ParameterID": 11, "Value": 50.08109664916992}, {"ListeningId": 0, "ParameterID": 12, "Value": 50.08109664916992}, {"ListeningId": 0, "ParameterID": 32, "Value": 6118.60009765625}]}, {"ListeningId": 0, "MeterId": 12, "Timestamp": 1632424380, "listeningvalues": [{"ListeningId": 0, "ParameterID": 1, "Value": 230.3871307373047}, {"ListeningId": 0, "ParameterID": 2, "Value": 231.74746704101562}, {"ListeningId": 0, "ParameterID": 3, "Value": 229.8364715576172}, {"ListeningId": 0, "ParameterID": 4, "Value": 400.40692138671875}, {"ListeningId": 0, "ParameterID": 5, "Value": 400.0587463378906}, {"ListeningId": 0, "ParameterID": 6, "Value": 398.29595947265625}, {"ListeningId": 0, "ParameterID": 7, "Value": 2.595461845397949}, {"ListeningId": 0, "ParameterID": 8, "Value": 1.9677529335021973}, {"ListeningId": 0, "ParameterID": 9, "Value": 2.7481777667999268}, {"ListeningId": 0, "ParameterID": 17, "Value": 593.0214233398438}, {"ListeningId": 0, "ParameterID": 18, "Value": 456.0217590332031}, {"ListeningId": 0, "ParameterID": 19, "Value": 617.87646484375}, {"ListeningId": 0, "ParameterID": 20, "Value": 1666.919677734375}, {"ListeningId": 0, "ParameterID": 21, "Value": 597.9609985351562}, {"ListeningId": 0, "ParameterID": 22, "Value": 456.0217590332031}, {"ListeningId": 0, "ParameterID": 23, "Value": 631.6314697265625}, {"ListeningId": 0, "ParameterID": 24, "Value": 1685.6142578125}, {"ListeningId": 0, "ParameterID": 25, "Value": 76.70030975341797}, {"ListeningId": 0, "ParameterID": 26, "Value": 0.0}, {"ListeningId": 0, "ParameterID": 27, "Value": 131.0991973876953}, {"ListeningId": 0, "ParameterID": 28, "Value": 207.79949951171875}, {"ListeningId": 0, "ParameterID": 13, "Value": 0.9917392730712891}, {"ListeningId": 0, "ParameterID": 14, "Value": 1.0}, {"ListeningId": 0, "ParameterID": 15, "Value": 0.9782230854034424}, {"ListeningId": 0, "ParameterID": 16, "Value": 0.9899874329566956}, {"ListeningId": 0, "ParameterID": 10, "Value": 50.058170318603516}, {"ListeningId": 0, "ParameterID": 11, "Value": 50.058170318603516}, {"ListeningId": 0, "ParameterID": 12, "Value": 50.058170318603516}, {"ListeningId": 0, "ParameterID": 32, "Value": 6118.8984375}]}]