[{"ListeningId": 0, "MeterId": 1, "Timestamp": 1632424320, "listeningvalues": [{"ListeningId": 0, "ParameterID": 1, "Value": 231.6768035888672}, {"ListeningId": 0, "ParameterID": 2, "Value": 232.70297241210938}, {"ListeningId": 0, "ParameterID": 3, "Value": 231.21148681640625}, {"ListeningId": 0, "ParameterID": 4, "Value": 401.7950439453125}, {"ListeningId": 0, "ParameterID": 5, "Value": 401.97943115234375}, {"ListeningId": 0, "ParameterID": 6, "Value": 401.0014953613281}, {"ListeningId": 0, "ParameterID": 7, "Value": 2.7008252143859863}, {"ListeningId": 0, "ParameterID": 8, "Value": 1.8193894624710083}, {"ListeningId": 0, "ParameterID": 9, "Value": 3.1002492904663086}, {"ListeningId": 0, "ParameterID": 17, "Value": 620.409912109375}, {"ListeningId": 0, "ParameterID": 18, "Value": 421.28955078125}, {"ListeningId": 0, "ParameterID": 19, "Value": 674.0259399414062}, {"ListeningId": 0, "ParameterID": 20, "Value": 1715.725341796875}, {"ListeningId": 0, "ParameterID": 21, "Value": 625.7185668945312}, {"ListeningId": 0, "ParameterID": 22, "Value": 423.3773498535156}, {"ListeningId": 0, "ParameterID": 23, "Value": 716.813232421875}, {"ListeningId": 0, "ParameterID": 24, "Value": 1765.9091796875}, {"ListeningId": 0, "ParameterID": 25, "Value": 81.33419036865234}, {"ListeningId": 0, "ParameterID": 26, "Value": 41.99386215209961}, {"ListeningId": 0, "ParameterID": 27, "Value": 243.94723510742188}, {"ListeningId": 0, "ParameterID": 28, "Value": 367.2752685546875}, {"ListeningId": 0, "ParameterID": 13, "Value": 0.9640081524848938}, {"ListeningId": 0, "ParameterID": 14, "Value": 1.0}, {"ListeningId": 0, "ParameterID": 15, "Value": 0.9690356254577637}, {"ListeningId": 0, "ParameterID": 16, "Value": 0.9776812195777893}, {"ListeningId": 0, "ParameterID": 10, "Value": 50.10755157470703}, {"ListeningId": 0, "ParameterID": 11, "Value": 50.10755157470703}, {"ListeningId": 0, "ParameterID": 12, "Value": 50.10755157470703}, {"ListeningId": 0, "ParameterID": 32, "Value": 6089.771484375}]}, {"ListeningId": 0, "MeterId": 2, "Timestamp": 1632424320, "listeningvalues": [{"ListeningId": 0, "ParameterID": 1, "Value": 230.6315460205078}, {"ListeningId": 0, "ParameterID": 2, "Value": 231.96900939941406}, {"ListeningId": 0, "ParameterID": 3, "Value": 230.5820770263672}, {"ListeningId": 0, "ParameterID": 4, "Value": 400.3363342285156}, {"ListeningId": 0, "ParameterID": 5, "Value": 400.3765869140625}, {"ListeningId": 0, "ParameterID": 6, "Value": 399.429443359375}, {"ListeningId": 0, "ParameterID": 7, "Value": 2.6243300437927246}, {"ListeningId": 0, "ParameterID": 8, "Value": 2.1679000854492188}, {"ListeningId": 0, "ParameterID": 9, "Value": 3.0153820514678955}, {"ListeningId": 0, "ParameterID": 17, "Value": 583.2246704101562}, {"ListeningId": 0, "ParameterID": 18, "Value": 501.77056884765625}, {"ListeningId": 0, "ParameterID": 19, "Value": 675.3430786132812}, {"ListeningId": 0, "ParameterID": 20, "Value": 1760.7135009765625}, {"ListeningId": 0, "ParameterID": 21, "Value": 605.0068969726562}, {"ListeningId": 0, "ParameterID": 22, "Value": 502.1307678222656}, {"ListeningId": 0, "ParameterID": 23, "Value": 696.3563232421875}, {"ListeningId": 0, "ParameterID": 24, "Value": 1802.2596435546875}, {"ListeningId": 0, "ParameterID": 25, "Value": 161.687255859375}, {"ListeningId": 0, "ParameterID": 26, "Value": 22.158336639404297}, {"ListeningId": 0, "ParameterID": 27, "Value": 166.62582397460938}, {"ListeningId": 0, "ParameterID": 28, "Value": 350.6843566894531}, {"ListeningId": 0, "ParameterID": 13, "Value": 0.9923233985900879}, {"ListeningId": 0, "ParameterID": 14, "Value": 1.0}, {"ListeningId": 0, "ParameterID": 15, "Value": 0.9547310471534729}, {"ListeningId": 0, "ParameterID": 16, "Value": 0.9823514819145203}, {"ListeningId": 0, "ParameterID": 10, "Value": 50.10755157470703}, {"ListeningId": 0, "ParameterID": 11, "Value": 50.10755157470703}, {"ListeningId": 0, "ParameterID": 12, "Value": 50.10755157470703}, {"ListeningId": 0, "ParameterID": 32, "Value": 6095.3984375}]}, {"ListeningId": 0, "MeterId": 3, "Timestamp": 1632424320, "listeningvalues": [{"ListeningId": 0, "ParameterID": 1, "Value": 231.67674255371094}, {"ListeningId": 0, "ParameterID": 2, "Value": 231.32437133789062}, {"ListeningId": 0, "ParameterID": 3, "Value": 229.99722290039062}, {"ListeningId": 0, "ParameterID": 4, "Value": 401.08135986328125}, {"ListeningId": 0, "ParameterID": 5, "Value": 399.27984619140625}, {"ListeningId": 0, "ParameterID": 6, "Value": 400.1088562011719}, {"ListeningId": 0, "ParameterID": 7, "Value": 2.722622871398926}, {"ListeningId": 0, "ParameterID": 8, "Value": 1.9413777589797974}, {"ListeningId": 0, "ParameterID": 9, "Value": 2.7209784984588623}, {"ListeningId": 0, "ParameterID": 17, "Value": 610.3777465820312}, {"ListeningId": 0, "ParameterID": 18, "Value": 447.27386474609375}, {"ListeningId": 0, "ParameterID": 19, "Value": 606.560302734375}, {"ListeningId": 0, "ParameterID": 20, "Value": 1664.2119140625}, {"ListeningId": 0, "ParameterID": 21, "Value": 630.7683715820312}, {"ListeningId": 0, "ParameterID": 22, "Value": 449.0879821777344}, {"ListeningId": 0, "ParameterID": 23, "Value": 625.8175048828125}, {"ListeningId": 0, "ParameterID": 24, "Value": 1705.673828125}, {"ListeningId": 0, "ParameterID": 25, "Value": 159.08409118652344}, {"ListeningId": 0, "ParameterID": 26, "Value": 40.32504653930664}, {"ListeningId": 0, "ParameterID": 27, "Value": 154.0524444580078}, {"ListeningId": 0, "ParameterID": 28, "Value": 353.4615783691406}, {"ListeningId": 0, "ParameterID": 13, "Value": 0.9676733613014221}, {"ListeningId": 0, "ParameterID": 14, "Value": 0.9959604740142822}, {"ListeningId": 0, "ParameterID": 15, "Value": 0.9692286849021912}, {"ListeningId": 0, "ParameterID": 16, "Value": 0.9776208400726318}, {"ListeningId": 0, "ParameterID": 10, "Value": 50.138973236083984}, {"ListeningId": 0, "ParameterID": 11, "Value": 50.138973236083984}, {"ListeningId": 0, "ParameterID": 12, "Value": 50.138973236083984}, {"ListeningId": 0, "ParameterID": 32, "Value": 6096.98876953125}]}, {"ListeningId": 0, "MeterId": 4, "Timestamp": 1632424320, "listeningvalues": [{"ListeningId": 0, "ParameterID": 1, "Value": 230.69525146484375}, {"ListeningId": 0, "ParameterID": 2, "Value": 232.25888061523438}, {"ListeningId": 0, "ParameterID": 3, "Value": 230.57345581054688}, {"ListeningId": 0, "ParameterID": 4, "Value": 400.8012390136719}, {"ListeningId": 0, "ParameterID": 5, "Value": 400.70263671875}, {"ListeningId": 0, "ParameterID": 6, "Value": 399.4718933105469}, {"ListeningId": 0, "ParameterID": 7, "Value": 2.376734972000122}, {"ListeningId": 0, "ParameterID": 8, "Value": 1.744734525680542}, {"ListeningId": 0, "ParameterID": 9, "Value": 2.9991209506988525}, {"ListeningId": 0, "ParameterID": 17, "Value": 534.22802734375}, {"ListeningId": 0, "ParameterID": 18, "Value": 404.2841796875}, {"ListeningId": 0, "ParameterID": 19, "Value": 677.9765625}, {"ListeningId": 0, "ParameterID": 20, "Value": 1615.16064453125}, {"ListeningId": 0, "ParameterID": 21, "Value": 548.7864990234375}, {"ListeningId": 0, "ParameterID": 22, "Value": 404.79388427734375}, {"ListeningId": 0, "ParameterID": 23, "Value": 692.2346801757812}, {"ListeningId": 0, "ParameterID": 24, "Value": 1647.2154541015625}, {"ListeningId": 0, "ParameterID": 25, "Value": 127.60921478271484}, {"ListeningId": 0, "ParameterID": 26, "Value": 29.729354858398438}, {"ListeningId": 0, "ParameterID": 27, "Value": 139.29354858398438}, {"ListeningId": 0, "ParameterID": 28, "Value": 296.7666015625}, {"ListeningId": 0, "ParameterID": 13, "Value": 0.9770711064338684}, {"ListeningId": 0, "ParameterID": 14, "Value": 0.9912344813346863}, {"ListeningId": 0, "ParameterID": 15, "Value": 0.9655519723892212}, {"ListeningId": 0, "ParameterID": 16, "Value": 0.9779524803161621}, {"ListeningId": 0, "ParameterID": 10, "Value": 50.138973236083984}, {"ListeningId": 0, "ParameterID": 11, "Value": 50.138973236083984}, {"ListeningId": 0, "ParameterID": 12, "Value": 50.138973236083984}, {"ListeningId": 0, "ParameterID": 32, "Value": 6096.39013671875}]}, {"ListeningId": 0, "MeterId": 5, "Timestamp": 1632424320, "listeningvalues": [{"ListeningId": 0, "ParameterID": 1, "Value": 231.18408203125}, {"ListeningId": 0, "ParameterID": 2, "Value": 232.0438995361328}, {"ListeningId": 0, "ParameterID": 3, "Value": 230.53515625}, {"ListeningId": 0, "ParameterID": 4, "Value": 401.40704345703125}, {"ListeningId": 0, "ParameterID": 5, "Value": 400.6392822265625}, {"ListeningId": 0, "ParameterID": 6, "Value": 400.19970703125}, {"ListeningId": 0, "ParameterID": 7, "Value": 2.6133196353912354}, {"ListeningId": 0, "ParameterID": 8, "Value": 2.1015758514404297}, {"ListeningId": 0, "ParameterID": 9, "Value": 2.9056026935577393}, {"ListeningId": 0, "ParameterID": 17, "Value": 599.8632202148438}, {"ListeningId": 0, "ParameterID": 18, "Value": 487.91534423828125}, {"ListeningId": 0, "ParameterID": 19, "Value": 646.2509155273438}, {"ListeningId": 0, "ParameterID": 20, "Value": 1733.5750732421875}, {"ListeningId": 0, "ParameterID": 21, "Value": 605.3496704101562}, {"ListeningId": 0, "ParameterID": 22, "Value": 487.962890625}, {"ListeningId": 0, "ParameterID": 23, "Value": 669.4264526367188}, {"ListeningId": 0, "ParameterID": 24, "Value": 1759.9610595703125}, {"ListeningId": 0, "ParameterID": 25, "Value": 81.97195434570312}, {"ListeningId": 0, "ParameterID": 26, "Value": 0.0}, {"ListeningId": 0, "ParameterID": 27, "Value": 172.0392303466797}, {"ListeningId": 0, "ParameterID": 28, "Value": 254.2325897216797}, {"ListeningId": 0, "ParameterID": 13, "Value": 0.9604296088218689}, {"ListeningId": 0, "ParameterID": 14, "Value": 1.0}, {"ListeningId": 0, "ParameterID": 15, "Value": 0.9663904905319214}, {"ListeningId": 0, "ParameterID": 16, "Value": 0.9756067395210266}, {"ListeningId": 0, "ParameterID": 10, "Value": 50.138973236083984}, {"ListeningId": 0, "ParameterID": 11, "Value": 50.138973236083984}, {"ListeningId": 0, "ParameterID": 12, "Value": 50.138973236083984}, {"ListeningId": 0, "ParameterID": 32, "Value": 6093.89990234375}]}, {"ListeningId": 0, "MeterId": 6, "Timestamp": 1632424320, "listeningvalues": [{"ListeningId": 0, "ParameterID": 1, "Value": 230.36016845703125}, {"ListeningId": 0, "ParameterID": 2, "Value": 232.183349609375}, {"ListeningId": 0, "ParameterID": 3, "Value": 230.7750701904297}, {"ListeningId": 0, "ParameterID": 4, "Value": 400.24969482421875}, {"ListeningId": 0, "ParameterID": 5, "Value": 400.3947448730469}, {"ListeningId": 0, "ParameterID": 6, "Value": 399.1136474609375}, {"ListeningId": 0, "ParameterID": 7, "Value": 2.354189872741699}, {"ListeningId": 0, "ParameterID": 8, "Value": 1.8945972919464111}, {"ListeningId": 0, "ParameterID": 9, "Value": 2.6633002758026123}, {"ListeningId": 0, "ParameterID": 17, "Value": 529.1632690429688}, {"ListeningId": 0, "ParameterID": 18, "Value": 439.0482177734375}, {"ListeningId": 0, "ParameterID": 19, "Value": 597.5740966796875}, {"ListeningId": 0, "ParameterID": 20, "Value": 1566.619873046875}, {"ListeningId": 0, "ParameterID": 21, "Value": 543.1207275390625}, {"ListeningId": 0, "ParameterID": 22, "Value": 438.7791748046875}, {"ListeningId": 0, "ParameterID": 23, "Value": 614.1207885742188}, {"ListeningId": 0, "ParameterID": 24, "Value": 1595.859375}, {"ListeningId": 0, "ParameterID": 25, "Value": 121.91116333007812}, {"ListeningId": 0, "ParameterID": 26, "Value": 0.0}, {"ListeningId": 0, "ParameterID": 27, "Value": 141.24429321289062}, {"ListeningId": 0, "ParameterID": 28, "Value": 263.2372741699219}, {"ListeningId": 0, "ParameterID": 13, "Value": 0.9937345385551453}, {"ListeningId": 0, "ParameterID": 14, "Value": 1.0}, {"ListeningId": 0, "ParameterID": 15, "Value": 0.9654886722564697}, {"ListeningId": 0, "ParameterID": 16, "Value": 0.9864077568054199}, {"ListeningId": 0, "ParameterID": 10, "Value": 50.138973236083984}, {"ListeningId": 0, "ParameterID": 11, "Value": 50.138973236083984}, {"ListeningId": 0, "ParameterID": 12, "Value": 50.138973236083984}, {"ListeningId": 0, "ParameterID": 32, "Value": 6094.859375}]}, {"ListeningId": 0, "MeterId": 7, "Timestamp": 1632424320, "listeningvalues": [{"ListeningId": 0, "ParameterID": 1, "Value": 231.0365447998047}, {"ListeningId": 0, "ParameterID": 2, "Value": 232.28404235839844}, {"ListeningId": 0, "ParameterID": 3, "Value": 230.73011779785156}, {"ListeningId": 0, "ParameterID": 4, "Value": 401.1863708496094}, {"ListeningId": 0, "ParameterID": 5, "Value": 401.4661865234375}, {"ListeningId": 0, "ParameterID": 6, "Value": 400.5065612792969}, {"ListeningId": 0, "ParameterID": 7, "Value": 2.613807439804077}, {"ListeningId": 0, "ParameterID": 8, "Value": 2.0607657432556152}, {"ListeningId": 0, "ParameterID": 9, "Value": 3.0042691230773926}, {"ListeningId": 0, "ParameterID": 17, "Value": 584.6348266601562}, {"ListeningId": 0, "ParameterID": 18, "Value": 478.4783630371094}, {"ListeningId": 0, "ParameterID": 19, "Value": 657.7672729492188}, {"ListeningId": 0, "ParameterID": 20, "Value": 1721.5640869140625}, {"ListeningId": 0, "ParameterID": 21, "Value": 604.999267578125}, {"ListeningId": 0, "ParameterID": 22, "Value": 478.38226318359375}, {"ListeningId": 0, "ParameterID": 23, "Value": 693.5494384765625}, {"ListeningId": 0, "ParameterID": 24, "Value": 1777.2347412109375}, {"ListeningId": 0, "ParameterID": 25, "Value": 152.2010040283203}, {"ListeningId": 0, "ParameterID": 26, "Value": 0.0}, {"ListeningId": 0, "ParameterID": 27, "Value": 221.76658630371094}, {"ListeningId": 0, "ParameterID": 28, "Value": 373.82135009765625}, {"ListeningId": 0, "ParameterID": 13, "Value": 0.983345627784729}, {"ListeningId": 0, "ParameterID": 14, "Value": 1.0}, {"ListeningId": 0, "ParameterID": 15, "Value": 0.957272469997406}, {"ListeningId": 0, "ParameterID": 16, "Value": 0.9802060127258301}, {"ListeningId": 0, "ParameterID": 10, "Value": 50.138973236083984}, {"ListeningId": 0, "ParameterID": 11, "Value": 50.138973236083984}, {"ListeningId": 0, "ParameterID": 12, "Value": 50.138973236083984}, {"ListeningId": 0, "ParameterID": 32, "Value": 6097.2734375}]}, {"ListeningId": 0, "MeterId": 8, "Timestamp": 1632424320, "listeningvalues": [{"ListeningId": 0, "ParameterID": 1, "Value": 231.02354431152344}, {"ListeningId": 0, "ParameterID": 2, "Value": 231.6398468017578}, {"ListeningId": 0, "ParameterID": 3, "Value": 230.87472534179688}, {"ListeningId": 0, "ParameterID": 4, "Value": 400.40423583984375}, {"ListeningId": 0, "ParameterID": 5, "Value": 400.2900695800781}, {"ListeningId": 0, "ParameterID": 6, "Value": 400.2602233886719}, {"ListeningId": 0, "ParameterID": 7, "Value": 2.658893585205078}, {"ListeningId": 0, "ParameterID": 8, "Value": 2.044238805770874}, {"ListeningId": 0, "ParameterID": 9, "Value": 2.7545101642608643}, {"ListeningId": 0, "ParameterID": 17, "Value": 604.0368041992188}, {"ListeningId": 0, "ParameterID": 18, "Value": 473.52716064453125}, {"ListeningId": 0, "ParameterID": 19, "Value": 608.7743530273438}, {"ListeningId": 0, "ParameterID": 20, "Value": 1686.33837890625}, {"ListeningId": 0, "ParameterID": 21, "Value": 614.2670288085938}, {"ListeningId": 0, "ParameterID": 22, "Value": 473.52716064453125}, {"ListeningId": 0, "ParameterID": 23, "Value": 635.94677734375}, {"ListeningId": 0, "ParameterID": 24, "Value": 1723.740966796875}, {"ListeningId": 0, "ParameterID": 25, "Value": 111.64004516601562}, {"ListeningId": 0, "ParameterID": 26, "Value": 0.0}, {"ListeningId": 0, "ParameterID": 27, "Value": 183.9078369140625}, {"ListeningId": 0, "ParameterID": 28, "Value": 295.5478820800781}, {"ListeningId": 0, "ParameterID": 13, "Value": 0.983345627784729}, {"ListeningId": 0, "ParameterID": 14, "Value": 1.0}, {"ListeningId": 0, "ParameterID": 15, "Value": 0.957272469997406}, {"ListeningId": 0, "ParameterID": 16, "Value": 0.9802060127258301}, {"ListeningId": 0, "ParameterID": 10, "Value": 50.135433197021484}, {"ListeningId": 0, "ParameterID": 11, "Value": 50.135433197021484}, {"ListeningId": 0, "ParameterID": 12, "Value": 50.135433197021484}, {"ListeningId": 0, "ParameterID": 32, "Value": 6097.2734375}]}, {"ListeningId": 0, "MeterId": 9, "Timestamp": 1632424320, "listeningvalues": [{"ListeningId": 0, "ParameterID": 1, "Value": 230.631591796875}, {"ListeningId": 0, "ParameterID": 2, "Value": 232.517822265625}, {"ListeningId": 0, "ParameterID": 3, "Value": 231.04151916503906}, {"ListeningId": 0, "ParameterID": 4, "Value": 400.7962951660156}, {"ListeningId": 0, "ParameterID": 5, "Value": 401.9343566894531}, {"ListeningId": 0, "ParameterID": 6, "Value": 399.7231140136719}, {"ListeningId": 0, "ParameterID": 7, "Value": 2.5859010219573975}, {"ListeningId": 0, "ParameterID": 8, "Value": 2.198789596557617}, {"ListeningId": 0, "ParameterID": 9, "Value": 3.009478807449341}, {"ListeningId": 0, "ParameterID": 17, "Value": 588.7072143554688}, {"ListeningId": 0, "ParameterID": 18, "Value": 508.61822509765625}, {"ListeningId": 0, "ParameterID": 19, "Value": 669.867431640625}, {"ListeningId": 0, "ParameterID": 20, "Value": 1767.6185302734375}, {"ListeningId": 0, "ParameterID": 21, "Value": 596.0441284179688}, {"ListeningId": 0, "ParameterID": 22, "Value": 511.90875244140625}, {"ListeningId": 0, "ParameterID": 23, "Value": 694.8881225585938}, {"ListeningId": 0, "ParameterID": 24, "Value": 1802.138671875}, {"ListeningId": 0, "ParameterID": 25, "Value": 96.87076568603516}, {"ListeningId": 0, "ParameterID": 26, "Value": 50.769901275634766}, {"ListeningId": 0, "ParameterID": 27, "Value": 186.8436737060547}, {"ListeningId": 0, "ParameterID": 28, "Value": 334.3227233886719}, {"ListeningId": 0, "ParameterID": 13, "Value": 0.9868032932281494}, {"ListeningId": 0, "ParameterID": 14, "Value": 1.0}, {"ListeningId": 0, "ParameterID": 15, "Value": 0.9885877966880798}, {"ListeningId": 0, "ParameterID": 16, "Value": 0.9917970299720764}, {"ListeningId": 0, "ParameterID": 10, "Value": 50.135433197021484}, {"ListeningId": 0, "ParameterID": 11, "Value": 50.135433197021484}, {"ListeningId": 0, "ParameterID": 12, "Value": 50.135433197021484}, {"ListeningId": 0, "ParameterID": 32, "Value": 6101.5087890625}]}, {"ListeningId": 0, "MeterId": 10, "Timestamp": 1632424320, "listeningvalues": [{"ListeningId": 0, "ParameterID": 1, "Value": 230.1927947998047}, {"ListeningId": 0, "ParameterID": 2, "Value": 232.7091827392578}, {"ListeningId": 0, "ParameterID": 3, "Value": 231.04896545410156}, {"ListeningId": 0, "ParameterID": 4, "Value": 401.07080078125}, {"ListeningId": 0, "ParameterID": 5, "Value": 401.8717346191406}, {"ListeningId": 0, "ParameterID": 6, "Value": 399.40191650390625}, {"ListeningId": 0, "ParameterID": 7, "Value": 2.5006535053253174}, {"ListeningId": 0, "ParameterID": 8, "Value": 2.0652642250061035}, {"ListeningId": 0, "ParameterID": 9, "Value": 2.737494707107544}, {"ListeningId": 0, "ParameterID": 17, "Value": 552.7005004882812}, {"ListeningId": 0, "ParameterID": 18, "Value": 481.0205993652344}, {"ListeningId": 0, "ParameterID": 19, "Value": 606.49853515625}, {"ListeningId": 0, "ParameterID": 20, "Value": 1638.128662109375}, {"ListeningId": 0, "ParameterID": 21, "Value": 575.4754028320312}, {"ListeningId": 0, "ParameterID": 22, "Value": 480.1069030761719}, {"ListeningId": 0, "ParameterID": 23, "Value": 632.663330078125}, {"ListeningId": 0, "ParameterID": 24, "Value": 1689.840576171875}, {"ListeningId": 0, "ParameterID": 25, "Value": 161.41879272460938}, {"ListeningId": 0, "ParameterID": 26, "Value": 0.0}, {"ListeningId": 0, "ParameterID": 27, "Value": 181.33604431152344}, {"ListeningId": 0, "ParameterID": 28, "Value": 342.384033203125}, {"ListeningId": 0, "ParameterID": 13, "Value": 0.9863070845603943}, {"ListeningId": 0, "ParameterID": 14, "Value": 1.0}, {"ListeningId": 0, "ParameterID": 15, "Value": 0.9850224852561951}, {"ListeningId": 0, "ParameterID": 16, "Value": 0.990443229675293}, {"ListeningId": 0, "ParameterID": 10, "Value": 50.135433197021484}, {"ListeningId": 0, "ParameterID": 11, "Value": 50.135433197021484}, {"ListeningId": 0, "ParameterID": 12, "Value": 50.135433197021484}, {"ListeningId": 0, "ParameterID": 32, "Value": 7679.53515625}]}, {"ListeningId": 0, "MeterId": 11, "Timestamp": 1632424320, "listeningvalues": [{"ListeningId": 0, "ParameterID": 1, "Value": 230.2995147705078}, {"ListeningId": 0, "ParameterID": 2, "Value": 232.5717010498047}, {"ListeningId": 0, "ParameterID": 3, "Value": 230.79812622070312}, {"ListeningId": 0, "ParameterID": 4, "Value": 400.6386413574219}, {"ListeningId": 0, "ParameterID": 5, "Value": 400.6770935058594}, {"ListeningId": 0, "ParameterID": 6, "Value": 399.47528076171875}, {"ListeningId": 0, "ParameterID": 7, "Value": 2.5116918087005615}, {"ListeningId": 0, "ParameterID": 8, "Value": 2.114982843399048}, {"ListeningId": 0, "ParameterID": 9, "Value": 2.8421008586883545}, {"ListeningId": 0, "ParameterID": 17, "Value": 564.6396484375}, {"ListeningId": 0, "ParameterID": 18, "Value": 486.4479064941406}, {"ListeningId": 0, "ParameterID": 19, "Value": 640.5787353515625}, {"ListeningId": 0, "ParameterID": 20, "Value": 1691.998291015625}, {"ListeningId": 0, "ParameterID": 21, "Value": 577.7981567382812}, {"ListeningId": 0, "ParameterID": 22, "Value": 490.9265441894531}, {"ListeningId": 0, "ParameterID": 23, "Value": 655.58935546875}, {"ListeningId": 0, "ParameterID": 24, "Value": 1724.033447265625}, {"ListeningId": 0, "ParameterID": 25, "Value": 123.12669372558594}, {"ListeningId": 0, "ParameterID": 26, "Value": 70.16078186035156}, {"ListeningId": 0, "ParameterID": 27, "Value": 143.19715881347656}, {"ListeningId": 0, "ParameterID": 28, "Value": 336.236572265625}, {"ListeningId": 0, "ParameterID": 13, "Value": 0.969359815120697}, {"ListeningId": 0, "ParameterID": 14, "Value": 1.0}, {"ListeningId": 0, "ParameterID": 15, "Value": 0.9464278817176819}, {"ListeningId": 0, "ParameterID": 16, "Value": 0.9719292521476746}, {"ListeningId": 0, "ParameterID": 10, "Value": 50.135433197021484}, {"ListeningId": 0, "ParameterID": 11, "Value": 50.135433197021484}, {"ListeningId": 0, "ParameterID": 12, "Value": 50.135433197021484}, {"ListeningId": 0, "ParameterID": 32, "Value": 6091.30126953125}]}, {"ListeningId": 0, "MeterId": 12, "Timestamp": 1632424320, "listeningvalues": [{"ListeningId": 0, "ParameterID": 1, "Value": 231.78041076660156}, {"ListeningId": 0, "ParameterID": 2, "Value": 232.39120483398438}, {"ListeningId": 0, "ParameterID": 3, "Value": 230.39695739746094}, {"ListeningId": 0, "ParameterID": 4, "Value": 401.5911560058594}, {"ListeningId": 0, "ParameterID": 5, "Value": 401.21942138671875}, {"ListeningId": 0, "ParameterID": 6, "Value": 400.3458251953125}, {"ListeningId": 0, "ParameterID": 7, "Value": 2.5230395793914795}, {"ListeningId": 0, "ParameterID": 8, "Value": 2.2014262676239014}, {"ListeningId": 0, "ParameterID": 9, "Value": 2.8678689002990723}, {"ListeningId": 0, "ParameterID": 17, "Value": 579.2117309570312}, {"ListeningId": 0, "ParameterID": 18, "Value": 512.912109375}, {"ListeningId": 0, "ParameterID": 19, "Value": 644.0149536132812}, {"ListeningId": 0, "ParameterID": 20, "Value": 1735.23828125}, {"ListeningId": 0, "ParameterID": 21, "Value": 584.443603515625}, {"ListeningId": 0, "ParameterID": 22, "Value": 512.3984985351562}, {"ListeningId": 0, "ParameterID": 23, "Value": 659.8880615234375}, {"ListeningId": 0, "ParameterID": 24, "Value": 1755.196533203125}, {"ListeningId": 0, "ParameterID": 25, "Value": 79.90917205810547}, {"ListeningId": 0, "ParameterID": 26, "Value": 0.0}, {"ListeningId": 0, "ParameterID": 27, "Value": 146.26800537109375}, {"ListeningId": 0, "ParameterID": 28, "Value": 226.17755126953125}, {"ListeningId": 0, "ParameterID": 13, "Value": 0.9609557390213013}, {"ListeningId": 0, "ParameterID": 14, "Value": 1.0}, {"ListeningId": 0, "ParameterID": 15, "Value": 0.9627878069877625}, {"ListeningId": 0, "ParameterID": 16, "Value": 0.9745811820030212}, {"ListeningId": 0, "ParameterID": 10, "Value": 50.135433197021484}, {"ListeningId": 0, "ParameterID": 11, "Value": 50.135433197021484}, {"ListeningId": 0, "ParameterID": 12, "Value": 50.135433197021484}, {"ListeningId": 0, "ParameterID": 32, "Value": 6091.271484375}]}]