[{"ListeningId": 0, "MeterId": 1, "Timestamp": 1632424020, "listeningvalues": [{"ListeningId": 0, "ParameterID": 1, "Value": 230.52847290039062}, {"ListeningId": 0, "ParameterID": 2, "Value": 231.32089233398438}, {"ListeningId": 0, "ParameterID": 3, "Value": 230.64927673339844}, {"ListeningId": 0, "ParameterID": 4, "Value": 400.17755126953125}, {"ListeningId": 0, "ParameterID": 5, "Value": 399.9046630859375}, {"ListeningId": 0, "ParameterID": 6, "Value": 399.6042785644531}, {"ListeningId": 0, "ParameterID": 7, "Value": 2.3962628841400146}, {"ListeningId": 0, "ParameterID": 8, "Value": 2.2124390602111816}, {"ListeningId": 0, "ParameterID": 9, "Value": 2.7349557876586914}, {"ListeningId": 0, "ParameterID": 17, "Value": 531.191162109375}, {"ListeningId": 0, "ParameterID": 18, "Value": 511.78338623046875}, {"ListeningId": 0, "ParameterID": 19, "Value": 594.9985961914062}, {"ListeningId": 0, "ParameterID": 20, "Value": 1637.97314453125}, {"ListeningId": 0, "ParameterID": 21, "Value": 552.4067993164062}, {"ListeningId": 0, "ParameterID": 22, "Value": 511.78338623046875}, {"ListeningId": 0, "ParameterID": 23, "Value": 630.8155517578125}, {"ListeningId": 0, "ParameterID": 24, "Value": 1695.0057373046875}, {"ListeningId": 0, "ParameterID": 25, "Value": 151.62196350097656}, {"ListeningId": 0, "ParameterID": 26, "Value": 0.0}, {"ListeningId": 0, "ParameterID": 27, "Value": 209.53497314453125}, {"ListeningId": 0, "ParameterID": 28, "Value": 361.15692138671875}, {"ListeningId": 0, "ParameterID": 13, "Value": 0.9901615381240845}, {"ListeningId": 0, "ParameterID": 14, "Value": 1.0}, {"ListeningId": 0, "ParameterID": 15, "Value": 0.9691889882087708}, {"ListeningId": 0, "ParameterID": 16, "Value": 0.9864501953125}, {"ListeningId": 0, "ParameterID": 10, "Value": 50.12338638305664}, {"ListeningId": 0, "ParameterID": 11, "Value": 50.12338638305664}, {"ListeningId": 0, "ParameterID": 12, "Value": 50.12338638305664}, {"ListeningId": 0, "ParameterID": 32, "Value": 5952.91748046875}]}, {"ListeningId": 0, "MeterId": 2, "Timestamp": 1632424020, "listeningvalues": [{"ListeningId": 0, "ParameterID": 1, "Value": 231.40562438964844}, {"ListeningId": 0, "ParameterID": 2, "Value": 231.73817443847656}, {"ListeningId": 0, "ParameterID": 3, "Value": 230.76890563964844}, {"ListeningId": 0, "ParameterID": 4, "Value": 400.7651672363281}, {"ListeningId": 0, "ParameterID": 5, "Value": 400.52880859375}, {"ListeningId": 0, "ParameterID": 6, "Value": 399.8999328613281}, {"ListeningId": 0, "ParameterID": 7, "Value": 2.618487596511841}, {"ListeningId": 0, "ParameterID": 8, "Value": 1.7509679794311523}, {"ListeningId": 0, "ParameterID": 9, "Value": 2.9236717224121094}, {"ListeningId": 0, "ParameterID": 17, "Value": 591.0164184570312}, {"ListeningId": 0, "ParameterID": 18, "Value": 405.76611328125}, {"ListeningId": 0, "ParameterID": 19, "Value": 649.699462890625}, {"ListeningId": 0, "ParameterID": 20, "Value": 1646.48193359375}, {"ListeningId": 0, "ParameterID": 21, "Value": 605.9327392578125}, {"ListeningId": 0, "ParameterID": 22, "Value": 405.76611328125}, {"ListeningId": 0, "ParameterID": 23, "Value": 674.6925048828125}, {"ListeningId": 0, "ParameterID": 24, "Value": 1686.391357421875}, {"ListeningId": 0, "ParameterID": 25, "Value": 133.6192169189453}, {"ListeningId": 0, "ParameterID": 26, "Value": 0.0}, {"ListeningId": 0, "ParameterID": 27, "Value": 181.9355926513672}, {"ListeningId": 0, "ParameterID": 28, "Value": 315.5548095703125}, {"ListeningId": 0, "ParameterID": 13, "Value": 0.9753828644752502}, {"ListeningId": 0, "ParameterID": 14, "Value": 1.0}, {"ListeningId": 0, "ParameterID": 15, "Value": 0.962956428527832}, {"ListeningId": 0, "ParameterID": 16, "Value": 0.9794464111328125}, {"ListeningId": 0, "ParameterID": 10, "Value": 50.16117477416992}, {"ListeningId": 0, "ParameterID": 11, "Value": 50.16117477416992}, {"ListeningId": 0, "ParameterID": 12, "Value": 50.16117477416992}, {"ListeningId": 0, "ParameterID": 32, "Value": 5957.55517578125}]}, {"ListeningId": 0, "MeterId": 3, "Timestamp": 1632424020, "listeningvalues": [{"ListeningId": 0, "ParameterID": 1, "Value": 230.22840881347656}, {"ListeningId": 0, "ParameterID": 2, "Value": 232.47862243652344}, {"ListeningId": 0, "ParameterID": 3, "Value": 229.89585876464844}, {"ListeningId": 0, "ParameterID": 4, "Value": 400.34600830078125}, {"ListeningId": 0, "ParameterID": 5, "Value": 400.2664489746094}, {"ListeningId": 0, "ParameterID": 6, "Value": 398.4331359863281}, {"ListeningId": 0, "ParameterID": 7, "Value": 2.7235910892486572}, {"ListeningId": 0, "ParameterID": 8, "Value": 2.0259361267089844}, {"ListeningId": 0, "ParameterID": 9, "Value": 2.771719217300415}, {"ListeningId": 0, "ParameterID": 17, "Value": 601.6112670898438}, {"ListeningId": 0, "ParameterID": 18, "Value": 470.99139404296875}, {"ListeningId": 0, "ParameterID": 19, "Value": 620.6832885742188}, {"ListeningId": 0, "ParameterID": 20, "Value": 1692.214111328125}, {"ListeningId": 0, "ParameterID": 21, "Value": 628.2721557617188}, {"ListeningId": 0, "ParameterID": 22, "Value": 470.9218444824219}, {"ListeningId": 0, "ParameterID": 23, "Value": 637.8507690429688}, {"ListeningId": 0, "ParameterID": 24, "Value": 1735.2783203125}, {"ListeningId": 0, "ParameterID": 25, "Value": 179.3306121826172}, {"ListeningId": 0, "ParameterID": 26, "Value": 0.0}, {"ListeningId": 0, "ParameterID": 27, "Value": 147.58502197265625}, {"ListeningId": 0, "ParameterID": 28, "Value": 326.99951171875}, {"ListeningId": 0, "ParameterID": 13, "Value": 0.9885245561599731}, {"ListeningId": 0, "ParameterID": 14, "Value": 1.0}, {"ListeningId": 0, "ParameterID": 15, "Value": 0.9848065972328186}, {"ListeningId": 0, "ParameterID": 16, "Value": 0.9911103844642639}, {"ListeningId": 0, "ParameterID": 10, "Value": 50.16117477416992}, {"ListeningId": 0, "ParameterID": 11, "Value": 50.16117477416992}, {"ListeningId": 0, "ParameterID": 12, "Value": 50.16117477416992}, {"ListeningId": 0, "ParameterID": 32, "Value": 5960.62646484375}]}, {"ListeningId": 0, "MeterId": 4, "Timestamp": 1632424020, "listeningvalues": [{"ListeningId": 0, "ParameterID": 1, "Value": 231.0056915283203}, {"ListeningId": 0, "ParameterID": 2, "Value": 232.42323303222656}, {"ListeningId": 0, "ParameterID": 3, "Value": 230.9374237060547}, {"ListeningId": 0, "ParameterID": 4, "Value": 401.8015441894531}, {"ListeningId": 0, "ParameterID": 5, "Value": 401.5646057128906}, {"ListeningId": 0, "ParameterID": 6, "Value": 399.94293212890625}, {"ListeningId": 0, "ParameterID": 7, "Value": 2.7003955841064453}, {"ListeningId": 0, "ParameterID": 8, "Value": 2.2054660320281982}, {"ListeningId": 0, "ParameterID": 9, "Value": 3.065742254257202}, {"ListeningId": 0, "ParameterID": 17, "Value": 612.2996826171875}, {"ListeningId": 0, "ParameterID": 18, "Value": 512.6728515625}, {"ListeningId": 0, "ParameterID": 19, "Value": 686.8822631835938}, {"ListeningId": 0, "ParameterID": 20, "Value": 1811.71484375}, {"ListeningId": 0, "ParameterID": 21, "Value": 623.9425048828125}, {"ListeningId": 0, "ParameterID": 22, "Value": 512.671630859375}, {"ListeningId": 0, "ParameterID": 23, "Value": 708.001953125}, {"ListeningId": 0, "ParameterID": 24, "Value": 1845.04833984375}, {"ListeningId": 0, "ParameterID": 25, "Value": 124.51979064941406}, {"ListeningId": 0, "ParameterID": 26, "Value": 0.0}, {"ListeningId": 0, "ParameterID": 27, "Value": 171.05799865722656}, {"ListeningId": 0, "ParameterID": 28, "Value": 295.59527587890625}, {"ListeningId": 0, "ParameterID": 13, "Value": 0.9753425717353821}, {"ListeningId": 0, "ParameterID": 14, "Value": 1.0}, {"ListeningId": 0, "ParameterID": 15, "Value": 0.9725131392478943}, {"ListeningId": 0, "ParameterID": 16, "Value": 0.9826185703277588}, {"ListeningId": 0, "ParameterID": 10, "Value": 50.16117477416992}, {"ListeningId": 0, "ParameterID": 11, "Value": 50.16117477416992}, {"ListeningId": 0, "ParameterID": 12, "Value": 50.16117477416992}, {"ListeningId": 0, "ParameterID": 32, "Value": 5959.21435546875}]}, {"ListeningId": 0, "MeterId": 5, "Timestamp": 1632424020, "listeningvalues": [{"ListeningId": 0, "ParameterID": 1, "Value": 231.36041259765625}, {"ListeningId": 0, "ParameterID": 2, "Value": 231.6497039794922}, {"ListeningId": 0, "ParameterID": 3, "Value": 230.24166870117188}, {"ListeningId": 0, "ParameterID": 4, "Value": 401.3050537109375}, {"ListeningId": 0, "ParameterID": 5, "Value": 400.54315185546875}, {"ListeningId": 0, "ParameterID": 6, "Value": 400.2488708496094}, {"ListeningId": 0, "ParameterID": 7, "Value": 2.5225560665130615}, {"ListeningId": 0, "ParameterID": 8, "Value": 1.818426251411438}, {"ListeningId": 0, "ParameterID": 9, "Value": 2.984323501586914}, {"ListeningId": 0, "ParameterID": 17, "Value": 560.3650512695312}, {"ListeningId": 0, "ParameterID": 18, "Value": 420.43878173828125}, {"ListeningId": 0, "ParameterID": 19, "Value": 659.6395263671875}, {"ListeningId": 0, "ParameterID": 20, "Value": 1641.6414794921875}, {"ListeningId": 0, "ParameterID": 21, "Value": 584.010498046875}, {"ListeningId": 0, "ParameterID": 22, "Value": 420.900634765625}, {"ListeningId": 0, "ParameterID": 23, "Value": 688.405029296875}, {"ListeningId": 0, "ParameterID": 24, "Value": 1693.504150390625}, {"ListeningId": 0, "ParameterID": 25, "Value": 163.96372985839844}, {"ListeningId": 0, "ParameterID": 26, "Value": 16.34722328186035}, {"ListeningId": 0, "ParameterID": 27, "Value": 196.65794372558594}, {"ListeningId": 0, "ParameterID": 28, "Value": 377.49871826171875}, {"ListeningId": 0, "ParameterID": 13, "Value": 0.9723114967346191}, {"ListeningId": 0, "ParameterID": 14, "Value": 0.9943216443061829}, {"ListeningId": 0, "ParameterID": 15, "Value": 0.9416456818580627}, {"ListeningId": 0, "ParameterID": 16, "Value": 0.9694262146949768}, {"ListeningId": 0, "ParameterID": 10, "Value": 50.16117477416992}, {"ListeningId": 0, "ParameterID": 11, "Value": 50.16117477416992}, {"ListeningId": 0, "ParameterID": 12, "Value": 50.16117477416992}, {"ListeningId": 0, "ParameterID": 32, "Value": 5956.60791015625}]}, {"ListeningId": 0, "MeterId": 6, "Timestamp": 1632424020, "listeningvalues": [{"ListeningId": 0, "ParameterID": 1, "Value": 230.6720428466797}, {"ListeningId": 0, "ParameterID": 2, "Value": 231.82363891601562}, {"ListeningId": 0, "ParameterID": 3, "Value": 230.93446350097656}, {"ListeningId": 0, "ParameterID": 4, "Value": 400.41107177734375}, {"ListeningId": 0, "ParameterID": 5, "Value": 401.19500732421875}, {"ListeningId": 0, "ParameterID": 6, "Value": 399.63006591796875}, {"ListeningId": 0, "ParameterID": 7, "Value": 2.6000571250915527}, {"ListeningId": 0, "ParameterID": 8, "Value": 2.218177080154419}, {"ListeningId": 0, "ParameterID": 9, "Value": 3.0712506771087646}, {"ListeningId": 0, "ParameterID": 17, "Value": 588.5220947265625}, {"ListeningId": 0, "ParameterID": 18, "Value": 514.5521240234375}, {"ListeningId": 0, "ParameterID": 19, "Value": 672.9860229492188}, {"ListeningId": 0, "ParameterID": 20, "Value": 1776.7508544921875}, {"ListeningId": 0, "ParameterID": 21, "Value": 599.6388549804688}, {"ListeningId": 0, "ParameterID": 22, "Value": 515.0479736328125}, {"ListeningId": 0, "ParameterID": 23, "Value": 709.2113037109375}, {"ListeningId": 0, "ParameterID": 24, "Value": 1825.3558349609375}, {"ListeningId": 0, "ParameterID": 25, "Value": 113.53677368164062}, {"ListeningId": 0, "ParameterID": 26, "Value": 0.0}, {"ListeningId": 0, "ParameterID": 27, "Value": 225.3849639892578}, {"ListeningId": 0, "ParameterID": 28, "Value": 338.9042053222656}, {"ListeningId": 0, "ParameterID": 13, "Value": 0.9927067160606384}, {"ListeningId": 0, "ParameterID": 14, "Value": 0.9888052344322205}, {"ListeningId": 0, "ParameterID": 15, "Value": 0.9441016316413879}, {"ListeningId": 0, "ParameterID": 16, "Value": 0.9752045273780823}, {"ListeningId": 0, "ParameterID": 10, "Value": 50.16117477416992}, {"ListeningId": 0, "ParameterID": 11, "Value": 50.16117477416992}, {"ListeningId": 0, "ParameterID": 12, "Value": 50.16117477416992}, {"ListeningId": 0, "ParameterID": 32, "Value": 5957.77294921875}]}, {"ListeningId": 0, "MeterId": 7, "Timestamp": 1632424020, "listeningvalues": [{"ListeningId": 0, "ParameterID": 1, "Value": 231.0596160888672}, {"ListeningId": 0, "ParameterID": 2, "Value": 231.5826873779297}, {"ListeningId": 0, "ParameterID": 3, "Value": 230.7083740234375}, {"ListeningId": 0, "ParameterID": 4, "Value": 400.6127624511719}, {"ListeningId": 0, "ParameterID": 5, "Value": 400.6191101074219}, {"ListeningId": 0, "ParameterID": 6, "Value": 399.6699523925781}, {"ListeningId": 0, "ParameterID": 7, "Value": 2.4544761180877686}, {"ListeningId": 0, "ParameterID": 8, "Value": 1.9403859376907349}, {"ListeningId": 0, "ParameterID": 9, "Value": 2.8081839084625244}, {"ListeningId": 0, "ParameterID": 17, "Value": 547.0260009765625}, {"ListeningId": 0, "ParameterID": 18, "Value": 449.35980224609375}, {"ListeningId": 0, "ParameterID": 19, "Value": 634.7233276367188}, {"ListeningId": 0, "ParameterID": 20, "Value": 1631.109130859375}, {"ListeningId": 0, "ParameterID": 21, "Value": 567.1303100585938}, {"ListeningId": 0, "ParameterID": 22, "Value": 449.35980224609375}, {"ListeningId": 0, "ParameterID": 23, "Value": 647.8715209960938}, {"ListeningId": 0, "ParameterID": 24, "Value": 1664.361572265625}, {"ListeningId": 0, "ParameterID": 25, "Value": 149.6641082763672}, {"ListeningId": 0, "ParameterID": 26, "Value": 0.0}, {"ListeningId": 0, "ParameterID": 27, "Value": 129.86074829101562}, {"ListeningId": 0, "ParameterID": 28, "Value": 279.52484130859375}, {"ListeningId": 0, "ParameterID": 13, "Value": 0.964550793170929}, {"ListeningId": 0, "ParameterID": 14, "Value": 1.0}, {"ListeningId": 0, "ParameterID": 15, "Value": 0.9797055125236511}, {"ListeningId": 0, "ParameterID": 16, "Value": 0.981418788433075}, {"ListeningId": 0, "ParameterID": 10, "Value": 50.14569854736328}, {"ListeningId": 0, "ParameterID": 11, "Value": 50.14569854736328}, {"ListeningId": 0, "ParameterID": 12, "Value": 50.14569854736328}, {"ListeningId": 0, "ParameterID": 32, "Value": 5960.4970703125}]}, {"ListeningId": 0, "MeterId": 8, "Timestamp": 1632424020, "listeningvalues": [{"ListeningId": 0, "ParameterID": 1, "Value": 231.2798309326172}, {"ListeningId": 0, "ParameterID": 2, "Value": 231.4802703857422}, {"ListeningId": 0, "ParameterID": 3, "Value": 230.65487670898438}, {"ListeningId": 0, "ParameterID": 4, "Value": 400.7402038574219}, {"ListeningId": 0, "ParameterID": 5, "Value": 400.20330810546875}, {"ListeningId": 0, "ParameterID": 6, "Value": 400.1330871582031}, {"ListeningId": 0, "ParameterID": 7, "Value": 2.454012632369995}, {"ListeningId": 0, "ParameterID": 8, "Value": 1.9405972957611084}, {"ListeningId": 0, "ParameterID": 9, "Value": 2.809708833694458}, {"ListeningId": 0, "ParameterID": 17, "Value": 546.6439208984375}, {"ListeningId": 0, "ParameterID": 18, "Value": 449.1472473144531}, {"ListeningId": 0, "ParameterID": 19, "Value": 634.6336669921875}, {"ListeningId": 0, "ParameterID": 20, "Value": 1630.4840087890625}, {"ListeningId": 0, "ParameterID": 21, "Value": 567.0245971679688}, {"ListeningId": 0, "ParameterID": 22, "Value": 449.1042785644531}, {"ListeningId": 0, "ParameterID": 23, "Value": 647.6463623046875}, {"ListeningId": 0, "ParameterID": 24, "Value": 1665.99365234375}, {"ListeningId": 0, "ParameterID": 25, "Value": 149.5802764892578}, {"ListeningId": 0, "ParameterID": 26, "Value": 0.0}, {"ListeningId": 0, "ParameterID": 27, "Value": 129.98324584960938}, {"ListeningId": 0, "ParameterID": 28, "Value": 279.2523193359375}, {"ListeningId": 0, "ParameterID": 13, "Value": 0.9750227332115173}, {"ListeningId": 0, "ParameterID": 14, "Value": 0.9928427338600159}, {"ListeningId": 0, "ParameterID": 15, "Value": 0.9695987105369568}, {"ListeningId": 0, "ParameterID": 16, "Value": 0.9791547656059265}, {"ListeningId": 0, "ParameterID": 10, "Value": 50.14569854736328}, {"ListeningId": 0, "ParameterID": 11, "Value": 50.14569854736328}, {"ListeningId": 0, "ParameterID": 12, "Value": 50.14569854736328}, {"ListeningId": 0, "ParameterID": 32, "Value": 5960.94921875}]}, {"ListeningId": 0, "MeterId": 9, "Timestamp": 1632424020, "listeningvalues": [{"ListeningId": 0, "ParameterID": 1, "Value": 231.3436737060547}, {"ListeningId": 0, "ParameterID": 2, "Value": 231.16787719726562}, {"ListeningId": 0, "ParameterID": 3, "Value": 229.9517364501953}, {"ListeningId": 0, "ParameterID": 4, "Value": 400.72821044921875}, {"ListeningId": 0, "ParameterID": 5, "Value": 399.2715759277344}, {"ListeningId": 0, "ParameterID": 6, "Value": 398.9289855957031}, {"ListeningId": 0, "ParameterID": 7, "Value": 2.4497323036193848}, {"ListeningId": 0, "ParameterID": 8, "Value": 1.8358725309371948}, {"ListeningId": 0, "ParameterID": 9, "Value": 2.68182110786438}, {"ListeningId": 0, "ParameterID": 17, "Value": 559.2466430664062}, {"ListeningId": 0, "ParameterID": 18, "Value": 424.3917236328125}, {"ListeningId": 0, "ParameterID": 19, "Value": 593.935791015625}, {"ListeningId": 0, "ParameterID": 20, "Value": 1576.4876708984375}, {"ListeningId": 0, "ParameterID": 21, "Value": 565.875}, {"ListeningId": 0, "ParameterID": 22, "Value": 424.7359619140625}, {"ListeningId": 0, "ParameterID": 23, "Value": 617.369873046875}, {"ListeningId": 0, "ParameterID": 24, "Value": 1608.48876953125}, {"ListeningId": 0, "ParameterID": 25, "Value": 88.73461151123047}, {"ListeningId": 0, "ParameterID": 26, "Value": 0.0}, {"ListeningId": 0, "ParameterID": 27, "Value": 169.1724090576172}, {"ListeningId": 0, "ParameterID": 28, "Value": 257.99420166015625}, {"ListeningId": 0, "ParameterID": 13, "Value": 0.9899454712867737}, {"ListeningId": 0, "ParameterID": 14, "Value": 0.9915811419487}, {"ListeningId": 0, "ParameterID": 15, "Value": 0.9582528471946716}, {"ListeningId": 0, "ParameterID": 16, "Value": 0.9799265265464783}, {"ListeningId": 0, "ParameterID": 10, "Value": 50.14569854736328}, {"ListeningId": 0, "ParameterID": 11, "Value": 50.14569854736328}, {"ListeningId": 0, "ParameterID": 12, "Value": 50.14569854736328}, {"ListeningId": 0, "ParameterID": 32, "Value": 5964.50537109375}]}, {"ListeningId": 0, "MeterId": 10, "Timestamp": 1632424020, "listeningvalues": [{"ListeningId": 0, "ParameterID": 1, "Value": 231.44189453125}, {"ListeningId": 0, "ParameterID": 2, "Value": 232.4545135498047}, {"ListeningId": 0, "ParameterID": 3, "Value": 230.77789306640625}, {"ListeningId": 0, "ParameterID": 4, "Value": 402.0118103027344}, {"ListeningId": 0, "ParameterID": 5, "Value": 401.112060546875}, {"ListeningId": 0, "ParameterID": 6, "Value": 400.3160705566406}, {"ListeningId": 0, "ParameterID": 7, "Value": 2.6305131912231445}, {"ListeningId": 0, "ParameterID": 8, "Value": 2.2036006450653076}, {"ListeningId": 0, "ParameterID": 9, "Value": 2.8276970386505127}, {"ListeningId": 0, "ParameterID": 17, "Value": 598.894775390625}, {"ListeningId": 0, "ParameterID": 18, "Value": 512.144775390625}, {"ListeningId": 0, "ParameterID": 19, "Value": 645.5053100585938}, {"ListeningId": 0, "ParameterID": 20, "Value": 1755.123779296875}, {"ListeningId": 0, "ParameterID": 21, "Value": 609.35009765625}, {"ListeningId": 0, "ParameterID": 22, "Value": 512.6565551757812}, {"ListeningId": 0, "ParameterID": 23, "Value": 652.624267578125}, {"ListeningId": 0, "ParameterID": 24, "Value": 1774.578125}, {"ListeningId": 0, "ParameterID": 25, "Value": 111.00359344482422}, {"ListeningId": 0, "ParameterID": 26, "Value": 0.0}, {"ListeningId": 0, "ParameterID": 27, "Value": 92.43869018554688}, {"ListeningId": 0, "ParameterID": 28, "Value": 203.47113037109375}, {"ListeningId": 0, "ParameterID": 13, "Value": 0.9722681641578674}, {"ListeningId": 0, "ParameterID": 14, "Value": 1.0}, {"ListeningId": 0, "ParameterID": 15, "Value": 0.9504112601280212}, {"ListeningId": 0, "ParameterID": 16, "Value": 0.9742264747619629}, {"ListeningId": 0, "ParameterID": 10, "Value": 50.14569854736328}, {"ListeningId": 0, "ParameterID": 11, "Value": 50.14569854736328}, {"ListeningId": 0, "ParameterID": 12, "Value": 50.14569854736328}, {"ListeningId": 0, "ParameterID": 32, "Value": 7542.61669921875}]}, {"ListeningId": 0, "MeterId": 11, "Timestamp": 1632424020, "listeningvalues": [{"ListeningId": 0, "ParameterID": 1, "Value": 231.29161071777344}, {"ListeningId": 0, "ParameterID": 2, "Value": 232.4678192138672}, {"ListeningId": 0, "ParameterID": 3, "Value": 230.2169647216797}, {"ListeningId": 0, "ParameterID": 4, "Value": 401.7681579589844}, {"ListeningId": 0, "ParameterID": 5, "Value": 400.8621520996094}, {"ListeningId": 0, "ParameterID": 6, "Value": 399.64373779296875}, {"ListeningId": 0, "ParameterID": 7, "Value": 2.4766836166381836}, {"ListeningId": 0, "ParameterID": 8, "Value": 1.8293752670288086}, {"ListeningId": 0, "ParameterID": 9, "Value": 3.086617946624756}, {"ListeningId": 0, "ParameterID": 17, "Value": 552.81982421875}, {"ListeningId": 0, "ParameterID": 18, "Value": 425.23492431640625}, {"ListeningId": 0, "ParameterID": 19, "Value": 674.3741455078125}, {"ListeningId": 0, "ParameterID": 20, "Value": 1653.7149658203125}, {"ListeningId": 0, "ParameterID": 21, "Value": 573.294189453125}, {"ListeningId": 0, "ParameterID": 22, "Value": 425.1138000488281}, {"ListeningId": 0, "ParameterID": 23, "Value": 710.3072509765625}, {"ListeningId": 0, "ParameterID": 24, "Value": 1707.2940673828125}, {"ListeningId": 0, "ParameterID": 25, "Value": 150.52137756347656}, {"ListeningId": 0, "ParameterID": 26, "Value": 0.0}, {"ListeningId": 0, "ParameterID": 27, "Value": 225.05368041992188}, {"ListeningId": 0, "ParameterID": 28, "Value": 375.6611633300781}, {"ListeningId": 0, "ParameterID": 13, "Value": 0.9792379140853882}, {"ListeningId": 0, "ParameterID": 14, "Value": 1.0}, {"ListeningId": 0, "ParameterID": 15, "Value": 0.9423598051071167}, {"ListeningId": 0, "ParameterID": 16, "Value": 0.9738659262657166}, {"ListeningId": 0, "ParameterID": 10, "Value": 50.14569854736328}, {"ListeningId": 0, "ParameterID": 11, "Value": 50.14569854736328}, {"ListeningId": 0, "ParameterID": 12, "Value": 50.14569854736328}, {"ListeningId": 0, "ParameterID": 32, "Value": 5954.44384765625}]}, {"ListeningId": 0, "MeterId": 12, "Timestamp": 1632424020, "listeningvalues": [{"ListeningId": 0, "ParameterID": 1, "Value": 230.97125244140625}, {"ListeningId": 0, "ParameterID": 2, "Value": 231.85256958007812}, {"ListeningId": 0, "ParameterID": 3, "Value": 230.9801788330078}, {"ListeningId": 0, "ParameterID": 4, "Value": 401.0579528808594}, {"ListeningId": 0, "ParameterID": 5, "Value": 400.9367980957031}, {"ListeningId": 0, "ParameterID": 6, "Value": 399.9718933105469}, {"ListeningId": 0, "ParameterID": 7, "Value": 2.5074477195739746}, {"ListeningId": 0, "ParameterID": 8, "Value": 1.936868667602539}, {"ListeningId": 0, "ParameterID": 9, "Value": 2.6943440437316895}, {"ListeningId": 0, "ParameterID": 17, "Value": 572.5486450195312}, {"ListeningId": 0, "ParameterID": 18, "Value": 449.0679626464844}, {"ListeningId": 0, "ParameterID": 19, "Value": 613.3380737304688}, {"ListeningId": 0, "ParameterID": 20, "Value": 1634.95458984375}, {"ListeningId": 0, "ParameterID": 21, "Value": 579.1483154296875}, {"ListeningId": 0, "ParameterID": 22, "Value": 449.0679626464844}, {"ListeningId": 0, "ParameterID": 23, "Value": 622.340087890625}, {"ListeningId": 0, "ParameterID": 24, "Value": 1650.556396484375}, {"ListeningId": 0, "ParameterID": 25, "Value": 87.18281555175781}, {"ListeningId": 0, "ParameterID": 26, "Value": 0.0}, {"ListeningId": 0, "ParameterID": 27, "Value": 105.46845245361328}, {"ListeningId": 0, "ParameterID": 28, "Value": 192.65127563476562}, {"ListeningId": 0, "ParameterID": 13, "Value": 0.9886044859886169}, {"ListeningId": 0, "ParameterID": 14, "Value": 1.0}, {"ListeningId": 0, "ParameterID": 15, "Value": 0.985535204410553}, {"ListeningId": 0, "ParameterID": 16, "Value": 0.9913799166679382}, {"ListeningId": 0, "ParameterID": 10, "Value": 50.004608154296875}, {"ListeningId": 0, "ParameterID": 11, "Value": 50.004608154296875}, {"ListeningId": 0, "ParameterID": 12, "Value": 50.004608154296875}, {"ListeningId": 0, "ParameterID": 32, "Value": 5954.51416015625}]}]