[{"ListeningId": 0, "MeterId": 1, "Timestamp": 1632425100, "listeningvalues": [{"ListeningId": 0, "ParameterID": 1, "Value": 230.5904541015625}, {"ListeningId": 0, "ParameterID": 2, "Value": 232.2174835205078}, {"ListeningId": 0, "ParameterID": 3, "Value": 231.2041778564453}, {"ListeningId": 0, "ParameterID": 4, "Value": 400.7449035644531}, {"ListeningId": 0, "ParameterID": 5, "Value": 401.48443603515625}, {"ListeningId": 0, "ParameterID": 6, "Value": 399.76434326171875}, {"ListeningId": 0, "ParameterID": 7, "Value": 2.5540106296539307}, {"ListeningId": 0, "ParameterID": 8, "Value": 1.7660515308380127}, {"ListeningId": 0, "ParameterID": 9, "Value": 2.7513439655303955}, {"ListeningId": 0, "ParameterID": 17, "Value": 577.5862426757812}, {"ListeningId": 0, "ParameterID": 18, "Value": 410.1080322265625}, {"ListeningId": 0, "ParameterID": 19, "Value": 620.8944702148438}, {"ListeningId": 0, "ParameterID": 20, "Value": 1608.5887451171875}, {"ListeningId": 0, "ParameterID": 21, "Value": 588.9304809570312}, {"ListeningId": 0, "ParameterID": 22, "Value": 410.1080322265625}, {"ListeningId": 0, "ParameterID": 23, "Value": 636.1221923828125}, {"ListeningId": 0, "ParameterID": 24, "Value": 1635.16064453125}, {"ListeningId": 0, "ParameterID": 25, "Value": 115.0358657836914}, {"ListeningId": 0, "ParameterID": 26, "Value": 0.0}, {"ListeningId": 0, "ParameterID": 27, "Value": 138.35281372070312}, {"ListeningId": 0, "ParameterID": 28, "Value": 253.388671875}, {"ListeningId": 0, "ParameterID": 13, "Value": 0.9711011648178101}, {"ListeningId": 0, "ParameterID": 14, "Value": 1.0}, {"ListeningId": 0, "ParameterID": 15, "Value": 0.9878690838813782}, {"ListeningId": 0, "ParameterID": 16, "Value": 0.9863234162330627}, {"ListeningId": 0, "ParameterID": 10, "Value": 50.03242874145508}, {"ListeningId": 0, "ParameterID": 11, "Value": 50.03242874145508}, {"ListeningId": 0, "ParameterID": 12, "Value": 50.03242874145508}, {"ListeningId": 0, "ParameterID": 32, "Value": 6446.0517578125}]}, {"ListeningId": 0, "MeterId": 2, "Timestamp": 1632425100, "listeningvalues": [{"ListeningId": 0, "ParameterID": 1, "Value": 230.57476806640625}, {"ListeningId": 0, "ParameterID": 2, "Value": 232.1957550048828}, {"ListeningId": 0, "ParameterID": 3, "Value": 230.19921875}, {"ListeningId": 0, "ParameterID": 4, "Value": 400.87103271484375}, {"ListeningId": 0, "ParameterID": 5, "Value": 400.0805358886719}, {"ListeningId": 0, "ParameterID": 6, "Value": 399.2775573730469}, {"ListeningId": 0, "ParameterID": 7, "Value": 2.4189562797546387}, {"ListeningId": 0, "ParameterID": 8, "Value": 2.0920603275299072}, {"ListeningId": 0, "ParameterID": 9, "Value": 2.8483517169952393}, {"ListeningId": 0, "ParameterID": 17, "Value": 535.3735961914062}, {"ListeningId": 0, "ParameterID": 18, "Value": 483.71905517578125}, {"ListeningId": 0, "ParameterID": 19, "Value": 635.8246459960938}, {"ListeningId": 0, "ParameterID": 20, "Value": 1653.8369140625}, {"ListeningId": 0, "ParameterID": 21, "Value": 557.8922729492188}, {"ListeningId": 0, "ParameterID": 22, "Value": 486.2185363769531}, {"ListeningId": 0, "ParameterID": 23, "Value": 654.8886108398438}, {"ListeningId": 0, "ParameterID": 24, "Value": 1697.9779052734375}, {"ListeningId": 0, "ParameterID": 25, "Value": 156.7840118408203}, {"ListeningId": 0, "ParameterID": 26, "Value": 48.527809143066406}, {"ListeningId": 0, "ParameterID": 27, "Value": 160.7336883544922}, {"ListeningId": 0, "ParameterID": 28, "Value": 366.3558044433594}, {"ListeningId": 0, "ParameterID": 13, "Value": 0.9630120396614075}, {"ListeningId": 0, "ParameterID": 14, "Value": 1.0}, {"ListeningId": 0, "ParameterID": 15, "Value": 0.9658769965171814}, {"ListeningId": 0, "ParameterID": 16, "Value": 0.9762963652610779}, {"ListeningId": 0, "ParameterID": 10, "Value": 50.03242874145508}, {"ListeningId": 0, "ParameterID": 11, "Value": 50.03242874145508}, {"ListeningId": 0, "ParameterID": 12, "Value": 50.03242874145508}, {"ListeningId": 0, "ParameterID": 32, "Value": 6451.53515625}]}, {"ListeningId": 0, "MeterId": 3, "Timestamp": 1632425100, "listeningvalues": [{"ListeningId": 0, "ParameterID": 1, "Value": 230.57041931152344}, {"ListeningId": 0, "ParameterID": 2, "Value": 232.13217163085938}, {"ListeningId": 0, "ParameterID": 3, "Value": 230.050537109375}, {"ListeningId": 0, "ParameterID": 4, "Value": 400.6899719238281}, {"ListeningId": 0, "ParameterID": 5, "Value": 400.4817199707031}, {"ListeningId": 0, "ParameterID": 6, "Value": 398.59808349609375}, {"ListeningId": 0, "ParameterID": 7, "Value": 2.578188419342041}, {"ListeningId": 0, "ParameterID": 8, "Value": 2.1787548065185547}, {"ListeningId": 0, "ParameterID": 9, "Value": 2.965771436691284}, {"ListeningId": 0, "ParameterID": 17, "Value": 586.5913696289062}, {"ListeningId": 0, "ParameterID": 18, "Value": 505.75909423828125}, {"ListeningId": 0, "ParameterID": 19, "Value": 655.55517578125}, {"ListeningId": 0, "ParameterID": 20, "Value": 1747.9056396484375}, {"ListeningId": 0, "ParameterID": 21, "Value": 594.4539794921875}, {"ListeningId": 0, "ParameterID": 22, "Value": 505.75909423828125}, {"ListeningId": 0, "ParameterID": 23, "Value": 682.2772827148438}, {"ListeningId": 0, "ParameterID": 24, "Value": 1782.490478515625}, {"ListeningId": 0, "ParameterID": 25, "Value": 96.3643798828125}, {"ListeningId": 0, "ParameterID": 26, "Value": 0.0}, {"ListeningId": 0, "ParameterID": 27, "Value": 189.0758819580078}, {"ListeningId": 0, "ParameterID": 28, "Value": 285.44024658203125}, {"ListeningId": 0, "ParameterID": 13, "Value": 0.9867734313011169}, {"ListeningId": 0, "ParameterID": 14, "Value": 1.0}, {"ListeningId": 0, "ParameterID": 15, "Value": 0.9608339071273804}, {"ListeningId": 0, "ParameterID": 16, "Value": 0.9825358390808105}, {"ListeningId": 0, "ParameterID": 10, "Value": 49.996856689453125}, {"ListeningId": 0, "ParameterID": 11, "Value": 49.996856689453125}, {"ListeningId": 0, "ParameterID": 12, "Value": 49.996856689453125}, {"ListeningId": 0, "ParameterID": 32, "Value": 6453.3974609375}]}, {"ListeningId": 0, "MeterId": 4, "Timestamp": 1632425100, "listeningvalues": [{"ListeningId": 0, "ParameterID": 1, "Value": 231.0429229736328}, {"ListeningId": 0, "ParameterID": 2, "Value": 231.39114379882812}, {"ListeningId": 0, "ParameterID": 3, "Value": 230.95167541503906}, {"ListeningId": 0, "ParameterID": 4, "Value": 400.5504455566406}, {"ListeningId": 0, "ParameterID": 5, "Value": 400.2459716796875}, {"ListeningId": 0, "ParameterID": 6, "Value": 400.4730529785156}, {"ListeningId": 0, "ParameterID": 7, "Value": 2.265021800994873}, {"ListeningId": 0, "ParameterID": 8, "Value": 2.1389496326446533}, {"ListeningId": 0, "ParameterID": 9, "Value": 3.0045478343963623}, {"ListeningId": 0, "ParameterID": 17, "Value": 513.3095092773438}, {"ListeningId": 0, "ParameterID": 18, "Value": 494.984375}, {"ListeningId": 0, "ParameterID": 19, "Value": 654.43310546875}, {"ListeningId": 0, "ParameterID": 20, "Value": 1664.59765625}, {"ListeningId": 0, "ParameterID": 21, "Value": 523.1503295898438}, {"ListeningId": 0, "ParameterID": 22, "Value": 495.4501953125}, {"ListeningId": 0, "ParameterID": 23, "Value": 693.515869140625}, {"ListeningId": 0, "ParameterID": 24, "Value": 1713.310791015625}, {"ListeningId": 0, "ParameterID": 25, "Value": 100.08856964111328}, {"ListeningId": 0, "ParameterID": 26, "Value": 0.0}, {"ListeningId": 0, "ParameterID": 27, "Value": 229.34934997558594}, {"ListeningId": 0, "ParameterID": 28, "Value": 329.84051513671875}, {"ListeningId": 0, "ParameterID": 13, "Value": 0.9810683727264404}, {"ListeningId": 0, "ParameterID": 14, "Value": 1.0}, {"ListeningId": 0, "ParameterID": 15, "Value": 0.9718242287635803}, {"ListeningId": 0, "ParameterID": 16, "Value": 0.984297513961792}, {"ListeningId": 0, "ParameterID": 10, "Value": 49.996856689453125}, {"ListeningId": 0, "ParameterID": 11, "Value": 49.996856689453125}, {"ListeningId": 0, "ParameterID": 12, "Value": 49.996856689453125}, {"ListeningId": 0, "ParameterID": 32, "Value": 6452.44970703125}]}, {"ListeningId": 0, "MeterId": 5, "Timestamp": 1632425100, "listeningvalues": [{"ListeningId": 0, "ParameterID": 1, "Value": 230.6894989013672}, {"ListeningId": 0, "ParameterID": 2, "Value": 231.8115234375}, {"ListeningId": 0, "ParameterID": 3, "Value": 230.5292205810547}, {"ListeningId": 0, "ParameterID": 4, "Value": 400.2126770019531}, {"ListeningId": 0, "ParameterID": 5, "Value": 400.67425537109375}, {"ListeningId": 0, "ParameterID": 6, "Value": 399.3105773925781}, {"ListeningId": 0, "ParameterID": 7, "Value": 2.5782628059387207}, {"ListeningId": 0, "ParameterID": 8, "Value": 2.127272605895996}, {"ListeningId": 0, "ParameterID": 9, "Value": 2.81722354888916}, {"ListeningId": 0, "ParameterID": 17, "Value": 579.4708251953125}, {"ListeningId": 0, "ParameterID": 18, "Value": 493.65777587890625}, {"ListeningId": 0, "ParameterID": 19, "Value": 623.5092163085938}, {"ListeningId": 0, "ParameterID": 20, "Value": 1694.7762451171875}, {"ListeningId": 0, "ParameterID": 21, "Value": 593.9325561523438}, {"ListeningId": 0, "ParameterID": 22, "Value": 493.5408630371094}, {"ListeningId": 0, "ParameterID": 23, "Value": 648.6478271484375}, {"ListeningId": 0, "ParameterID": 24, "Value": 1737.2481689453125}, {"ListeningId": 0, "ParameterID": 25, "Value": 129.923828125}, {"ListeningId": 0, "ParameterID": 26, "Value": 0.0}, {"ListeningId": 0, "ParameterID": 27, "Value": 179.1999969482422}, {"ListeningId": 0, "ParameterID": 28, "Value": 308.9610595703125}, {"ListeningId": 0, "ParameterID": 13, "Value": 0.980796754360199}, {"ListeningId": 0, "ParameterID": 14, "Value": 0.9959506988525391}, {"ListeningId": 0, "ParameterID": 15, "Value": 0.9664888978004456}, {"ListeningId": 0, "ParameterID": 16, "Value": 0.9810788035392761}, {"ListeningId": 0, "ParameterID": 10, "Value": 49.996856689453125}, {"ListeningId": 0, "ParameterID": 11, "Value": 49.996856689453125}, {"ListeningId": 0, "ParameterID": 12, "Value": 49.996856689453125}, {"ListeningId": 0, "ParameterID": 32, "Value": 6449.9599609375}]}, {"ListeningId": 0, "MeterId": 6, "Timestamp": 1632425100, "listeningvalues": [{"ListeningId": 0, "ParameterID": 1, "Value": 230.86874389648438}, {"ListeningId": 0, "ParameterID": 2, "Value": 232.208984375}, {"ListeningId": 0, "ParameterID": 3, "Value": 231.13099670410156}, {"ListeningId": 0, "ParameterID": 4, "Value": 401.1061096191406}, {"ListeningId": 0, "ParameterID": 5, "Value": 401.5657958984375}, {"ListeningId": 0, "ParameterID": 6, "Value": 400.0399169921875}, {"ListeningId": 0, "ParameterID": 7, "Value": 2.3570139408111572}, {"ListeningId": 0, "ParameterID": 8, "Value": 1.7386246919631958}, {"ListeningId": 0, "ParameterID": 9, "Value": 2.712031602859497}, {"ListeningId": 0, "ParameterID": 17, "Value": 526.6867065429688}, {"ListeningId": 0, "ParameterID": 18, "Value": 403.5791015625}, {"ListeningId": 0, "ParameterID": 19, "Value": 613.2982177734375}, {"ListeningId": 0, "ParameterID": 20, "Value": 1543.8382568359375}, {"ListeningId": 0, "ParameterID": 21, "Value": 544.8049926757812}, {"ListeningId": 0, "ParameterID": 22, "Value": 403.5602111816406}, {"ListeningId": 0, "ParameterID": 23, "Value": 626.685791015625}, {"ListeningId": 0, "ParameterID": 24, "Value": 1575.036865234375}, {"ListeningId": 0, "ParameterID": 25, "Value": 141.48280334472656}, {"ListeningId": 0, "ParameterID": 26, "Value": 0.0}, {"ListeningId": 0, "ParameterID": 27, "Value": 128.5378875732422}, {"ListeningId": 0, "ParameterID": 28, "Value": 269.7862243652344}, {"ListeningId": 0, "ParameterID": 13, "Value": 0.9745039343833923}, {"ListeningId": 0, "ParameterID": 14, "Value": 1.0}, {"ListeningId": 0, "ParameterID": 15, "Value": 0.9700213670730591}, {"ListeningId": 0, "ParameterID": 16, "Value": 0.9815084338188171}, {"ListeningId": 0, "ParameterID": 10, "Value": 49.996856689453125}, {"ListeningId": 0, "ParameterID": 11, "Value": 49.996856689453125}, {"ListeningId": 0, "ParameterID": 12, "Value": 49.996856689453125}, {"ListeningId": 0, "ParameterID": 32, "Value": 6451.47998046875}]}, {"ListeningId": 0, "MeterId": 7, "Timestamp": 1632425100, "listeningvalues": [{"ListeningId": 0, "ParameterID": 1, "Value": 230.2161407470703}, {"ListeningId": 0, "ParameterID": 2, "Value": 232.01791381835938}, {"ListeningId": 0, "ParameterID": 3, "Value": 230.85438537597656}, {"ListeningId": 0, "ParameterID": 4, "Value": 400.57879638671875}, {"ListeningId": 0, "ParameterID": 5, "Value": 400.5474548339844}, {"ListeningId": 0, "ParameterID": 6, "Value": 399.7309875488281}, {"ListeningId": 0, "ParameterID": 7, "Value": 2.5539779663085938}, {"ListeningId": 0, "ParameterID": 8, "Value": 1.9104753732681274}, {"ListeningId": 0, "ParameterID": 9, "Value": 2.6468982696533203}, {"ListeningId": 0, "ParameterID": 17, "Value": 565.7158203125}, {"ListeningId": 0, "ParameterID": 18, "Value": 443.1451110839844}, {"ListeningId": 0, "ParameterID": 19, "Value": 601.16357421875}, {"ListeningId": 0, "ParameterID": 20, "Value": 1609.1998291015625}, {"ListeningId": 0, "ParameterID": 21, "Value": 588.3970336914062}, {"ListeningId": 0, "ParameterID": 22, "Value": 442.8854675292969}, {"ListeningId": 0, "ParameterID": 23, "Value": 611.722900390625}, {"ListeningId": 0, "ParameterID": 24, "Value": 1644.312255859375}, {"ListeningId": 0, "ParameterID": 25, "Value": 162.39308166503906}, {"ListeningId": 0, "ParameterID": 26, "Value": 0.0}, {"ListeningId": 0, "ParameterID": 27, "Value": 111.5760498046875}, {"ListeningId": 0, "ParameterID": 28, "Value": 274.1325988769531}, {"ListeningId": 0, "ParameterID": 13, "Value": 0.9845278859138489}, {"ListeningId": 0, "ParameterID": 14, "Value": 1.0}, {"ListeningId": 0, "ParameterID": 15, "Value": 0.9737712740898132}, {"ListeningId": 0, "ParameterID": 16, "Value": 0.9860997200012207}, {"ListeningId": 0, "ParameterID": 10, "Value": 49.996856689453125}, {"ListeningId": 0, "ParameterID": 11, "Value": 49.996856689453125}, {"ListeningId": 0, "ParameterID": 12, "Value": 49.996856689453125}, {"ListeningId": 0, "ParameterID": 32, "Value": 6454.298828125}]}, {"ListeningId": 0, "MeterId": 8, "Timestamp": 1632425100, "listeningvalues": [{"ListeningId": 0, "ParameterID": 1, "Value": 231.55540466308594}, {"ListeningId": 0, "ParameterID": 2, "Value": 232.64695739746094}, {"ListeningId": 0, "ParameterID": 3, "Value": 230.48097229003906}, {"ListeningId": 0, "ParameterID": 4, "Value": 401.7195739746094}, {"ListeningId": 0, "ParameterID": 5, "Value": 401.3081970214844}, {"ListeningId": 0, "ParameterID": 6, "Value": 399.7940673828125}, {"ListeningId": 0, "ParameterID": 7, "Value": 2.6585350036621094}, {"ListeningId": 0, "ParameterID": 8, "Value": 1.844994068145752}, {"ListeningId": 0, "ParameterID": 9, "Value": 3.0801453590393066}, {"ListeningId": 0, "ParameterID": 17, "Value": 606.0735473632812}, {"ListeningId": 0, "ParameterID": 18, "Value": 429.2322692871094}, {"ListeningId": 0, "ParameterID": 19, "Value": 691.2947387695312}, {"ListeningId": 0, "ParameterID": 20, "Value": 1726.6005859375}, {"ListeningId": 0, "ParameterID": 21, "Value": 615.59814453125}, {"ListeningId": 0, "ParameterID": 22, "Value": 429.2322692871094}, {"ListeningId": 0, "ParameterID": 23, "Value": 709.9149169921875}, {"ListeningId": 0, "ParameterID": 24, "Value": 1754.745361328125}, {"ListeningId": 0, "ParameterID": 25, "Value": 107.86985778808594}, {"ListeningId": 0, "ParameterID": 26, "Value": 0.0}, {"ListeningId": 0, "ParameterID": 27, "Value": 161.5264129638672}, {"ListeningId": 0, "ParameterID": 28, "Value": 269.3962707519531}, {"ListeningId": 0, "ParameterID": 13, "Value": 0.9845278859138489}, {"ListeningId": 0, "ParameterID": 14, "Value": 1.0}, {"ListeningId": 0, "ParameterID": 15, "Value": 0.9737712740898132}, {"ListeningId": 0, "ParameterID": 16, "Value": 0.9860997200012207}, {"ListeningId": 0, "ParameterID": 10, "Value": 50.09723663330078}, {"ListeningId": 0, "ParameterID": 11, "Value": 50.09723663330078}, {"ListeningId": 0, "ParameterID": 12, "Value": 50.09723663330078}, {"ListeningId": 0, "ParameterID": 32, "Value": 6454.7724609375}]}, {"ListeningId": 0, "MeterId": 9, "Timestamp": 1632425100, "listeningvalues": [{"ListeningId": 0, "ParameterID": 1, "Value": 231.21937561035156}, {"ListeningId": 0, "ParameterID": 2, "Value": 231.70901489257812}, {"ListeningId": 0, "ParameterID": 3, "Value": 229.60833740234375}, {"ListeningId": 0, "ParameterID": 4, "Value": 401.0570983886719}, {"ListeningId": 0, "ParameterID": 5, "Value": 399.5101013183594}, {"ListeningId": 0, "ParameterID": 6, "Value": 399.73773193359375}, {"ListeningId": 0, "ParameterID": 7, "Value": 2.3864123821258545}, {"ListeningId": 0, "ParameterID": 8, "Value": 1.8555305004119873}, {"ListeningId": 0, "ParameterID": 9, "Value": 3.054046630859375}, {"ListeningId": 0, "ParameterID": 17, "Value": 536.7606201171875}, {"ListeningId": 0, "ParameterID": 18, "Value": 429.2303466796875}, {"ListeningId": 0, "ParameterID": 19, "Value": 685.29052734375}, {"ListeningId": 0, "ParameterID": 20, "Value": 1650.0614013671875}, {"ListeningId": 0, "ParameterID": 21, "Value": 552.3609619140625}, {"ListeningId": 0, "ParameterID": 22, "Value": 429.21514892578125}, {"ListeningId": 0, "ParameterID": 23, "Value": 701.4215087890625}, {"ListeningId": 0, "ParameterID": 24, "Value": 1682.990234375}, {"ListeningId": 0, "ParameterID": 25, "Value": 129.2713623046875}, {"ListeningId": 0, "ParameterID": 26, "Value": 0.0}, {"ListeningId": 0, "ParameterID": 27, "Value": 148.07933044433594}, {"ListeningId": 0, "ParameterID": 28, "Value": 277.3790588378906}, {"ListeningId": 0, "ParameterID": 13, "Value": 0.9795845746994019}, {"ListeningId": 0, "ParameterID": 14, "Value": 1.0}, {"ListeningId": 0, "ParameterID": 15, "Value": 0.9571580290794373}, {"ListeningId": 0, "ParameterID": 16, "Value": 0.978914201259613}, {"ListeningId": 0, "ParameterID": 10, "Value": 50.09723663330078}, {"ListeningId": 0, "ParameterID": 11, "Value": 50.09723663330078}, {"ListeningId": 0, "ParameterID": 12, "Value": 50.09723663330078}, {"ListeningId": 0, "ParameterID": 32, "Value": 6457.7744140625}]}, {"ListeningId": 0, "MeterId": 10, "Timestamp": 1632425100, "listeningvalues": [{"ListeningId": 0, "ParameterID": 1, "Value": 231.3406219482422}, {"ListeningId": 0, "ParameterID": 2, "Value": 231.12802124023438}, {"ListeningId": 0, "ParameterID": 3, "Value": 231.2729949951172}, {"ListeningId": 0, "ParameterID": 4, "Value": 400.2060241699219}, {"ListeningId": 0, "ParameterID": 5, "Value": 400.36883544921875}, {"ListeningId": 0, "ParameterID": 6, "Value": 400.0600891113281}, {"ListeningId": 0, "ParameterID": 7, "Value": 2.5170605182647705}, {"ListeningId": 0, "ParameterID": 8, "Value": 2.1839253902435303}, {"ListeningId": 0, "ParameterID": 9, "Value": 2.7084667682647705}, {"ListeningId": 0, "ParameterID": 17, "Value": 579.8848266601562}, {"ListeningId": 0, "ParameterID": 18, "Value": 502.6103515625}, {"ListeningId": 0, "ParameterID": 19, "Value": 612.881591796875}, {"ListeningId": 0, "ParameterID": 20, "Value": 1694.06396484375}, {"ListeningId": 0, "ParameterID": 21, "Value": 582.4205932617188}, {"ListeningId": 0, "ParameterID": 22, "Value": 505.57958984375}, {"ListeningId": 0, "ParameterID": 23, "Value": 626.3651123046875}, {"ListeningId": 0, "ParameterID": 24, "Value": 1714.1171875}, {"ListeningId": 0, "ParameterID": 25, "Value": 57.902427673339844}, {"ListeningId": 0, "ParameterID": 26, "Value": 50.96292495727539}, {"ListeningId": 0, "ParameterID": 27, "Value": 133.24156188964844}, {"ListeningId": 0, "ParameterID": 28, "Value": 242.2467498779297}, {"ListeningId": 0, "ParameterID": 13, "Value": 0.9816103577613831}, {"ListeningId": 0, "ParameterID": 14, "Value": 1.0}, {"ListeningId": 0, "ParameterID": 15, "Value": 0.967414379119873}, {"ListeningId": 0, "ParameterID": 16, "Value": 0.9830082058906555}, {"ListeningId": 0, "ParameterID": 10, "Value": 50.09723663330078}, {"ListeningId": 0, "ParameterID": 11, "Value": 50.09723663330078}, {"ListeningId": 0, "ParameterID": 12, "Value": 50.09723663330078}, {"ListeningId": 0, "ParameterID": 32, "Value": 8035.3603515625}]}, {"ListeningId": 0, "MeterId": 11, "Timestamp": 1632425100, "listeningvalues": [{"ListeningId": 0, "ParameterID": 1, "Value": 230.4895782470703}, {"ListeningId": 0, "ParameterID": 2, "Value": 232.7968292236328}, {"ListeningId": 0, "ParameterID": 3, "Value": 231.37269592285156}, {"ListeningId": 0, "ParameterID": 4, "Value": 401.04473876953125}, {"ListeningId": 0, "ParameterID": 5, "Value": 401.64495849609375}, {"ListeningId": 0, "ParameterID": 6, "Value": 399.7871398925781}, {"ListeningId": 0, "ParameterID": 7, "Value": 2.716695547103882}, {"ListeningId": 0, "ParameterID": 8, "Value": 1.923200249671936}, {"ListeningId": 0, "ParameterID": 9, "Value": 2.9783341884613037}, {"ListeningId": 0, "ParameterID": 17, "Value": 602.0921020507812}, {"ListeningId": 0, "ParameterID": 18, "Value": 445.29290771484375}, {"ListeningId": 0, "ParameterID": 19, "Value": 666.8656616210938}, {"ListeningId": 0, "ParameterID": 20, "Value": 1715.8565673828125}, {"ListeningId": 0, "ParameterID": 21, "Value": 626.0906982421875}, {"ListeningId": 0, "ParameterID": 22, "Value": 447.4320373535156}, {"ListeningId": 0, "ParameterID": 23, "Value": 689.0482177734375}, {"ListeningId": 0, "ParameterID": 24, "Value": 1760.9449462890625}, {"ListeningId": 0, "ParameterID": 25, "Value": 169.88143920898438}, {"ListeningId": 0, "ParameterID": 26, "Value": 49.60721969604492}, {"ListeningId": 0, "ParameterID": 27, "Value": 171.15478515625}, {"ListeningId": 0, "ParameterID": 28, "Value": 390.4549255371094}, {"ListeningId": 0, "ParameterID": 13, "Value": 0.9586400389671326}, {"ListeningId": 0, "ParameterID": 14, "Value": 0.996341347694397}, {"ListeningId": 0, "ParameterID": 15, "Value": 0.9773708581924438}, {"ListeningId": 0, "ParameterID": 16, "Value": 0.9774506688117981}, {"ListeningId": 0, "ParameterID": 10, "Value": 50.09723663330078}, {"ListeningId": 0, "ParameterID": 11, "Value": 50.09723663330078}, {"ListeningId": 0, "ParameterID": 12, "Value": 50.09723663330078}, {"ListeningId": 0, "ParameterID": 32, "Value": 6447.3515625}]}, {"ListeningId": 0, "MeterId": 12, "Timestamp": 1632425100, "listeningvalues": [{"ListeningId": 0, "ParameterID": 1, "Value": 230.55648803710938}, {"ListeningId": 0, "ParameterID": 2, "Value": 231.7301483154297}, {"ListeningId": 0, "ParameterID": 3, "Value": 230.6508026123047}, {"ListeningId": 0, "ParameterID": 4, "Value": 400.46893310546875}, {"ListeningId": 0, "ParameterID": 5, "Value": 400.1471252441406}, {"ListeningId": 0, "ParameterID": 6, "Value": 399.1701965332031}, {"ListeningId": 0, "ParameterID": 7, "Value": 2.589966058731079}, {"ListeningId": 0, "ParameterID": 8, "Value": 1.7974820137023926}, {"ListeningId": 0, "ParameterID": 9, "Value": 2.9455552101135254}, {"ListeningId": 0, "ParameterID": 17, "Value": 585.9338989257812}, {"ListeningId": 0, "ParameterID": 18, "Value": 416.5414733886719}, {"ListeningId": 0, "ParameterID": 19, "Value": 664.094482421875}, {"ListeningId": 0, "ParameterID": 20, "Value": 1668.3062744140625}, {"ListeningId": 0, "ParameterID": 21, "Value": 595.72998046875}, {"ListeningId": 0, "ParameterID": 22, "Value": 416.6688537597656}, {"ListeningId": 0, "ParameterID": 23, "Value": 678.8560791015625}, {"ListeningId": 0, "ParameterID": 24, "Value": 1691.6015625}, {"ListeningId": 0, "ParameterID": 25, "Value": 109.94041442871094}, {"ListeningId": 0, "ParameterID": 26, "Value": 0.0}, {"ListeningId": 0, "ParameterID": 27, "Value": 140.63198852539062}, {"ListeningId": 0, "ParameterID": 28, "Value": 250.88319396972656}, {"ListeningId": 0, "ParameterID": 13, "Value": 0.9875827431678772}, {"ListeningId": 0, "ParameterID": 14, "Value": 0.996237576007843}, {"ListeningId": 0, "ParameterID": 15, "Value": 0.9657305479049683}, {"ListeningId": 0, "ParameterID": 16, "Value": 0.9831836223602295}, {"ListeningId": 0, "ParameterID": 10, "Value": 50.09723663330078}, {"ListeningId": 0, "ParameterID": 11, "Value": 50.09723663330078}, {"ListeningId": 0, "ParameterID": 12, "Value": 50.09723663330078}, {"ListeningId": 0, "ParameterID": 32, "Value": 6447.4140625}]}]