[{"ListeningId": 0, "MeterId": 1, "Timestamp": 1632424440, "listeningvalues": [{"ListeningId": 0, "ParameterID": 1, "Value": 231.56198120117188}, {"ListeningId": 0, "ParameterID": 2, "Value": 231.2606964111328}, {"ListeningId": 0, "ParameterID": 3, "Value": 231.09573364257812}, {"ListeningId": 0, "ParameterID": 4, "Value": 400.61724853515625}, {"ListeningId": 0, "ParameterID": 5, "Value": 400.8119201660156}, {"ListeningId": 0, "ParameterID": 6, "Value": 400.89483642578125}, {"ListeningId": 0, "ParameterID": 7, "Value": 2.4863064289093018}, {"ListeningId": 0, "ParameterID": 8, "Value": 1.9879635572433472}, {"ListeningId": 0, "ParameterID": 9, "Value": 3.0096945762634277}, {"ListeningId": 0, "ParameterID": 17, "Value": 561.8517456054688}, {"ListeningId": 0, "ParameterID": 18, "Value": 455.4501037597656}, {"ListeningId": 0, "ParameterID": 19, "Value": 687.694091796875}, {"ListeningId": 0, "ParameterID": 20, "Value": 1704.9959716796875}, {"ListeningId": 0, "ParameterID": 21, "Value": 575.7340698242188}, {"ListeningId": 0, "ParameterID": 22, "Value": 459.7378234863281}, {"ListeningId": 0, "ParameterID": 23, "Value": 695.527587890625}, {"ListeningId": 0, "ParameterID": 24, "Value": 1730.99951171875}, {"ListeningId": 0, "ParameterID": 25, "Value": 125.66759490966797}, {"ListeningId": 0, "ParameterID": 26, "Value": 62.642337799072266}, {"ListeningId": 0, "ParameterID": 27, "Value": 104.09355926513672}, {"ListeningId": 0, "ParameterID": 28, "Value": 292.40350341796875}, {"ListeningId": 0, "ParameterID": 13, "Value": 0.9755091667175293}, {"ListeningId": 0, "ParameterID": 14, "Value": 0.9931759834289551}, {"ListeningId": 0, "ParameterID": 15, "Value": 0.9406317472457886}, {"ListeningId": 0, "ParameterID": 16, "Value": 0.9697723388671875}, {"ListeningId": 0, "ParameterID": 10, "Value": 50.17251205444336}, {"ListeningId": 0, "ParameterID": 11, "Value": 50.17251205444336}, {"ListeningId": 0, "ParameterID": 12, "Value": 50.17251205444336}, {"ListeningId": 0, "ParameterID": 32, "Value": 6144.20556640625}]}, {"ListeningId": 0, "MeterId": 2, "Timestamp": 1632424440, "listeningvalues": [{"ListeningId": 0, "ParameterID": 1, "Value": 230.37550354003906}, {"ListeningId": 0, "ParameterID": 2, "Value": 232.3082275390625}, {"ListeningId": 0, "ParameterID": 3, "Value": 230.72500610351562}, {"ListeningId": 0, "ParameterID": 4, "Value": 400.49102783203125}, {"ListeningId": 0, "ParameterID": 5, "Value": 400.6635437011719}, {"ListeningId": 0, "ParameterID": 6, "Value": 399.2838134765625}, {"ListeningId": 0, "ParameterID": 7, "Value": 2.6197845935821533}, {"ListeningId": 0, "ParameterID": 8, "Value": 1.7907788753509521}, {"ListeningId": 0, "ParameterID": 9, "Value": 2.6926653385162354}, {"ListeningId": 0, "ParameterID": 17, "Value": 595.7503662109375}, {"ListeningId": 0, "ParameterID": 18, "Value": 416.0126647949219}, {"ListeningId": 0, "ParameterID": 19, "Value": 597.2587890625}, {"ListeningId": 0, "ParameterID": 20, "Value": 1609.0218505859375}, {"ListeningId": 0, "ParameterID": 21, "Value": 603.5341796875}, {"ListeningId": 0, "ParameterID": 22, "Value": 416.0126647949219}, {"ListeningId": 0, "ParameterID": 23, "Value": 621.2651977539062}, {"ListeningId": 0, "ParameterID": 24, "Value": 1640.81201171875}, {"ListeningId": 0, "ParameterID": 25, "Value": 96.61780548095703}, {"ListeningId": 0, "ParameterID": 26, "Value": 0.0}, {"ListeningId": 0, "ParameterID": 27, "Value": 171.03326416015625}, {"ListeningId": 0, "ParameterID": 28, "Value": 267.65106201171875}, {"ListeningId": 0, "ParameterID": 13, "Value": 0.9871029853820801}, {"ListeningId": 0, "ParameterID": 14, "Value": 1.0}, {"ListeningId": 0, "ParameterID": 15, "Value": 0.9613588452339172}, {"ListeningId": 0, "ParameterID": 16, "Value": 0.9828205704689026}, {"ListeningId": 0, "ParameterID": 10, "Value": 50.081905364990234}, {"ListeningId": 0, "ParameterID": 11, "Value": 50.081905364990234}, {"ListeningId": 0, "ParameterID": 12, "Value": 50.081905364990234}, {"ListeningId": 0, "ParameterID": 32, "Value": 6150.3564453125}]}, {"ListeningId": 0, "MeterId": 3, "Timestamp": 1632424440, "listeningvalues": [{"ListeningId": 0, "ParameterID": 1, "Value": 231.48240661621094}, {"ListeningId": 0, "ParameterID": 2, "Value": 232.0413818359375}, {"ListeningId": 0, "ParameterID": 3, "Value": 229.74661254882812}, {"ListeningId": 0, "ParameterID": 4, "Value": 401.57550048828125}, {"ListeningId": 0, "ParameterID": 5, "Value": 400.1746826171875}, {"ListeningId": 0, "ParameterID": 6, "Value": 399.3767395019531}, {"ListeningId": 0, "ParameterID": 7, "Value": 2.2900428771972656}, {"ListeningId": 0, "ParameterID": 8, "Value": 2.1136093139648438}, {"ListeningId": 0, "ParameterID": 9, "Value": 2.7711727619171143}, {"ListeningId": 0, "ParameterID": 17, "Value": 519.512451171875}, {"ListeningId": 0, "ParameterID": 18, "Value": 490.732177734375}, {"ListeningId": 0, "ParameterID": 19, "Value": 602.0028686523438}, {"ListeningId": 0, "ParameterID": 20, "Value": 1612.1986083984375}, {"ListeningId": 0, "ParameterID": 21, "Value": 530.205810546875}, {"ListeningId": 0, "ParameterID": 22, "Value": 490.38525390625}, {"ListeningId": 0, "ParameterID": 23, "Value": 636.8264770507812}, {"ListeningId": 0, "ParameterID": 24, "Value": 1659.826171875}, {"ListeningId": 0, "ParameterID": 25, "Value": 109.68981170654297}, {"ListeningId": 0, "ParameterID": 26, "Value": 0.0}, {"ListeningId": 0, "ParameterID": 27, "Value": 209.30450439453125}, {"ListeningId": 0, "ParameterID": 28, "Value": 318.6597900390625}, {"ListeningId": 0, "ParameterID": 13, "Value": 0.9635009765625}, {"ListeningId": 0, "ParameterID": 14, "Value": 0.9874227643013}, {"ListeningId": 0, "ParameterID": 15, "Value": 0.9575433135032654}, {"ListeningId": 0, "ParameterID": 16, "Value": 0.9694890379905701}, {"ListeningId": 0, "ParameterID": 10, "Value": 50.081905364990234}, {"ListeningId": 0, "ParameterID": 11, "Value": 50.081905364990234}, {"ListeningId": 0, "ParameterID": 12, "Value": 50.081905364990234}, {"ListeningId": 0, "ParameterID": 32, "Value": 6151.79736328125}]}, {"ListeningId": 0, "MeterId": 4, "Timestamp": 1632424440, "listeningvalues": [{"ListeningId": 0, "ParameterID": 1, "Value": 230.97012329101562}, {"ListeningId": 0, "ParameterID": 2, "Value": 231.62477111816406}, {"ListeningId": 0, "ParameterID": 3, "Value": 230.37818908691406}, {"ListeningId": 0, "ParameterID": 4, "Value": 400.80926513671875}, {"ListeningId": 0, "ParameterID": 5, "Value": 400.1582946777344}, {"ListeningId": 0, "ParameterID": 6, "Value": 399.89276123046875}, {"ListeningId": 0, "ParameterID": 7, "Value": 2.321359634399414}, {"ListeningId": 0, "ParameterID": 8, "Value": 2.068148612976074}, {"ListeningId": 0, "ParameterID": 9, "Value": 2.818027973175049}, {"ListeningId": 0, "ParameterID": 17, "Value": 517.8176879882812}, {"ListeningId": 0, "ParameterID": 18, "Value": 479.136474609375}, {"ListeningId": 0, "ParameterID": 19, "Value": 610.444091796875}, {"ListeningId": 0, "ParameterID": 20, "Value": 1607.8594970703125}, {"ListeningId": 0, "ParameterID": 21, "Value": 535.8389892578125}, {"ListeningId": 0, "ParameterID": 22, "Value": 479.5204772949219}, {"ListeningId": 0, "ParameterID": 23, "Value": 648.9697265625}, {"ListeningId": 0, "ParameterID": 24, "Value": 1664.4229736328125}, {"ListeningId": 0, "ParameterID": 25, "Value": 139.69044494628906}, {"ListeningId": 0, "ParameterID": 26, "Value": 0.0}, {"ListeningId": 0, "ParameterID": 27, "Value": 219.52224731445312}, {"ListeningId": 0, "ParameterID": 28, "Value": 359.12762451171875}, {"ListeningId": 0, "ParameterID": 13, "Value": 0.9698944687843323}, {"ListeningId": 0, "ParameterID": 14, "Value": 0.9944968223571777}, {"ListeningId": 0, "ParameterID": 15, "Value": 0.9801197648048401}, {"ListeningId": 0, "ParameterID": 16, "Value": 0.9815036654472351}, {"ListeningId": 0, "ParameterID": 10, "Value": 50.081905364990234}, {"ListeningId": 0, "ParameterID": 11, "Value": 50.081905364990234}, {"ListeningId": 0, "ParameterID": 12, "Value": 50.081905364990234}, {"ListeningId": 0, "ParameterID": 32, "Value": 6150.93310546875}]}, {"ListeningId": 0, "MeterId": 5, "Timestamp": 1632424440, "listeningvalues": [{"ListeningId": 0, "ParameterID": 1, "Value": 231.36546325683594}, {"ListeningId": 0, "ParameterID": 2, "Value": 231.51646423339844}, {"ListeningId": 0, "ParameterID": 3, "Value": 231.38320922851562}, {"ListeningId": 0, "ParameterID": 4, "Value": 400.9158020019531}, {"ListeningId": 0, "ParameterID": 5, "Value": 400.64447021484375}, {"ListeningId": 0, "ParameterID": 6, "Value": 400.5704650878906}, {"ListeningId": 0, "ParameterID": 7, "Value": 2.581693649291992}, {"ListeningId": 0, "ParameterID": 8, "Value": 1.7985093593597412}, {"ListeningId": 0, "ParameterID": 9, "Value": 3.035027503967285}, {"ListeningId": 0, "ParameterID": 17, "Value": 595.6110229492188}, {"ListeningId": 0, "ParameterID": 18, "Value": 413.2567443847656}, {"ListeningId": 0, "ParameterID": 19, "Value": 667.8242797851562}, {"ListeningId": 0, "ParameterID": 20, "Value": 1675.8057861328125}, {"ListeningId": 0, "ParameterID": 21, "Value": 597.5835571289062}, {"ListeningId": 0, "ParameterID": 22, "Value": 415.8757629394531}, {"ListeningId": 0, "ParameterID": 23, "Value": 702.2665405273438}, {"ListeningId": 0, "ParameterID": 24, "Value": 1715.8624267578125}, {"ListeningId": 0, "ParameterID": 25, "Value": 47.67288589477539}, {"ListeningId": 0, "ParameterID": 26, "Value": 44.548553466796875}, {"ListeningId": 0, "ParameterID": 27, "Value": 213.40879821777344}, {"ListeningId": 0, "ParameterID": 28, "Value": 305.3459777832031}, {"ListeningId": 0, "ParameterID": 13, "Value": 0.9849740862846375}, {"ListeningId": 0, "ParameterID": 14, "Value": 1.0}, {"ListeningId": 0, "ParameterID": 15, "Value": 0.9543610215187073}, {"ListeningId": 0, "ParameterID": 16, "Value": 0.9797783493995667}, {"ListeningId": 0, "ParameterID": 10, "Value": 50.081905364990234}, {"ListeningId": 0, "ParameterID": 11, "Value": 50.081905364990234}, {"ListeningId": 0, "ParameterID": 12, "Value": 50.081905364990234}, {"ListeningId": 0, "ParameterID": 32, "Value": 6148.427734375}]}, {"ListeningId": 0, "MeterId": 6, "Timestamp": 1632424440, "listeningvalues": [{"ListeningId": 0, "ParameterID": 1, "Value": 231.0491943359375}, {"ListeningId": 0, "ParameterID": 2, "Value": 231.40562438964844}, {"ListeningId": 0, "ParameterID": 3, "Value": 231.09613037109375}, {"ListeningId": 0, "ParameterID": 4, "Value": 400.4505615234375}, {"ListeningId": 0, "ParameterID": 5, "Value": 400.8551330566406}, {"ListeningId": 0, "ParameterID": 6, "Value": 400.3349914550781}, {"ListeningId": 0, "ParameterID": 7, "Value": 2.7073311805725098}, {"ListeningId": 0, "ParameterID": 8, "Value": 1.9597194194793701}, {"ListeningId": 0, "ParameterID": 9, "Value": 2.8674771785736084}, {"ListeningId": 0, "ParameterID": 17, "Value": 607.51025390625}, {"ListeningId": 0, "ParameterID": 18, "Value": 451.0582580566406}, {"ListeningId": 0, "ParameterID": 19, "Value": 653.912353515625}, {"ListeningId": 0, "ParameterID": 20, "Value": 1711.313232421875}, {"ListeningId": 0, "ParameterID": 21, "Value": 625.2393798828125}, {"ListeningId": 0, "ParameterID": 22, "Value": 454.04754638671875}, {"ListeningId": 0, "ParameterID": 23, "Value": 662.3515014648438}, {"ListeningId": 0, "ParameterID": 24, "Value": 1739.2564697265625}, {"ListeningId": 0, "ParameterID": 25, "Value": 149.17935180664062}, {"ListeningId": 0, "ParameterID": 26, "Value": 50.20576858520508}, {"ListeningId": 0, "ParameterID": 27, "Value": 99.50708770751953}, {"ListeningId": 0, "ParameterID": 28, "Value": 298.6990051269531}, {"ListeningId": 0, "ParameterID": 13, "Value": 0.9783424735069275}, {"ListeningId": 0, "ParameterID": 14, "Value": 1.0}, {"ListeningId": 0, "ParameterID": 15, "Value": 0.9502311944961548}, {"ListeningId": 0, "ParameterID": 16, "Value": 0.9761912226676941}, {"ListeningId": 0, "ParameterID": 10, "Value": 50.081905364990234}, {"ListeningId": 0, "ParameterID": 11, "Value": 50.081905364990234}, {"ListeningId": 0, "ParameterID": 12, "Value": 50.081905364990234}, {"ListeningId": 0, "ParameterID": 32, "Value": 6149.18701171875}]}, {"ListeningId": 0, "MeterId": 7, "Timestamp": 1632424440, "listeningvalues": [{"ListeningId": 0, "ParameterID": 1, "Value": 231.41122436523438}, {"ListeningId": 0, "ParameterID": 2, "Value": 231.82205200195312}, {"ListeningId": 0, "ParameterID": 3, "Value": 230.43191528320312}, {"ListeningId": 0, "ParameterID": 4, "Value": 401.4283142089844}, {"ListeningId": 0, "ParameterID": 5, "Value": 399.9766540527344}, {"ListeningId": 0, "ParameterID": 6, "Value": 400.3379821777344}, {"ListeningId": 0, "ParameterID": 7, "Value": 2.6717185974121094}, {"ListeningId": 0, "ParameterID": 8, "Value": 1.9554160833358765}, {"ListeningId": 0, "ParameterID": 9, "Value": 3.0636351108551025}, {"ListeningId": 0, "ParameterID": 17, "Value": 601.8287353515625}, {"ListeningId": 0, "ParameterID": 18, "Value": 453.3085632324219}, {"ListeningId": 0, "ParameterID": 19, "Value": 697.1874389648438}, {"ListeningId": 0, "ParameterID": 20, "Value": 1752.32470703125}, {"ListeningId": 0, "ParameterID": 21, "Value": 618.2656860351562}, {"ListeningId": 0, "ParameterID": 22, "Value": 453.3085632324219}, {"ListeningId": 0, "ParameterID": 23, "Value": 705.9592895507812}, {"ListeningId": 0, "ParameterID": 24, "Value": 1777.533447265625}, {"ListeningId": 0, "ParameterID": 25, "Value": 141.6144561767578}, {"ListeningId": 0, "ParameterID": 26, "Value": 0.0}, {"ListeningId": 0, "ParameterID": 27, "Value": 110.94241333007812}, {"ListeningId": 0, "ParameterID": 28, "Value": 252.55686950683594}, {"ListeningId": 0, "ParameterID": 13, "Value": 0.973414421081543}, {"ListeningId": 0, "ParameterID": 14, "Value": 1.0}, {"ListeningId": 0, "ParameterID": 15, "Value": 0.987574577331543}, {"ListeningId": 0, "ParameterID": 16, "Value": 0.9869963526725769}, {"ListeningId": 0, "ParameterID": 10, "Value": 50.13080978393555}, {"ListeningId": 0, "ParameterID": 11, "Value": 50.13080978393555}, {"ListeningId": 0, "ParameterID": 12, "Value": 50.13080978393555}, {"ListeningId": 0, "ParameterID": 32, "Value": 6152.4541015625}]}, {"ListeningId": 0, "MeterId": 8, "Timestamp": 1632424440, "listeningvalues": [{"ListeningId": 0, "ParameterID": 1, "Value": 231.23728942871094}, {"ListeningId": 0, "ParameterID": 2, "Value": 231.65562438964844}, {"ListeningId": 0, "ParameterID": 3, "Value": 230.57559204101562}, {"ListeningId": 0, "ParameterID": 4, "Value": 401.26031494140625}, {"ListeningId": 0, "ParameterID": 5, "Value": 399.9360046386719}, {"ListeningId": 0, "ParameterID": 6, "Value": 400.1549377441406}, {"ListeningId": 0, "ParameterID": 7, "Value": 2.670032024383545}, {"ListeningId": 0, "ParameterID": 8, "Value": 1.9537808895111084}, {"ListeningId": 0, "ParameterID": 9, "Value": 3.0611233711242676}, {"ListeningId": 0, "ParameterID": 17, "Value": 601.3964233398438}, {"ListeningId": 0, "ParameterID": 18, "Value": 452.9781494140625}, {"ListeningId": 0, "ParameterID": 19, "Value": 697.0093994140625}, {"ListeningId": 0, "ParameterID": 20, "Value": 1751.1661376953125}, {"ListeningId": 0, "ParameterID": 21, "Value": 618.6085205078125}, {"ListeningId": 0, "ParameterID": 22, "Value": 453.5788879394531}, {"ListeningId": 0, "ParameterID": 23, "Value": 706.606201171875}, {"ListeningId": 0, "ParameterID": 24, "Value": 1776.461669921875}, {"ListeningId": 0, "ParameterID": 25, "Value": 141.66592407226562}, {"ListeningId": 0, "ParameterID": 26, "Value": 0.0}, {"ListeningId": 0, "ParameterID": 27, "Value": 111.0402603149414}, {"ListeningId": 0, "ParameterID": 28, "Value": 252.4293975830078}, {"ListeningId": 0, "ParameterID": 13, "Value": 0.9678168296813965}, {"ListeningId": 0, "ParameterID": 14, "Value": 1.0}, {"ListeningId": 0, "ParameterID": 15, "Value": 0.971492350101471}, {"ListeningId": 0, "ParameterID": 16, "Value": 0.9797697067260742}, {"ListeningId": 0, "ParameterID": 10, "Value": 50.13080978393555}, {"ListeningId": 0, "ParameterID": 11, "Value": 50.13080978393555}, {"ListeningId": 0, "ParameterID": 12, "Value": 50.13080978393555}, {"ListeningId": 0, "ParameterID": 32, "Value": 6152.4541015625}]}, {"ListeningId": 0, "MeterId": 9, "Timestamp": 1632424440, "listeningvalues": [{"ListeningId": 0, "ParameterID": 1, "Value": 231.6935577392578}, {"ListeningId": 0, "ParameterID": 2, "Value": 232.51138305664062}, {"ListeningId": 0, "ParameterID": 3, "Value": 230.02145385742188}, {"ListeningId": 0, "ParameterID": 4, "Value": 402.050537109375}, {"ListeningId": 0, "ParameterID": 5, "Value": 400.8429870605469}, {"ListeningId": 0, "ParameterID": 6, "Value": 399.8369140625}, {"ListeningId": 0, "ParameterID": 7, "Value": 2.4045801162719727}, {"ListeningId": 0, "ParameterID": 8, "Value": 1.7657006978988647}, {"ListeningId": 0, "ParameterID": 9, "Value": 3.0331692695617676}, {"ListeningId": 0, "ParameterID": 17, "Value": 536.5001831054688}, {"ListeningId": 0, "ParameterID": 18, "Value": 410.9035339355469}, {"ListeningId": 0, "ParameterID": 19, "Value": 682.4034423828125}, {"ListeningId": 0, "ParameterID": 20, "Value": 1630.5733642578125}, {"ListeningId": 0, "ParameterID": 21, "Value": 556.6067504882812}, {"ListeningId": 0, "ParameterID": 22, "Value": 410.9744567871094}, {"ListeningId": 0, "ParameterID": 23, "Value": 697.8466186523438}, {"ListeningId": 0, "ParameterID": 24, "Value": 1665.1571044921875}, {"ListeningId": 0, "ParameterID": 25, "Value": 150.06224060058594}, {"ListeningId": 0, "ParameterID": 26, "Value": 0.0}, {"ListeningId": 0, "ParameterID": 27, "Value": 143.73895263671875}, {"ListeningId": 0, "ParameterID": 28, "Value": 293.9264221191406}, {"ListeningId": 0, "ParameterID": 13, "Value": 0.9878860712051392}, {"ListeningId": 0, "ParameterID": 14, "Value": 1.0}, {"ListeningId": 0, "ParameterID": 15, "Value": 0.9543724656105042}, {"ListeningId": 0, "ParameterID": 16, "Value": 0.9807528853416443}, {"ListeningId": 0, "ParameterID": 10, "Value": 50.13080978393555}, {"ListeningId": 0, "ParameterID": 11, "Value": 50.13080978393555}, {"ListeningId": 0, "ParameterID": 12, "Value": 50.13080978393555}, {"ListeningId": 0, "ParameterID": 32, "Value": 6156.01123046875}]}, {"ListeningId": 0, "MeterId": 10, "Timestamp": 1632424440, "listeningvalues": [{"ListeningId": 0, "ParameterID": 1, "Value": 231.498046875}, {"ListeningId": 0, "ParameterID": 2, "Value": 232.6242218017578}, {"ListeningId": 0, "ParameterID": 3, "Value": 231.23829650878906}, {"ListeningId": 0, "ParameterID": 4, "Value": 401.43011474609375}, {"ListeningId": 0, "ParameterID": 5, "Value": 401.931884765625}, {"ListeningId": 0, "ParameterID": 6, "Value": 400.7500305175781}, {"ListeningId": 0, "ParameterID": 7, "Value": 2.461038827896118}, {"ListeningId": 0, "ParameterID": 8, "Value": 1.7415406703948975}, {"ListeningId": 0, "ParameterID": 9, "Value": 2.7163422107696533}, {"ListeningId": 0, "ParameterID": 17, "Value": 555.0994873046875}, {"ListeningId": 0, "ParameterID": 18, "Value": 402.6424560546875}, {"ListeningId": 0, "ParameterID": 19, "Value": 602.3516235351562}, {"ListeningId": 0, "ParameterID": 20, "Value": 1559.072265625}, {"ListeningId": 0, "ParameterID": 21, "Value": 569.9673461914062}, {"ListeningId": 0, "ParameterID": 22, "Value": 404.6789855957031}, {"ListeningId": 0, "ParameterID": 23, "Value": 628.4027709960938}, {"ListeningId": 0, "ParameterID": 24, "Value": 1601.4068603515625}, {"ListeningId": 0, "ParameterID": 25, "Value": 128.14285278320312}, {"ListeningId": 0, "ParameterID": 26, "Value": 40.45074462890625}, {"ListeningId": 0, "ParameterID": 27, "Value": 177.8199462890625}, {"ListeningId": 0, "ParameterID": 28, "Value": 346.25048828125}, {"ListeningId": 0, "ParameterID": 13, "Value": 0.9682800769805908}, {"ListeningId": 0, "ParameterID": 14, "Value": 1.0}, {"ListeningId": 0, "ParameterID": 15, "Value": 0.9465125799179077}, {"ListeningId": 0, "ParameterID": 16, "Value": 0.9715974926948547}, {"ListeningId": 0, "ParameterID": 10, "Value": 50.13080978393555}, {"ListeningId": 0, "ParameterID": 11, "Value": 50.13080978393555}, {"ListeningId": 0, "ParameterID": 12, "Value": 50.13080978393555}, {"ListeningId": 0, "ParameterID": 32, "Value": 7734.1376953125}]}, {"ListeningId": 0, "MeterId": 11, "Timestamp": 1632424440, "listeningvalues": [{"ListeningId": 0, "ParameterID": 1, "Value": 230.7489013671875}, {"ListeningId": 0, "ParameterID": 2, "Value": 231.6691436767578}, {"ListeningId": 0, "ParameterID": 3, "Value": 230.1279296875}, {"ListeningId": 0, "ParameterID": 4, "Value": 400.1444091796875}, {"ListeningId": 0, "ParameterID": 5, "Value": 400.1109313964844}, {"ListeningId": 0, "ParameterID": 6, "Value": 399.06036376953125}, {"ListeningId": 0, "ParameterID": 7, "Value": 2.4230592250823975}, {"ListeningId": 0, "ParameterID": 8, "Value": 1.9587030410766602}, {"ListeningId": 0, "ParameterID": 9, "Value": 2.7880022525787354}, {"ListeningId": 0, "ParameterID": 17, "Value": 555.8228759765625}, {"ListeningId": 0, "ParameterID": 18, "Value": 453.57452392578125}, {"ListeningId": 0, "ParameterID": 19, "Value": 627.4763793945312}, {"ListeningId": 0, "ParameterID": 20, "Value": 1637.190673828125}, {"ListeningId": 0, "ParameterID": 21, "Value": 559.88037109375}, {"ListeningId": 0, "ParameterID": 22, "Value": 453.75823974609375}, {"ListeningId": 0, "ParameterID": 23, "Value": 640.555908203125}, {"ListeningId": 0, "ParameterID": 24, "Value": 1655.6219482421875}, {"ListeningId": 0, "ParameterID": 25, "Value": 60.35357666015625}, {"ListeningId": 0, "ParameterID": 26, "Value": 22.041942596435547}, {"ListeningId": 0, "ParameterID": 27, "Value": 134.1728515625}, {"ListeningId": 0, "ParameterID": 28, "Value": 216.3912811279297}, {"ListeningId": 0, "ParameterID": 13, "Value": 0.9611529111862183}, {"ListeningId": 0, "ParameterID": 14, "Value": 1.0}, {"ListeningId": 0, "ParameterID": 15, "Value": 0.9538971781730652}, {"ListeningId": 0, "ParameterID": 16, "Value": 0.9716833233833313}, {"ListeningId": 0, "ParameterID": 10, "Value": 50.13080978393555}, {"ListeningId": 0, "ParameterID": 11, "Value": 50.13080978393555}, {"ListeningId": 0, "ParameterID": 12, "Value": 50.13080978393555}, {"ListeningId": 0, "ParameterID": 32, "Value": 6145.8388671875}]}, {"ListeningId": 0, "MeterId": 12, "Timestamp": 1632424440, "listeningvalues": [{"ListeningId": 0, "ParameterID": 1, "Value": 230.41061401367188}, {"ListeningId": 0, "ParameterID": 2, "Value": 232.22120666503906}, {"ListeningId": 0, "ParameterID": 3, "Value": 231.10693359375}, {"ListeningId": 0, "ParameterID": 4, "Value": 400.63116455078125}, {"ListeningId": 0, "ParameterID": 5, "Value": 401.1543884277344}, {"ListeningId": 0, "ParameterID": 6, "Value": 399.7532043457031}, {"ListeningId": 0, "ParameterID": 7, "Value": 2.64082670211792}, {"ListeningId": 0, "ParameterID": 8, "Value": 1.7484045028686523}, {"ListeningId": 0, "ParameterID": 9, "Value": 2.9567532539367676}, {"ListeningId": 0, "ParameterID": 17, "Value": 592.6666259765625}, {"ListeningId": 0, "ParameterID": 18, "Value": 406.0166015625}, {"ListeningId": 0, "ParameterID": 19, "Value": 672.8716430664062}, {"ListeningId": 0, "ParameterID": 20, "Value": 1671.554931640625}, {"ListeningId": 0, "ParameterID": 21, "Value": 608.4744873046875}, {"ListeningId": 0, "ParameterID": 22, "Value": 406.0166015625}, {"ListeningId": 0, "ParameterID": 23, "Value": 683.326171875}, {"ListeningId": 0, "ParameterID": 24, "Value": 1697.8172607421875}, {"ListeningId": 0, "ParameterID": 25, "Value": 137.79502868652344}, {"ListeningId": 0, "ParameterID": 26, "Value": 0.0}, {"ListeningId": 0, "ParameterID": 27, "Value": 119.07311248779297}, {"ListeningId": 0, "ParameterID": 28, "Value": 256.8681335449219}, {"ListeningId": 0, "ParameterID": 13, "Value": 0.9740205407142639}, {"ListeningId": 0, "ParameterID": 14, "Value": 1.0}, {"ListeningId": 0, "ParameterID": 15, "Value": 0.9847005605697632}, {"ListeningId": 0, "ParameterID": 16, "Value": 0.9862403869628906}, {"ListeningId": 0, "ParameterID": 10, "Value": 50.11865234375}, {"ListeningId": 0, "ParameterID": 11, "Value": 50.11865234375}, {"ListeningId": 0, "ParameterID": 12, "Value": 50.11865234375}, {"ListeningId": 0, "ParameterID": 32, "Value": 6145.94482421875}]}]