[{"ListeningId": 0, "MeterId": 1, "Timestamp": 1632423900, "listeningvalues": [{"ListeningId": 0, "ParameterID": 1, "Value": 230.23287963867188}, {"ListeningId": 0, "ParameterID": 2, "Value": 232.5013427734375}, {"ListeningId": 0, "ParameterID": 3, "Value": 230.2463836669922}, {"ListeningId": 0, "ParameterID": 4, "Value": 400.5782775878906}, {"ListeningId": 0, "ParameterID": 5, "Value": 400.44891357421875}, {"ListeningId": 0, "ParameterID": 6, "Value": 399.1103820800781}, {"ListeningId": 0, "ParameterID": 7, "Value": 2.392524480819702}, {"ListeningId": 0, "ParameterID": 8, "Value": 2.1565146446228027}, {"ListeningId": 0, "ParameterID": 9, "Value": 2.9596145153045654}, {"ListeningId": 0, "ParameterID": 17, "Value": 531.5510864257812}, {"ListeningId": 0, "ParameterID": 18, "Value": 501.3925476074219}, {"ListeningId": 0, "ParameterID": 19, "Value": 656.011962890625}, {"ListeningId": 0, "ParameterID": 20, "Value": 1688.95556640625}, {"ListeningId": 0, "ParameterID": 21, "Value": 550.8378295898438}, {"ListeningId": 0, "ParameterID": 22, "Value": 501.3925476074219}, {"ListeningId": 0, "ParameterID": 23, "Value": 681.4405517578125}, {"ListeningId": 0, "ParameterID": 24, "Value": 1733.6708984375}, {"ListeningId": 0, "ParameterID": 25, "Value": 144.4844207763672}, {"ListeningId": 0, "ParameterID": 26, "Value": 0.0}, {"ListeningId": 0, "ParameterID": 27, "Value": 184.41673278808594}, {"ListeningId": 0, "ParameterID": 28, "Value": 328.9011535644531}, {"ListeningId": 0, "ParameterID": 13, "Value": 0.9890616536140442}, {"ListeningId": 0, "ParameterID": 14, "Value": 1.0}, {"ListeningId": 0, "ParameterID": 15, "Value": 0.9740520119667053}, {"ListeningId": 0, "ParameterID": 16, "Value": 0.9877045154571533}, {"ListeningId": 0, "ParameterID": 10, "Value": 50.132022857666016}, {"ListeningId": 0, "ParameterID": 11, "Value": 50.132022857666016}, {"ListeningId": 0, "ParameterID": 12, "Value": 50.132022857666016}, {"ListeningId": 0, "ParameterID": 32, "Value": 5898.40576171875}]}, {"ListeningId": 0, "MeterId": 2, "Timestamp": 1632423900, "listeningvalues": [{"ListeningId": 0, "ParameterID": 1, "Value": 230.5533905029297}, {"ListeningId": 0, "ParameterID": 2, "Value": 231.99815368652344}, {"ListeningId": 0, "ParameterID": 3, "Value": 231.05062866210938}, {"ListeningId": 0, "ParameterID": 4, "Value": 401.1470031738281}, {"ListeningId": 0, "ParameterID": 5, "Value": 401.08782958984375}, {"ListeningId": 0, "ParameterID": 6, "Value": 399.85931396484375}, {"ListeningId": 0, "ParameterID": 7, "Value": 2.400968313217163}, {"ListeningId": 0, "ParameterID": 8, "Value": 1.9807583093643188}, {"ListeningId": 0, "ParameterID": 9, "Value": 2.6522459983825684}, {"ListeningId": 0, "ParameterID": 17, "Value": 541.9177856445312}, {"ListeningId": 0, "ParameterID": 18, "Value": 459.50860595703125}, {"ListeningId": 0, "ParameterID": 19, "Value": 594.585693359375}, {"ListeningId": 0, "ParameterID": 20, "Value": 1597.19677734375}, {"ListeningId": 0, "ParameterID": 21, "Value": 553.4673461914062}, {"ListeningId": 0, "ParameterID": 22, "Value": 459.3832092285156}, {"ListeningId": 0, "ParameterID": 23, "Value": 612.7034301757812}, {"ListeningId": 0, "ParameterID": 24, "Value": 1625.971923828125}, {"ListeningId": 0, "ParameterID": 25, "Value": 116.83511352539062}, {"ListeningId": 0, "ParameterID": 26, "Value": 15.397061347961426}, {"ListeningId": 0, "ParameterID": 27, "Value": 145.077880859375}, {"ListeningId": 0, "ParameterID": 28, "Value": 277.2881774902344}, {"ListeningId": 0, "ParameterID": 13, "Value": 0.962559163570404}, {"ListeningId": 0, "ParameterID": 14, "Value": 1.0}, {"ListeningId": 0, "ParameterID": 15, "Value": 0.9884679913520813}, {"ListeningId": 0, "ParameterID": 16, "Value": 0.9836757183074951}, {"ListeningId": 0, "ParameterID": 10, "Value": 50.132022857666016}, {"ListeningId": 0, "ParameterID": 11, "Value": 50.132022857666016}, {"ListeningId": 0, "ParameterID": 12, "Value": 50.132022857666016}, {"ListeningId": 0, "ParameterID": 32, "Value": 5903.34912109375}]}, {"ListeningId": 0, "MeterId": 3, "Timestamp": 1632423900, "listeningvalues": [{"ListeningId": 0, "ParameterID": 1, "Value": 230.200927734375}, {"ListeningId": 0, "ParameterID": 2, "Value": 232.48597717285156}, {"ListeningId": 0, "ParameterID": 3, "Value": 230.04832458496094}, {"ListeningId": 0, "ParameterID": 4, "Value": 400.9165344238281}, {"ListeningId": 0, "ParameterID": 5, "Value": 400.2005615234375}, {"ListeningId": 0, "ParameterID": 6, "Value": 398.4222106933594}, {"ListeningId": 0, "ParameterID": 7, "Value": 2.6189374923706055}, {"ListeningId": 0, "ParameterID": 8, "Value": 2.08121919631958}, {"ListeningId": 0, "ParameterID": 9, "Value": 2.941746234893799}, {"ListeningId": 0, "ParameterID": 17, "Value": 580.9216918945312}, {"ListeningId": 0, "ParameterID": 18, "Value": 479.5306091308594}, {"ListeningId": 0, "ParameterID": 19, "Value": 660.57177734375}, {"ListeningId": 0, "ParameterID": 20, "Value": 1719.988525390625}, {"ListeningId": 0, "ParameterID": 21, "Value": 603.3362426757812}, {"ListeningId": 0, "ParameterID": 22, "Value": 484.3526611328125}, {"ListeningId": 0, "ParameterID": 23, "Value": 676.0211181640625}, {"ListeningId": 0, "ParameterID": 24, "Value": 1762.3433837890625}, {"ListeningId": 0, "ParameterID": 25, "Value": 164.6517791748047}, {"ListeningId": 0, "ParameterID": 26, "Value": 69.07353210449219}, {"ListeningId": 0, "ParameterID": 27, "Value": 141.80783081054688}, {"ListeningId": 0, "ParameterID": 28, "Value": 375.5787353515625}, {"ListeningId": 0, "ParameterID": 13, "Value": 0.9885519742965698}, {"ListeningId": 0, "ParameterID": 14, "Value": 1.0}, {"ListeningId": 0, "ParameterID": 15, "Value": 0.9419264793395996}, {"ListeningId": 0, "ParameterID": 16, "Value": 0.9768261909484863}, {"ListeningId": 0, "ParameterID": 10, "Value": 50.132022857666016}, {"ListeningId": 0, "ParameterID": 11, "Value": 50.132022857666016}, {"ListeningId": 0, "ParameterID": 12, "Value": 50.132022857666016}, {"ListeningId": 0, "ParameterID": 32, "Value": 5905.56982421875}]}, {"ListeningId": 0, "MeterId": 4, "Timestamp": 1632423900, "listeningvalues": [{"ListeningId": 0, "ParameterID": 1, "Value": 230.66282653808594}, {"ListeningId": 0, "ParameterID": 2, "Value": 232.2365264892578}, {"ListeningId": 0, "ParameterID": 3, "Value": 230.85659790039062}, {"ListeningId": 0, "ParameterID": 4, "Value": 401.27093505859375}, {"ListeningId": 0, "ParameterID": 5, "Value": 401.54962158203125}, {"ListeningId": 0, "ParameterID": 6, "Value": 399.9969787597656}, {"ListeningId": 0, "ParameterID": 7, "Value": 2.2766151428222656}, {"ListeningId": 0, "ParameterID": 8, "Value": 1.7963966131210327}, {"ListeningId": 0, "ParameterID": 9, "Value": 2.7732696533203125}, {"ListeningId": 0, "ParameterID": 17, "Value": 516.4329223632812}, {"ListeningId": 0, "ParameterID": 18, "Value": 415.9101257324219}, {"ListeningId": 0, "ParameterID": 19, "Value": 612.2631225585938}, {"ListeningId": 0, "ParameterID": 20, "Value": 1544.6951904296875}, {"ListeningId": 0, "ParameterID": 21, "Value": 525.9790649414062}, {"ListeningId": 0, "ParameterID": 22, "Value": 417.92779541015625}, {"ListeningId": 0, "ParameterID": 23, "Value": 640.3223876953125}, {"ListeningId": 0, "ParameterID": 24, "Value": 1583.8876953125}, {"ListeningId": 0, "ParameterID": 25, "Value": 98.42424011230469}, {"ListeningId": 0, "ParameterID": 26, "Value": 39.94910430908203}, {"ListeningId": 0, "ParameterID": 27, "Value": 185.00900268554688}, {"ListeningId": 0, "ParameterID": 28, "Value": 323.40008544921875}, {"ListeningId": 0, "ParameterID": 13, "Value": 0.9821889996528625}, {"ListeningId": 0, "ParameterID": 14, "Value": 0.9873892068862915}, {"ListeningId": 0, "ParameterID": 15, "Value": 0.9574196934700012}, {"ListeningId": 0, "ParameterID": 16, "Value": 0.9756659865379333}, {"ListeningId": 0, "ParameterID": 10, "Value": 50.132022857666016}, {"ListeningId": 0, "ParameterID": 11, "Value": 50.132022857666016}, {"ListeningId": 0, "ParameterID": 12, "Value": 50.132022857666016}, {"ListeningId": 0, "ParameterID": 32, "Value": 5904.1630859375}]}, {"ListeningId": 0, "MeterId": 5, "Timestamp": 1632423900, "listeningvalues": [{"ListeningId": 0, "ParameterID": 1, "Value": 231.6122589111328}, {"ListeningId": 0, "ParameterID": 2, "Value": 231.33944702148438}, {"ListeningId": 0, "ParameterID": 3, "Value": 229.82489013671875}, {"ListeningId": 0, "ParameterID": 4, "Value": 400.87652587890625}, {"ListeningId": 0, "ParameterID": 5, "Value": 399.3866882324219}, {"ListeningId": 0, "ParameterID": 6, "Value": 399.81854248046875}, {"ListeningId": 0, "ParameterID": 7, "Value": 2.6901745796203613}, {"ListeningId": 0, "ParameterID": 8, "Value": 1.9865978956222534}, {"ListeningId": 0, "ParameterID": 9, "Value": 3.0913074016571045}, {"ListeningId": 0, "ParameterID": 17, "Value": 617.388427734375}, {"ListeningId": 0, "ParameterID": 18, "Value": 459.5784606933594}, {"ListeningId": 0, "ParameterID": 19, "Value": 676.8829345703125}, {"ListeningId": 0, "ParameterID": 20, "Value": 1753.849853515625}, {"ListeningId": 0, "ParameterID": 21, "Value": 623.077392578125}, {"ListeningId": 0, "ParameterID": 22, "Value": 459.5784606933594}, {"ListeningId": 0, "ParameterID": 23, "Value": 710.4594116210938}, {"ListeningId": 0, "ParameterID": 24, "Value": 1793.115234375}, {"ListeningId": 0, "ParameterID": 25, "Value": 84.00576782226562}, {"ListeningId": 0, "ParameterID": 26, "Value": 0.0}, {"ListeningId": 0, "ParameterID": 27, "Value": 215.8287811279297}, {"ListeningId": 0, "ParameterID": 28, "Value": 299.83453369140625}, {"ListeningId": 0, "ParameterID": 13, "Value": 0.9908695220947266}, {"ListeningId": 0, "ParameterID": 14, "Value": 1.0}, {"ListeningId": 0, "ParameterID": 15, "Value": 0.9527397751808167}, {"ListeningId": 0, "ParameterID": 16, "Value": 0.9812030792236328}, {"ListeningId": 0, "ParameterID": 10, "Value": 50.1689567565918}, {"ListeningId": 0, "ParameterID": 11, "Value": 50.1689567565918}, {"ListeningId": 0, "ParameterID": 12, "Value": 50.1689567565918}, {"ListeningId": 0, "ParameterID": 32, "Value": 5901.99072265625}]}, {"ListeningId": 0, "MeterId": 6, "Timestamp": 1632423900, "listeningvalues": [{"ListeningId": 0, "ParameterID": 1, "Value": 231.7160186767578}, {"ListeningId": 0, "ParameterID": 2, "Value": 231.95887756347656}, {"ListeningId": 0, "ParameterID": 3, "Value": 230.84535217285156}, {"ListeningId": 0, "ParameterID": 4, "Value": 400.9992370605469}, {"ListeningId": 0, "ParameterID": 5, "Value": 400.6166076660156}, {"ListeningId": 0, "ParameterID": 6, "Value": 400.48114013671875}, {"ListeningId": 0, "ParameterID": 7, "Value": 2.264835834503174}, {"ListeningId": 0, "ParameterID": 8, "Value": 1.7932692766189575}, {"ListeningId": 0, "ParameterID": 9, "Value": 2.980034589767456}, {"ListeningId": 0, "ParameterID": 17, "Value": 513.1470947265625}, {"ListeningId": 0, "ParameterID": 18, "Value": 415.93572998046875}, {"ListeningId": 0, "ParameterID": 19, "Value": 674.5164184570312}, {"ListeningId": 0, "ParameterID": 20, "Value": 1604.381591796875}, {"ListeningId": 0, "ParameterID": 21, "Value": 524.4812622070312}, {"ListeningId": 0, "ParameterID": 22, "Value": 415.7226867675781}, {"ListeningId": 0, "ParameterID": 23, "Value": 688.5650024414062}, {"ListeningId": 0, "ParameterID": 24, "Value": 1626.6851806640625}, {"ListeningId": 0, "ParameterID": 25, "Value": 108.00033569335938}, {"ListeningId": 0, "ParameterID": 26, "Value": 0.0}, {"ListeningId": 0, "ParameterID": 27, "Value": 138.88026428222656}, {"ListeningId": 0, "ParameterID": 28, "Value": 246.91053771972656}, {"ListeningId": 0, "ParameterID": 13, "Value": 0.9740138053894043}, {"ListeningId": 0, "ParameterID": 14, "Value": 1.0}, {"ListeningId": 0, "ParameterID": 15, "Value": 0.9529594779014587}, {"ListeningId": 0, "ParameterID": 16, "Value": 0.9756577610969543}, {"ListeningId": 0, "ParameterID": 10, "Value": 50.1689567565918}, {"ListeningId": 0, "ParameterID": 11, "Value": 50.1689567565918}, {"ListeningId": 0, "ParameterID": 12, "Value": 50.1689567565918}, {"ListeningId": 0, "ParameterID": 32, "Value": 5903.578125}]}, {"ListeningId": 0, "MeterId": 7, "Timestamp": 1632423900, "listeningvalues": [{"ListeningId": 0, "ParameterID": 1, "Value": 231.0735321044922}, {"ListeningId": 0, "ParameterID": 2, "Value": 231.84298706054688}, {"ListeningId": 0, "ParameterID": 3, "Value": 230.16012573242188}, {"ListeningId": 0, "ParameterID": 4, "Value": 400.5276794433594}, {"ListeningId": 0, "ParameterID": 5, "Value": 399.66339111328125}, {"ListeningId": 0, "ParameterID": 6, "Value": 399.23291015625}, {"ListeningId": 0, "ParameterID": 7, "Value": 2.292973279953003}, {"ListeningId": 0, "ParameterID": 8, "Value": 1.9568184614181519}, {"ListeningId": 0, "ParameterID": 9, "Value": 2.9295928478240967}, {"ListeningId": 0, "ParameterID": 17, "Value": 520.4959716796875}, {"ListeningId": 0, "ParameterID": 18, "Value": 449.32550048828125}, {"ListeningId": 0, "ParameterID": 19, "Value": 657.6110229492188}, {"ListeningId": 0, "ParameterID": 20, "Value": 1626.72412109375}, {"ListeningId": 0, "ParameterID": 21, "Value": 529.1803588867188}, {"ListeningId": 0, "ParameterID": 22, "Value": 452.9275817871094}, {"ListeningId": 0, "ParameterID": 23, "Value": 674.0729370117188}, {"ListeningId": 0, "ParameterID": 24, "Value": 1654.9849853515625}, {"ListeningId": 0, "ParameterID": 25, "Value": 96.09278106689453}, {"ListeningId": 0, "ParameterID": 26, "Value": 57.303375244140625}, {"ListeningId": 0, "ParameterID": 27, "Value": 148.4486846923828}, {"ListeningId": 0, "ParameterID": 28, "Value": 301.45758056640625}, {"ListeningId": 0, "ParameterID": 13, "Value": 0.9876925945281982}, {"ListeningId": 0, "ParameterID": 14, "Value": 1.0}, {"ListeningId": 0, "ParameterID": 15, "Value": 0.9442122578620911}, {"ListeningId": 0, "ParameterID": 16, "Value": 0.9773015975952148}, {"ListeningId": 0, "ParameterID": 10, "Value": 50.1689567565918}, {"ListeningId": 0, "ParameterID": 11, "Value": 50.1689567565918}, {"ListeningId": 0, "ParameterID": 12, "Value": 50.1689567565918}, {"ListeningId": 0, "ParameterID": 32, "Value": 5905.78466796875}]}, {"ListeningId": 0, "MeterId": 8, "Timestamp": 1632423900, "listeningvalues": [{"ListeningId": 0, "ParameterID": 1, "Value": 230.90151977539062}, {"ListeningId": 0, "ParameterID": 2, "Value": 231.76235961914062}, {"ListeningId": 0, "ParameterID": 3, "Value": 229.90658569335938}, {"ListeningId": 0, "ParameterID": 4, "Value": 401.025390625}, {"ListeningId": 0, "ParameterID": 5, "Value": 399.48065185546875}, {"ListeningId": 0, "ParameterID": 6, "Value": 399.4930725097656}, {"ListeningId": 0, "ParameterID": 7, "Value": 2.290672779083252}, {"ListeningId": 0, "ParameterID": 8, "Value": 1.9579757452011108}, {"ListeningId": 0, "ParameterID": 9, "Value": 2.9317870140075684}, {"ListeningId": 0, "ParameterID": 17, "Value": 520.3451538085938}, {"ListeningId": 0, "ParameterID": 18, "Value": 449.9913635253906}, {"ListeningId": 0, "ParameterID": 19, "Value": 657.67236328125}, {"ListeningId": 0, "ParameterID": 20, "Value": 1627.6353759765625}, {"ListeningId": 0, "ParameterID": 21, "Value": 528.5267944335938}, {"ListeningId": 0, "ParameterID": 22, "Value": 453.6257019042969}, {"ListeningId": 0, "ParameterID": 23, "Value": 673.5236206054688}, {"ListeningId": 0, "ParameterID": 24, "Value": 1657.7412109375}, {"ListeningId": 0, "ParameterID": 25, "Value": 95.97303009033203}, {"ListeningId": 0, "ParameterID": 26, "Value": 57.26679992675781}, {"ListeningId": 0, "ParameterID": 27, "Value": 148.1971435546875}, {"ListeningId": 0, "ParameterID": 28, "Value": 301.38189697265625}, {"ListeningId": 0, "ParameterID": 13, "Value": 0.9876925945281982}, {"ListeningId": 0, "ParameterID": 14, "Value": 1.0}, {"ListeningId": 0, "ParameterID": 15, "Value": 0.9442122578620911}, {"ListeningId": 0, "ParameterID": 16, "Value": 0.9773015975952148}, {"ListeningId": 0, "ParameterID": 10, "Value": 50.1689567565918}, {"ListeningId": 0, "ParameterID": 11, "Value": 50.1689567565918}, {"ListeningId": 0, "ParameterID": 12, "Value": 50.1689567565918}, {"ListeningId": 0, "ParameterID": 32, "Value": 5905.78466796875}]}, {"ListeningId": 0, "MeterId": 9, "Timestamp": 1632423900, "listeningvalues": [{"ListeningId": 0, "ParameterID": 1, "Value": 231.1961669921875}, {"ListeningId": 0, "ParameterID": 2, "Value": 231.45199584960938}, {"ListeningId": 0, "ParameterID": 3, "Value": 230.64654541015625}, {"ListeningId": 0, "ParameterID": 4, "Value": 400.8634033203125}, {"ListeningId": 0, "ParameterID": 5, "Value": 399.7602844238281}, {"ListeningId": 0, "ParameterID": 6, "Value": 400.3058776855469}, {"ListeningId": 0, "ParameterID": 7, "Value": 2.2468600273132324}, {"ListeningId": 0, "ParameterID": 8, "Value": 1.9534642696380615}, {"ListeningId": 0, "ParameterID": 9, "Value": 2.931746482849121}, {"ListeningId": 0, "ParameterID": 17, "Value": 507.0479736328125}, {"ListeningId": 0, "ParameterID": 18, "Value": 452.1835021972656}, {"ListeningId": 0, "ParameterID": 19, "Value": 661.0619506835938}, {"ListeningId": 0, "ParameterID": 20, "Value": 1619.9605712890625}, {"ListeningId": 0, "ParameterID": 21, "Value": 520.1334228515625}, {"ListeningId": 0, "ParameterID": 22, "Value": 452.00213623046875}, {"ListeningId": 0, "ParameterID": 23, "Value": 676.400146484375}, {"ListeningId": 0, "ParameterID": 24, "Value": 1649.3580322265625}, {"ListeningId": 0, "ParameterID": 25, "Value": 116.70863342285156}, {"ListeningId": 0, "ParameterID": 26, "Value": 0.0}, {"ListeningId": 0, "ParameterID": 27, "Value": 143.4790802001953}, {"ListeningId": 0, "ParameterID": 28, "Value": 260.435302734375}, {"ListeningId": 0, "ParameterID": 13, "Value": 0.9637572765350342}, {"ListeningId": 0, "ParameterID": 14, "Value": 1.0}, {"ListeningId": 0, "ParameterID": 15, "Value": 0.9890806674957275}, {"ListeningId": 0, "ParameterID": 16, "Value": 0.9842793345451355}, {"ListeningId": 0, "ParameterID": 10, "Value": 50.1689567565918}, {"ListeningId": 0, "ParameterID": 11, "Value": 50.1689567565918}, {"ListeningId": 0, "ParameterID": 12, "Value": 50.1689567565918}, {"ListeningId": 0, "ParameterID": 32, "Value": 5909.67919921875}]}, {"ListeningId": 0, "MeterId": 10, "Timestamp": 1632423900, "listeningvalues": [{"ListeningId": 0, "ParameterID": 1, "Value": 231.32850646972656}, {"ListeningId": 0, "ParameterID": 2, "Value": 231.59486389160156}, {"ListeningId": 0, "ParameterID": 3, "Value": 230.67623901367188}, {"ListeningId": 0, "ParameterID": 4, "Value": 400.9521179199219}, {"ListeningId": 0, "ParameterID": 5, "Value": 400.11627197265625}, {"ListeningId": 0, "ParameterID": 6, "Value": 399.82525634765625}, {"ListeningId": 0, "ParameterID": 7, "Value": 2.5967206954956055}, {"ListeningId": 0, "ParameterID": 8, "Value": 1.7416828870773315}, {"ListeningId": 0, "ParameterID": 9, "Value": 3.0092673301696777}, {"ListeningId": 0, "ParameterID": 17, "Value": 593.8095703125}, {"ListeningId": 0, "ParameterID": 18, "Value": 403.36480712890625}, {"ListeningId": 0, "ParameterID": 19, "Value": 685.8165283203125}, {"ListeningId": 0, "ParameterID": 20, "Value": 1682.990966796875}, {"ListeningId": 0, "ParameterID": 21, "Value": 600.6954956054688}, {"ListeningId": 0, "ParameterID": 22, "Value": 403.36480712890625}, {"ListeningId": 0, "ParameterID": 23, "Value": 694.1664428710938}, {"ListeningId": 0, "ParameterID": 24, "Value": 1698.226806640625}, {"ListeningId": 0, "ParameterID": 25, "Value": 90.6933364868164}, {"ListeningId": 0, "ParameterID": 26, "Value": 0.0}, {"ListeningId": 0, "ParameterID": 27, "Value": 107.34407043457031}, {"ListeningId": 0, "ParameterID": 28, "Value": 198.03741455078125}, {"ListeningId": 0, "ParameterID": 13, "Value": 0.9885367155075073}, {"ListeningId": 0, "ParameterID": 14, "Value": 1.0}, {"ListeningId": 0, "ParameterID": 15, "Value": 0.987971305847168}, {"ListeningId": 0, "ParameterID": 16, "Value": 0.9921693801879883}, {"ListeningId": 0, "ParameterID": 10, "Value": 50.091026306152344}, {"ListeningId": 0, "ParameterID": 11, "Value": 50.091026306152344}, {"ListeningId": 0, "ParameterID": 12, "Value": 50.091026306152344}, {"ListeningId": 0, "ParameterID": 32, "Value": 7488.0615234375}]}, {"ListeningId": 0, "MeterId": 11, "Timestamp": 1632423900, "listeningvalues": [{"ListeningId": 0, "ParameterID": 1, "Value": 231.28274536132812}, {"ListeningId": 0, "ParameterID": 2, "Value": 231.66697692871094}, {"ListeningId": 0, "ParameterID": 3, "Value": 230.003662109375}, {"ListeningId": 0, "ParameterID": 4, "Value": 401.0973205566406}, {"ListeningId": 0, "ParameterID": 5, "Value": 399.6896057128906}, {"ListeningId": 0, "ParameterID": 6, "Value": 399.45941162109375}, {"ListeningId": 0, "ParameterID": 7, "Value": 2.618587017059326}, {"ListeningId": 0, "ParameterID": 8, "Value": 2.192918539047241}, {"ListeningId": 0, "ParameterID": 9, "Value": 2.908064603805542}, {"ListeningId": 0, "ParameterID": 17, "Value": 583.5787963867188}, {"ListeningId": 0, "ParameterID": 18, "Value": 508.4619445800781}, {"ListeningId": 0, "ParameterID": 19, "Value": 638.0753784179688}, {"ListeningId": 0, "ParameterID": 20, "Value": 1728.8453369140625}, {"ListeningId": 0, "ParameterID": 21, "Value": 604.6819458007812}, {"ListeningId": 0, "ParameterID": 22, "Value": 508.2044677734375}, {"ListeningId": 0, "ParameterID": 23, "Value": 668.6112670898438}, {"ListeningId": 0, "ParameterID": 24, "Value": 1782.6220703125}, {"ListeningId": 0, "ParameterID": 25, "Value": 158.4631805419922}, {"ListeningId": 0, "ParameterID": 26, "Value": 0.0}, {"ListeningId": 0, "ParameterID": 27, "Value": 198.71896362304688}, {"ListeningId": 0, "ParameterID": 28, "Value": 357.7716369628906}, {"ListeningId": 0, "ParameterID": 13, "Value": 0.9933018088340759}, {"ListeningId": 0, "ParameterID": 14, "Value": 1.0}, {"ListeningId": 0, "ParameterID": 15, "Value": 0.9833012819290161}, {"ListeningId": 0, "ParameterID": 16, "Value": 0.992201030254364}, {"ListeningId": 0, "ParameterID": 10, "Value": 50.091026306152344}, {"ListeningId": 0, "ParameterID": 11, "Value": 50.091026306152344}, {"ListeningId": 0, "ParameterID": 12, "Value": 50.091026306152344}, {"ListeningId": 0, "ParameterID": 32, "Value": 5899.94482421875}]}, {"ListeningId": 0, "MeterId": 12, "Timestamp": 1632423900, "listeningvalues": [{"ListeningId": 0, "ParameterID": 1, "Value": 230.66590881347656}, {"ListeningId": 0, "ParameterID": 2, "Value": 231.2818603515625}, {"ListeningId": 0, "ParameterID": 3, "Value": 230.47181701660156}, {"ListeningId": 0, "ParameterID": 4, "Value": 400.4134826660156}, {"ListeningId": 0, "ParameterID": 5, "Value": 400.07916259765625}, {"ListeningId": 0, "ParameterID": 6, "Value": 399.5236511230469}, {"ListeningId": 0, "ParameterID": 7, "Value": 2.675694465637207}, {"ListeningId": 0, "ParameterID": 8, "Value": 2.103034257888794}, {"ListeningId": 0, "ParameterID": 9, "Value": 2.7557461261749268}, {"ListeningId": 0, "ParameterID": 17, "Value": 597.48046875}, {"ListeningId": 0, "ParameterID": 18, "Value": 486.52685546875}, {"ListeningId": 0, "ParameterID": 19, "Value": 612.7106323242188}, {"ListeningId": 0, "ParameterID": 20, "Value": 1696.9560546875}, {"ListeningId": 0, "ParameterID": 21, "Value": 617.7947998046875}, {"ListeningId": 0, "ParameterID": 22, "Value": 487.14093017578125}, {"ListeningId": 0, "ParameterID": 23, "Value": 635.2982177734375}, {"ListeningId": 0, "ParameterID": 24, "Value": 1738.654541015625}, {"ListeningId": 0, "ParameterID": 25, "Value": 156.7618865966797}, {"ListeningId": 0, "ParameterID": 26, "Value": 0.0}, {"ListeningId": 0, "ParameterID": 27, "Value": 170.67637634277344}, {"ListeningId": 0, "ParameterID": 28, "Value": 327.53277587890625}, {"ListeningId": 0, "ParameterID": 13, "Value": 0.9581444263458252}, {"ListeningId": 0, "ParameterID": 14, "Value": 1.0}, {"ListeningId": 0, "ParameterID": 15, "Value": 0.9539635181427002}, {"ListeningId": 0, "ParameterID": 16, "Value": 0.9707026481628418}, {"ListeningId": 0, "ParameterID": 10, "Value": 50.091026306152344}, {"ListeningId": 0, "ParameterID": 11, "Value": 50.091026306152344}, {"ListeningId": 0, "ParameterID": 12, "Value": 50.091026306152344}, {"ListeningId": 0, "ParameterID": 32, "Value": 5899.91748046875}]}]