[{"ListeningId": 0, "MeterId": 1, "Timestamp": 1632424800, "listeningvalues": [{"ListeningId": 0, "ParameterID": 1, "Value": 230.8453826904297}, {"ListeningId": 0, "ParameterID": 2, "Value": 232.41876220703125}, {"ListeningId": 0, "ParameterID": 3, "Value": 229.77635192871094}, {"ListeningId": 0, "ParameterID": 4, "Value": 400.99102783203125}, {"ListeningId": 0, "ParameterID": 5, "Value": 400.1142578125}, {"ListeningId": 0, "ParameterID": 6, "Value": 398.8581848144531}, {"ListeningId": 0, "ParameterID": 7, "Value": 2.4616782665252686}, {"ListeningId": 0, "ParameterID": 8, "Value": 2.037921667098999}, {"ListeningId": 0, "ParameterID": 9, "Value": 3.0019123554229736}, {"ListeningId": 0, "ParameterID": 17, "Value": 563.3678588867188}, {"ListeningId": 0, "ParameterID": 18, "Value": 472.6624450683594}, {"ListeningId": 0, "ParameterID": 19, "Value": 658.526611328125}, {"ListeningId": 0, "ParameterID": 20, "Value": 1694.556884765625}, {"ListeningId": 0, "ParameterID": 21, "Value": 568.26708984375}, {"ListeningId": 0, "ParameterID": 22, "Value": 473.6512451171875}, {"ListeningId": 0, "ParameterID": 23, "Value": 689.7684936523438}, {"ListeningId": 0, "ParameterID": 24, "Value": 1731.686767578125}, {"ListeningId": 0, "ParameterID": 25, "Value": 74.45909118652344}, {"ListeningId": 0, "ParameterID": 26, "Value": 30.589519500732422}, {"ListeningId": 0, "ParameterID": 27, "Value": 205.23948669433594}, {"ListeningId": 0, "ParameterID": 28, "Value": 310.2880859375}, {"ListeningId": 0, "ParameterID": 13, "Value": 0.9646716117858887}, {"ListeningId": 0, "ParameterID": 14, "Value": 1.0}, {"ListeningId": 0, "ParameterID": 15, "Value": 0.9510353207588196}, {"ListeningId": 0, "ParameterID": 16, "Value": 0.9719023108482361}, {"ListeningId": 0, "ParameterID": 10, "Value": 50.00899887084961}, {"ListeningId": 0, "ParameterID": 11, "Value": 50.00899887084961}, {"ListeningId": 0, "ParameterID": 12, "Value": 50.00899887084961}, {"ListeningId": 0, "ParameterID": 32, "Value": 6308.6953125}]}, {"ListeningId": 0, "MeterId": 2, "Timestamp": 1632424800, "listeningvalues": [{"ListeningId": 0, "ParameterID": 1, "Value": 230.95921325683594}, {"ListeningId": 0, "ParameterID": 2, "Value": 232.1221923828125}, {"ListeningId": 0, "ParameterID": 3, "Value": 229.6515350341797}, {"ListeningId": 0, "ParameterID": 4, "Value": 400.9637756347656}, {"ListeningId": 0, "ParameterID": 5, "Value": 400.076171875}, {"ListeningId": 0, "ParameterID": 6, "Value": 398.7360534667969}, {"ListeningId": 0, "ParameterID": 7, "Value": 2.6068613529205322}, {"ListeningId": 0, "ParameterID": 8, "Value": 2.060157299041748}, {"ListeningId": 0, "ParameterID": 9, "Value": 3.098454713821411}, {"ListeningId": 0, "ParameterID": 17, "Value": 583.51123046875}, {"ListeningId": 0, "ParameterID": 18, "Value": 478.1629943847656}, {"ListeningId": 0, "ParameterID": 19, "Value": 673.971435546875}, {"ListeningId": 0, "ParameterID": 20, "Value": 1733.0885009765625}, {"ListeningId": 0, "ParameterID": 21, "Value": 601.8861083984375}, {"ListeningId": 0, "ParameterID": 22, "Value": 477.56878662109375}, {"ListeningId": 0, "ParameterID": 23, "Value": 712.453857421875}, {"ListeningId": 0, "ParameterID": 24, "Value": 1789.74365234375}, {"ListeningId": 0, "ParameterID": 25, "Value": 147.6178741455078}, {"ListeningId": 0, "ParameterID": 26, "Value": 0.0}, {"ListeningId": 0, "ParameterID": 27, "Value": 229.7622528076172}, {"ListeningId": 0, "ParameterID": 28, "Value": 377.6966552734375}, {"ListeningId": 0, "ParameterID": 13, "Value": 0.9630327820777893}, {"ListeningId": 0, "ParameterID": 14, "Value": 0.9947104454040527}, {"ListeningId": 0, "ParameterID": 15, "Value": 0.941256582736969}, {"ListeningId": 0, "ParameterID": 16, "Value": 0.9663332104682922}, {"ListeningId": 0, "ParameterID": 10, "Value": 50.00899887084961}, {"ListeningId": 0, "ParameterID": 11, "Value": 50.00899887084961}, {"ListeningId": 0, "ParameterID": 12, "Value": 50.00899887084961}, {"ListeningId": 0, "ParameterID": 32, "Value": 6314.5341796875}]}, {"ListeningId": 0, "MeterId": 3, "Timestamp": 1632424800, "listeningvalues": [{"ListeningId": 0, "ParameterID": 1, "Value": 230.66531372070312}, {"ListeningId": 0, "ParameterID": 2, "Value": 232.3272247314453}, {"ListeningId": 0, "ParameterID": 3, "Value": 231.13165283203125}, {"ListeningId": 0, "ParameterID": 4, "Value": 400.874267578125}, {"ListeningId": 0, "ParameterID": 5, "Value": 401.1748046875}, {"ListeningId": 0, "ParameterID": 6, "Value": 399.69720458984375}, {"ListeningId": 0, "ParameterID": 7, "Value": 2.4544837474823}, {"ListeningId": 0, "ParameterID": 8, "Value": 2.0935635566711426}, {"ListeningId": 0, "ParameterID": 9, "Value": 3.1097707748413086}, {"ListeningId": 0, "ParameterID": 17, "Value": 560.0947265625}, {"ListeningId": 0, "ParameterID": 18, "Value": 486.3918151855469}, {"ListeningId": 0, "ParameterID": 19, "Value": 676.029296875}, {"ListeningId": 0, "ParameterID": 20, "Value": 1722.515869140625}, {"ListeningId": 0, "ParameterID": 21, "Value": 566.1642456054688}, {"ListeningId": 0, "ParameterID": 22, "Value": 486.3918151855469}, {"ListeningId": 0, "ParameterID": 23, "Value": 718.7664794921875}, {"ListeningId": 0, "ParameterID": 24, "Value": 1771.322509765625}, {"ListeningId": 0, "ParameterID": 25, "Value": 82.67916107177734}, {"ListeningId": 0, "ParameterID": 26, "Value": 0.0}, {"ListeningId": 0, "ParameterID": 27, "Value": 244.15081787109375}, {"ListeningId": 0, "ParameterID": 28, "Value": 326.8299865722656}, {"ListeningId": 0, "ParameterID": 13, "Value": 0.989279568195343}, {"ListeningId": 0, "ParameterID": 14, "Value": 1.0}, {"ListeningId": 0, "ParameterID": 15, "Value": 0.9405409097671509}, {"ListeningId": 0, "ParameterID": 16, "Value": 0.9766068458557129}, {"ListeningId": 0, "ParameterID": 10, "Value": 50.00506591796875}, {"ListeningId": 0, "ParameterID": 11, "Value": 50.00506591796875}, {"ListeningId": 0, "ParameterID": 12, "Value": 50.00506591796875}, {"ListeningId": 0, "ParameterID": 32, "Value": 6315.96435546875}]}, {"ListeningId": 0, "MeterId": 4, "Timestamp": 1632424800, "listeningvalues": [{"ListeningId": 0, "ParameterID": 1, "Value": 230.2732696533203}, {"ListeningId": 0, "ParameterID": 2, "Value": 232.13034057617188}, {"ListeningId": 0, "ParameterID": 3, "Value": 230.3265838623047}, {"ListeningId": 0, "ParameterID": 4, "Value": 400.50213623046875}, {"ListeningId": 0, "ParameterID": 5, "Value": 401.1730041503906}, {"ListeningId": 0, "ParameterID": 6, "Value": 399.052001953125}, {"ListeningId": 0, "ParameterID": 7, "Value": 2.7014083862304688}, {"ListeningId": 0, "ParameterID": 8, "Value": 2.1015844345092773}, {"ListeningId": 0, "ParameterID": 9, "Value": 2.874889373779297}, {"ListeningId": 0, "ParameterID": 17, "Value": 603.2871704101562}, {"ListeningId": 0, "ParameterID": 18, "Value": 487.63818359375}, {"ListeningId": 0, "ParameterID": 19, "Value": 647.0366821289062}, {"ListeningId": 0, "ParameterID": 20, "Value": 1736.989501953125}, {"ListeningId": 0, "ParameterID": 21, "Value": 622.3153076171875}, {"ListeningId": 0, "ParameterID": 22, "Value": 488.115966796875}, {"ListeningId": 0, "ParameterID": 23, "Value": 663.8141479492188}, {"ListeningId": 0, "ParameterID": 24, "Value": 1775.2530517578125}, {"ListeningId": 0, "ParameterID": 25, "Value": 154.31265258789062}, {"ListeningId": 0, "ParameterID": 26, "Value": 0.0}, {"ListeningId": 0, "ParameterID": 27, "Value": 146.3256072998047}, {"ListeningId": 0, "ParameterID": 28, "Value": 300.46002197265625}, {"ListeningId": 0, "ParameterID": 13, "Value": 0.9795412421226501}, {"ListeningId": 0, "ParameterID": 14, "Value": 1.0}, {"ListeningId": 0, "ParameterID": 15, "Value": 0.965923547744751}, {"ListeningId": 0, "ParameterID": 16, "Value": 0.981821596622467}, {"ListeningId": 0, "ParameterID": 10, "Value": 50.00506591796875}, {"ListeningId": 0, "ParameterID": 11, "Value": 50.00506591796875}, {"ListeningId": 0, "ParameterID": 12, "Value": 50.00506591796875}, {"ListeningId": 0, "ParameterID": 32, "Value": 6316.07080078125}]}, {"ListeningId": 0, "MeterId": 5, "Timestamp": 1632424800, "listeningvalues": [{"ListeningId": 0, "ParameterID": 1, "Value": 231.78866577148438}, {"ListeningId": 0, "ParameterID": 2, "Value": 232.03395080566406}, {"ListeningId": 0, "ParameterID": 3, "Value": 230.8988494873047}, {"ListeningId": 0, "ParameterID": 4, "Value": 401.8464660644531}, {"ListeningId": 0, "ParameterID": 5, "Value": 401.55419921875}, {"ListeningId": 0, "ParameterID": 6, "Value": 400.74517822265625}, {"ListeningId": 0, "ParameterID": 7, "Value": 2.572267770767212}, {"ListeningId": 0, "ParameterID": 8, "Value": 1.8660489320755005}, {"ListeningId": 0, "ParameterID": 9, "Value": 2.937112331390381}, {"ListeningId": 0, "ParameterID": 17, "Value": 580.3681640625}, {"ListeningId": 0, "ParameterID": 18, "Value": 433.24456787109375}, {"ListeningId": 0, "ParameterID": 19, "Value": 645.2197875976562}, {"ListeningId": 0, "ParameterID": 20, "Value": 1659.67578125}, {"ListeningId": 0, "ParameterID": 21, "Value": 594.7800903320312}, {"ListeningId": 0, "ParameterID": 22, "Value": 432.497314453125}, {"ListeningId": 0, "ParameterID": 23, "Value": 679.176513671875}, {"ListeningId": 0, "ParameterID": 24, "Value": 1706.0250244140625}, {"ListeningId": 0, "ParameterID": 25, "Value": 130.15045166015625}, {"ListeningId": 0, "ParameterID": 26, "Value": 0.0}, {"ListeningId": 0, "ParameterID": 27, "Value": 212.26904296875}, {"ListeningId": 0, "ParameterID": 28, "Value": 342.4933166503906}, {"ListeningId": 0, "ParameterID": 13, "Value": 0.9681415557861328}, {"ListeningId": 0, "ParameterID": 14, "Value": 1.0}, {"ListeningId": 0, "ParameterID": 15, "Value": 0.9656725525856018}, {"ListeningId": 0, "ParameterID": 16, "Value": 0.9779379963874817}, {"ListeningId": 0, "ParameterID": 10, "Value": 50.00506591796875}, {"ListeningId": 0, "ParameterID": 11, "Value": 50.00506591796875}, {"ListeningId": 0, "ParameterID": 12, "Value": 50.00506591796875}, {"ListeningId": 0, "ParameterID": 32, "Value": 6312.9169921875}]}, {"ListeningId": 0, "MeterId": 6, "Timestamp": 1632424800, "listeningvalues": [{"ListeningId": 0, "ParameterID": 1, "Value": 230.40753173828125}, {"ListeningId": 0, "ParameterID": 2, "Value": 231.85972595214844}, {"ListeningId": 0, "ParameterID": 3, "Value": 229.7104034423828}, {"ListeningId": 0, "ParameterID": 4, "Value": 400.0801696777344}, {"ListeningId": 0, "ParameterID": 5, "Value": 399.9996032714844}, {"ListeningId": 0, "ParameterID": 6, "Value": 398.5458679199219}, {"ListeningId": 0, "ParameterID": 7, "Value": 2.2915961742401123}, {"ListeningId": 0, "ParameterID": 8, "Value": 2.0952212810516357}, {"ListeningId": 0, "ParameterID": 9, "Value": 3.1389365196228027}, {"ListeningId": 0, "ParameterID": 17, "Value": 518.1414184570312}, {"ListeningId": 0, "ParameterID": 18, "Value": 484.9256591796875}, {"ListeningId": 0, "ParameterID": 19, "Value": 678.4479370117188}, {"ListeningId": 0, "ParameterID": 20, "Value": 1682.8895263671875}, {"ListeningId": 0, "ParameterID": 21, "Value": 527.8121337890625}, {"ListeningId": 0, "ParameterID": 22, "Value": 485.1906433105469}, {"ListeningId": 0, "ParameterID": 23, "Value": 721.7819213867188}, {"ListeningId": 0, "ParameterID": 24, "Value": 1733.67822265625}, {"ListeningId": 0, "ParameterID": 25, "Value": 100.47940063476562}, {"ListeningId": 0, "ParameterID": 26, "Value": 0.0}, {"ListeningId": 0, "ParameterID": 27, "Value": 243.63609313964844}, {"ListeningId": 0, "ParameterID": 28, "Value": 344.6315002441406}, {"ListeningId": 0, "ParameterID": 13, "Value": 0.9826937317848206}, {"ListeningId": 0, "ParameterID": 14, "Value": 0.9953433871269226}, {"ListeningId": 0, "ParameterID": 15, "Value": 0.9832006096839905}, {"ListeningId": 0, "ParameterID": 16, "Value": 0.9870792031288147}, {"ListeningId": 0, "ParameterID": 10, "Value": 50.00506591796875}, {"ListeningId": 0, "ParameterID": 11, "Value": 50.00506591796875}, {"ListeningId": 0, "ParameterID": 12, "Value": 50.00506591796875}, {"ListeningId": 0, "ParameterID": 32, "Value": 6314.578125}]}, {"ListeningId": 0, "MeterId": 7, "Timestamp": 1632424800, "listeningvalues": [{"ListeningId": 0, "ParameterID": 1, "Value": 230.22549438476562}, {"ListeningId": 0, "ParameterID": 2, "Value": 232.70541381835938}, {"ListeningId": 0, "ParameterID": 3, "Value": 230.5330047607422}, {"ListeningId": 0, "ParameterID": 4, "Value": 400.7192077636719}, {"ListeningId": 0, "ParameterID": 5, "Value": 400.9547424316406}, {"ListeningId": 0, "ParameterID": 6, "Value": 399.1788635253906}, {"ListeningId": 0, "ParameterID": 7, "Value": 2.5395545959472656}, {"ListeningId": 0, "ParameterID": 8, "Value": 2.0271759033203125}, {"ListeningId": 0, "ParameterID": 9, "Value": 2.814692258834839}, {"ListeningId": 0, "ParameterID": 17, "Value": 560.4003295898438}, {"ListeningId": 0, "ParameterID": 18, "Value": 470.64581298828125}, {"ListeningId": 0, "ParameterID": 19, "Value": 637.5195922851562}, {"ListeningId": 0, "ParameterID": 20, "Value": 1668.3289794921875}, {"ListeningId": 0, "ParameterID": 21, "Value": 584.6531372070312}, {"ListeningId": 0, "ParameterID": 22, "Value": 471.2394714355469}, {"ListeningId": 0, "ParameterID": 23, "Value": 648.9700927734375}, {"ListeningId": 0, "ParameterID": 24, "Value": 1704.6373291015625}, {"ListeningId": 0, "ParameterID": 25, "Value": 165.6610870361328}, {"ListeningId": 0, "ParameterID": 26, "Value": 0.0}, {"ListeningId": 0, "ParameterID": 27, "Value": 120.49085998535156}, {"ListeningId": 0, "ParameterID": 28, "Value": 285.8962707519531}, {"ListeningId": 0, "ParameterID": 13, "Value": 0.9806130528450012}, {"ListeningId": 0, "ParameterID": 14, "Value": 0.9874880313873291}, {"ListeningId": 0, "ParameterID": 15, "Value": 0.9888609051704407}, {"ListeningId": 0, "ParameterID": 16, "Value": 0.9856539368629456}, {"ListeningId": 0, "ParameterID": 10, "Value": 50.00506591796875}, {"ListeningId": 0, "ParameterID": 11, "Value": 50.00506591796875}, {"ListeningId": 0, "ParameterID": 12, "Value": 50.00506591796875}, {"ListeningId": 0, "ParameterID": 32, "Value": 6316.86962890625}]}, {"ListeningId": 0, "MeterId": 8, "Timestamp": 1632424800, "listeningvalues": [{"ListeningId": 0, "ParameterID": 1, "Value": 231.27182006835938}, {"ListeningId": 0, "ParameterID": 2, "Value": 231.61903381347656}, {"ListeningId": 0, "ParameterID": 3, "Value": 230.16552734375}, {"ListeningId": 0, "ParameterID": 4, "Value": 401.27008056640625}, {"ListeningId": 0, "ParameterID": 5, "Value": 399.8501281738281}, {"ListeningId": 0, "ParameterID": 6, "Value": 399.7696228027344}, {"ListeningId": 0, "ParameterID": 7, "Value": 2.680889368057251}, {"ListeningId": 0, "ParameterID": 8, "Value": 2.1487860679626465}, {"ListeningId": 0, "ParameterID": 9, "Value": 2.71638560295105}, {"ListeningId": 0, "ParameterID": 17, "Value": 607.9939575195312}, {"ListeningId": 0, "ParameterID": 18, "Value": 491.4725646972656}, {"ListeningId": 0, "ParameterID": 19, "Value": 618.2539672851562}, {"ListeningId": 0, "ParameterID": 20, "Value": 1717.720458984375}, {"ListeningId": 0, "ParameterID": 21, "Value": 620.01416015625}, {"ListeningId": 0, "ParameterID": 22, "Value": 497.69976806640625}, {"ListeningId": 0, "ParameterID": 23, "Value": 625.2183227539062}, {"ListeningId": 0, "ParameterID": 24, "Value": 1742.93212890625}, {"ListeningId": 0, "ParameterID": 25, "Value": 121.49446868896484}, {"ListeningId": 0, "ParameterID": 26, "Value": 78.4842758178711}, {"ListeningId": 0, "ParameterID": 27, "Value": 93.05895233154297}, {"ListeningId": 0, "ParameterID": 28, "Value": 293.0376892089844}, {"ListeningId": 0, "ParameterID": 13, "Value": 0.9806130528450012}, {"ListeningId": 0, "ParameterID": 14, "Value": 0.9874880313873291}, {"ListeningId": 0, "ParameterID": 15, "Value": 0.9888609051704407}, {"ListeningId": 0, "ParameterID": 16, "Value": 0.9856539368629456}, {"ListeningId": 0, "ParameterID": 10, "Value": 49.98457336425781}, {"ListeningId": 0, "ParameterID": 11, "Value": 49.98457336425781}, {"ListeningId": 0, "ParameterID": 12, "Value": 49.98457336425781}, {"ListeningId": 0, "ParameterID": 32, "Value": 6316.86962890625}]}, {"ListeningId": 0, "MeterId": 9, "Timestamp": 1632424800, "listeningvalues": [{"ListeningId": 0, "ParameterID": 1, "Value": 230.72698974609375}, {"ListeningId": 0, "ParameterID": 2, "Value": 231.9125213623047}, {"ListeningId": 0, "ParameterID": 3, "Value": 231.17384338378906}, {"ListeningId": 0, "ParameterID": 4, "Value": 400.8104553222656}, {"ListeningId": 0, "ParameterID": 5, "Value": 400.683837890625}, {"ListeningId": 0, "ParameterID": 6, "Value": 399.7223815917969}, {"ListeningId": 0, "ParameterID": 7, "Value": 2.246572971343994}, {"ListeningId": 0, "ParameterID": 8, "Value": 2.1628973484039307}, {"ListeningId": 0, "ParameterID": 9, "Value": 2.952962875366211}, {"ListeningId": 0, "ParameterID": 17, "Value": 501.6711120605469}, {"ListeningId": 0, "ParameterID": 18, "Value": 500.932373046875}, {"ListeningId": 0, "ParameterID": 19, "Value": 651.8685913085938}, {"ListeningId": 0, "ParameterID": 20, "Value": 1654.0726318359375}, {"ListeningId": 0, "ParameterID": 21, "Value": 519.3368530273438}, {"ListeningId": 0, "ParameterID": 22, "Value": 501.4328308105469}, {"ListeningId": 0, "ParameterID": 23, "Value": 681.5128784179688}, {"ListeningId": 0, "ParameterID": 24, "Value": 1702.95947265625}, {"ListeningId": 0, "ParameterID": 25, "Value": 132.05419921875}, {"ListeningId": 0, "ParameterID": 26, "Value": 0.0}, {"ListeningId": 0, "ParameterID": 27, "Value": 199.72779846191406}, {"ListeningId": 0, "ParameterID": 28, "Value": 331.46221923828125}, {"ListeningId": 0, "ParameterID": 13, "Value": 0.98023521900177}, {"ListeningId": 0, "ParameterID": 14, "Value": 0.996117353439331}, {"ListeningId": 0, "ParameterID": 15, "Value": 0.9558350443840027}, {"ListeningId": 0, "ParameterID": 16, "Value": 0.9773958325386047}, {"ListeningId": 0, "ParameterID": 10, "Value": 49.98457336425781}, {"ListeningId": 0, "ParameterID": 11, "Value": 49.98457336425781}, {"ListeningId": 0, "ParameterID": 12, "Value": 49.98457336425781}, {"ListeningId": 0, "ParameterID": 32, "Value": 6320.478515625}]}, {"ListeningId": 0, "MeterId": 10, "Timestamp": 1632424800, "listeningvalues": [{"ListeningId": 0, "ParameterID": 1, "Value": 231.4049530029297}, {"ListeningId": 0, "ParameterID": 2, "Value": 232.3411865234375}, {"ListeningId": 0, "ParameterID": 3, "Value": 231.02549743652344}, {"ListeningId": 0, "ParameterID": 4, "Value": 401.5963134765625}, {"ListeningId": 0, "ParameterID": 5, "Value": 401.09625244140625}, {"ListeningId": 0, "ParameterID": 6, "Value": 400.361083984375}, {"ListeningId": 0, "ParameterID": 7, "Value": 2.348863363265991}, {"ListeningId": 0, "ParameterID": 8, "Value": 1.9890639781951904}, {"ListeningId": 0, "ParameterID": 9, "Value": 2.933943033218384}, {"ListeningId": 0, "ParameterID": 17, "Value": 538.4755859375}, {"ListeningId": 0, "ParameterID": 18, "Value": 461.8713073730469}, {"ListeningId": 0, "ParameterID": 19, "Value": 655.3778686523438}, {"ListeningId": 0, "ParameterID": 20, "Value": 1656.7708740234375}, {"ListeningId": 0, "ParameterID": 21, "Value": 543.6761474609375}, {"ListeningId": 0, "ParameterID": 22, "Value": 462.244873046875}, {"ListeningId": 0, "ParameterID": 23, "Value": 677.698974609375}, {"ListeningId": 0, "ParameterID": 24, "Value": 1684.12451171875}, {"ListeningId": 0, "ParameterID": 25, "Value": 71.34510040283203}, {"ListeningId": 0, "ParameterID": 26, "Value": 0.0}, {"ListeningId": 0, "ParameterID": 27, "Value": 173.49290466308594}, {"ListeningId": 0, "ParameterID": 28, "Value": 244.7585906982422}, {"ListeningId": 0, "ParameterID": 13, "Value": 0.9731251001358032}, {"ListeningId": 0, "ParameterID": 14, "Value": 1.0}, {"ListeningId": 0, "ParameterID": 15, "Value": 0.9576501250267029}, {"ListeningId": 0, "ParameterID": 16, "Value": 0.9769250750541687}, {"ListeningId": 0, "ParameterID": 10, "Value": 49.98457336425781}, {"ListeningId": 0, "ParameterID": 11, "Value": 49.98457336425781}, {"ListeningId": 0, "ParameterID": 12, "Value": 49.98457336425781}, {"ListeningId": 0, "ParameterID": 32, "Value": 7898.798828125}]}, {"ListeningId": 0, "MeterId": 11, "Timestamp": 1632424800, "listeningvalues": [{"ListeningId": 0, "ParameterID": 1, "Value": 231.7705535888672}, {"ListeningId": 0, "ParameterID": 2, "Value": 232.25567626953125}, {"ListeningId": 0, "ParameterID": 3, "Value": 230.08937072753906}, {"ListeningId": 0, "ParameterID": 4, "Value": 401.5522766113281}, {"ListeningId": 0, "ParameterID": 5, "Value": 399.9350280761719}, {"ListeningId": 0, "ParameterID": 6, "Value": 399.9341735839844}, {"ListeningId": 0, "ParameterID": 7, "Value": 2.4182803630828857}, {"ListeningId": 0, "ParameterID": 8, "Value": 1.8392666578292847}, {"ListeningId": 0, "ParameterID": 9, "Value": 2.740650177001953}, {"ListeningId": 0, "ParameterID": 17, "Value": 553.2117919921875}, {"ListeningId": 0, "ParameterID": 18, "Value": 426.5877380371094}, {"ListeningId": 0, "ParameterID": 19, "Value": 616.494873046875}, {"ListeningId": 0, "ParameterID": 20, "Value": 1593.617431640625}, {"ListeningId": 0, "ParameterID": 21, "Value": 560.9329833984375}, {"ListeningId": 0, "ParameterID": 22, "Value": 426.53460693359375}, {"ListeningId": 0, "ParameterID": 23, "Value": 629.9832763671875}, {"ListeningId": 0, "ParameterID": 24, "Value": 1617.3404541015625}, {"ListeningId": 0, "ParameterID": 25, "Value": 94.6507568359375}, {"ListeningId": 0, "ParameterID": 26, "Value": 16.118616104125977}, {"ListeningId": 0, "ParameterID": 27, "Value": 134.9193572998047}, {"ListeningId": 0, "ParameterID": 28, "Value": 245.80982971191406}, {"ListeningId": 0, "ParameterID": 13, "Value": 0.9715858101844788}, {"ListeningId": 0, "ParameterID": 14, "Value": 1.0}, {"ListeningId": 0, "ParameterID": 15, "Value": 0.9835065007209778}, {"ListeningId": 0, "ParameterID": 16, "Value": 0.9850307106971741}, {"ListeningId": 0, "ParameterID": 10, "Value": 49.98457336425781}, {"ListeningId": 0, "ParameterID": 11, "Value": 49.98457336425781}, {"ListeningId": 0, "ParameterID": 12, "Value": 49.98457336425781}, {"ListeningId": 0, "ParameterID": 32, "Value": 6310.33837890625}]}, {"ListeningId": 0, "MeterId": 12, "Timestamp": 1632424800, "listeningvalues": [{"ListeningId": 0, "ParameterID": 1, "Value": 231.12107849121094}, {"ListeningId": 0, "ParameterID": 2, "Value": 232.32888793945312}, {"ListeningId": 0, "ParameterID": 3, "Value": 230.24298095703125}, {"ListeningId": 0, "ParameterID": 4, "Value": 401.3157653808594}, {"ListeningId": 0, "ParameterID": 5, "Value": 400.4800720214844}, {"ListeningId": 0, "ParameterID": 6, "Value": 399.0890197753906}, {"ListeningId": 0, "ParameterID": 7, "Value": 2.4113221168518066}, {"ListeningId": 0, "ParameterID": 8, "Value": 1.8004677295684814}, {"ListeningId": 0, "ParameterID": 9, "Value": 3.021440029144287}, {"ListeningId": 0, "ParameterID": 17, "Value": 548.8466796875}, {"ListeningId": 0, "ParameterID": 18, "Value": 413.7969970703125}, {"ListeningId": 0, "ParameterID": 19, "Value": 659.0693969726562}, {"ListeningId": 0, "ParameterID": 20, "Value": 1620.7249755859375}, {"ListeningId": 0, "ParameterID": 21, "Value": 556.59033203125}, {"ListeningId": 0, "ParameterID": 22, "Value": 417.9202575683594}, {"ListeningId": 0, "ParameterID": 23, "Value": 694.7201538085938}, {"ListeningId": 0, "ParameterID": 24, "Value": 1668.7042236328125}, {"ListeningId": 0, "ParameterID": 25, "Value": 91.82099914550781}, {"ListeningId": 0, "ParameterID": 26, "Value": 62.13654708862305}, {"ListeningId": 0, "ParameterID": 27, "Value": 219.88978576660156}, {"ListeningId": 0, "ParameterID": 28, "Value": 373.8157958984375}, {"ListeningId": 0, "ParameterID": 13, "Value": 0.9744783043861389}, {"ListeningId": 0, "ParameterID": 14, "Value": 1.0}, {"ListeningId": 0, "ParameterID": 15, "Value": 0.9684542417526245}, {"ListeningId": 0, "ParameterID": 16, "Value": 0.9809775352478027}, {"ListeningId": 0, "ParameterID": 10, "Value": 49.98457336425781}, {"ListeningId": 0, "ParameterID": 11, "Value": 49.98457336425781}, {"ListeningId": 0, "ParameterID": 12, "Value": 49.98457336425781}, {"ListeningId": 0, "ParameterID": 32, "Value": 6310.6181640625}]}]