[{"ListeningId": 0, "MeterId": 1, "Timestamp": 1632425160, "listeningvalues": [{"ListeningId": 0, "ParameterID": 1, "Value": 230.91676330566406}, {"ListeningId": 0, "ParameterID": 2, "Value": 231.6805419921875}, {"ListeningId": 0, "ParameterID": 3, "Value": 230.18228149414062}, {"ListeningId": 0, "ParameterID": 4, "Value": 400.4556579589844}, {"ListeningId": 0, "ParameterID": 5, "Value": 399.6095886230469}, {"ListeningId": 0, "ParameterID": 6, "Value": 399.5733947753906}, {"ListeningId": 0, "ParameterID": 7, "Value": 2.6332125663757324}, {"ListeningId": 0, "ParameterID": 8, "Value": 1.8794032335281372}, {"ListeningId": 0, "ParameterID": 9, "Value": 2.9775819778442383}, {"ListeningId": 0, "ParameterID": 17, "Value": 606.1489868164062}, {"ListeningId": 0, "ParameterID": 18, "Value": 435.4211730957031}, {"ListeningId": 0, "ParameterID": 19, "Value": 670.3208618164062}, {"ListeningId": 0, "ParameterID": 20, "Value": 1711.89111328125}, {"ListeningId": 0, "ParameterID": 21, "Value": 608.0529174804688}, {"ListeningId": 0, "ParameterID": 22, "Value": 435.4211730957031}, {"ListeningId": 0, "ParameterID": 23, "Value": 685.3865966796875}, {"ListeningId": 0, "ParameterID": 24, "Value": 1728.8607177734375}, {"ListeningId": 0, "ParameterID": 25, "Value": 48.08066177368164}, {"ListeningId": 0, "ParameterID": 26, "Value": 0.0}, {"ListeningId": 0, "ParameterID": 27, "Value": 142.91506958007812}, {"ListeningId": 0, "ParameterID": 28, "Value": 190.9957275390625}, {"ListeningId": 0, "ParameterID": 13, "Value": 0.9852597117424011}, {"ListeningId": 0, "ParameterID": 14, "Value": 0.9912784099578857}, {"ListeningId": 0, "ParameterID": 15, "Value": 0.9684146046638489}, {"ListeningId": 0, "ParameterID": 16, "Value": 0.9816508889198303}, {"ListeningId": 0, "ParameterID": 10, "Value": 50.0066032409668}, {"ListeningId": 0, "ParameterID": 11, "Value": 50.0066032409668}, {"ListeningId": 0, "ParameterID": 12, "Value": 50.0066032409668}, {"ListeningId": 0, "ParameterID": 32, "Value": 6473.64013671875}]}, {"ListeningId": 0, "MeterId": 2, "Timestamp": 1632425160, "listeningvalues": [{"ListeningId": 0, "ParameterID": 1, "Value": 231.27037048339844}, {"ListeningId": 0, "ParameterID": 2, "Value": 231.32029724121094}, {"ListeningId": 0, "ParameterID": 3, "Value": 230.1571502685547}, {"ListeningId": 0, "ParameterID": 4, "Value": 401.02655029296875}, {"ListeningId": 0, "ParameterID": 5, "Value": 399.908447265625}, {"ListeningId": 0, "ParameterID": 6, "Value": 400.2952880859375}, {"ListeningId": 0, "ParameterID": 7, "Value": 2.6693038940429688}, {"ListeningId": 0, "ParameterID": 8, "Value": 2.1212568283081055}, {"ListeningId": 0, "ParameterID": 9, "Value": 3.006344795227051}, {"ListeningId": 0, "ParameterID": 17, "Value": 612.9374389648438}, {"ListeningId": 0, "ParameterID": 18, "Value": 490.12158203125}, {"ListeningId": 0, "ParameterID": 19, "Value": 663.1113891601562}, {"ListeningId": 0, "ParameterID": 20, "Value": 1766.3101806640625}, {"ListeningId": 0, "ParameterID": 21, "Value": 618.3252563476562}, {"ListeningId": 0, "ParameterID": 22, "Value": 490.2154846191406}, {"ListeningId": 0, "ParameterID": 23, "Value": 693.4447631835938}, {"ListeningId": 0, "ParameterID": 24, "Value": 1800.7296142578125}, {"ListeningId": 0, "ParameterID": 25, "Value": 81.61199188232422}, {"ListeningId": 0, "ParameterID": 26, "Value": 11.802071571350098}, {"ListeningId": 0, "ParameterID": 27, "Value": 200.54830932617188}, {"ListeningId": 0, "ParameterID": 28, "Value": 293.88873291015625}, {"ListeningId": 0, "ParameterID": 13, "Value": 0.9775441288948059}, {"ListeningId": 0, "ParameterID": 14, "Value": 1.0}, {"ListeningId": 0, "ParameterID": 15, "Value": 0.9532616138458252}, {"ListeningId": 0, "ParameterID": 16, "Value": 0.9769352078437805}, {"ListeningId": 0, "ParameterID": 10, "Value": 50.0066032409668}, {"ListeningId": 0, "ParameterID": 11, "Value": 50.0066032409668}, {"ListeningId": 0, "ParameterID": 12, "Value": 50.0066032409668}, {"ListeningId": 0, "ParameterID": 32, "Value": 6479.1865234375}]}, {"ListeningId": 0, "MeterId": 3, "Timestamp": 1632425160, "listeningvalues": [{"ListeningId": 0, "ParameterID": 1, "Value": 231.20928955078125}, {"ListeningId": 0, "ParameterID": 2, "Value": 231.50015258789062}, {"ListeningId": 0, "ParameterID": 3, "Value": 230.63258361816406}, {"ListeningId": 0, "ParameterID": 4, "Value": 400.70770263671875}, {"ListeningId": 0, "ParameterID": 5, "Value": 399.9034729003906}, {"ListeningId": 0, "ParameterID": 6, "Value": 400.3733215332031}, {"ListeningId": 0, "ParameterID": 7, "Value": 2.2795445919036865}, {"ListeningId": 0, "ParameterID": 8, "Value": 1.9109327793121338}, {"ListeningId": 0, "ParameterID": 9, "Value": 3.063520669937134}, {"ListeningId": 0, "ParameterID": 17, "Value": 511.8680419921875}, {"ListeningId": 0, "ParameterID": 18, "Value": 441.44293212890625}, {"ListeningId": 0, "ParameterID": 19, "Value": 687.5930786132812}, {"ListeningId": 0, "ParameterID": 20, "Value": 1639.464599609375}, {"ListeningId": 0, "ParameterID": 21, "Value": 527.2696533203125}, {"ListeningId": 0, "ParameterID": 22, "Value": 441.307861328125}, {"ListeningId": 0, "ParameterID": 23, "Value": 707.0704956054688}, {"ListeningId": 0, "ParameterID": 24, "Value": 1675.2802734375}, {"ListeningId": 0, "ParameterID": 25, "Value": 127.96632385253906}, {"ListeningId": 0, "ParameterID": 26, "Value": 0.0}, {"ListeningId": 0, "ParameterID": 27, "Value": 166.21949768066406}, {"ListeningId": 0, "ParameterID": 28, "Value": 293.9805603027344}, {"ListeningId": 0, "ParameterID": 13, "Value": 0.9664148092269897}, {"ListeningId": 0, "ParameterID": 14, "Value": 1.0}, {"ListeningId": 0, "ParameterID": 15, "Value": 0.9829511046409607}, {"ListeningId": 0, "ParameterID": 16, "Value": 0.983121931552887}, {"ListeningId": 0, "ParameterID": 10, "Value": 50.0066032409668}, {"ListeningId": 0, "ParameterID": 11, "Value": 50.0066032409668}, {"ListeningId": 0, "ParameterID": 12, "Value": 50.0066032409668}, {"ListeningId": 0, "ParameterID": 32, "Value": 6480.732421875}]}, {"ListeningId": 0, "MeterId": 4, "Timestamp": 1632425160, "listeningvalues": [{"ListeningId": 0, "ParameterID": 1, "Value": 230.51791381835938}, {"ListeningId": 0, "ParameterID": 2, "Value": 232.37962341308594}, {"ListeningId": 0, "ParameterID": 3, "Value": 229.89234924316406}, {"ListeningId": 0, "ParameterID": 4, "Value": 400.80072021484375}, {"ListeningId": 0, "ParameterID": 5, "Value": 400.4662780761719}, {"ListeningId": 0, "ParameterID": 6, "Value": 399.1061706542969}, {"ListeningId": 0, "ParameterID": 7, "Value": 2.699061870574951}, {"ListeningId": 0, "ParameterID": 8, "Value": 2.0615484714508057}, {"ListeningId": 0, "ParameterID": 9, "Value": 3.085502862930298}, {"ListeningId": 0, "ParameterID": 17, "Value": 611.39013671875}, {"ListeningId": 0, "ParameterID": 18, "Value": 479.1021728515625}, {"ListeningId": 0, "ParameterID": 19, "Value": 667.4032592773438}, {"ListeningId": 0, "ParameterID": 20, "Value": 1757.9375}, {"ListeningId": 0, "ParameterID": 21, "Value": 621.75390625}, {"ListeningId": 0, "ParameterID": 22, "Value": 478.96905517578125}, {"ListeningId": 0, "ParameterID": 23, "Value": 709.1055908203125}, {"ListeningId": 0, "ParameterID": 24, "Value": 1811.027587890625}, {"ListeningId": 0, "ParameterID": 25, "Value": 115.66029357910156}, {"ListeningId": 0, "ParameterID": 26, "Value": 0.0}, {"ListeningId": 0, "ParameterID": 27, "Value": 241.3726806640625}, {"ListeningId": 0, "ParameterID": 28, "Value": 356.9764404296875}, {"ListeningId": 0, "ParameterID": 13, "Value": 0.9735456705093384}, {"ListeningId": 0, "ParameterID": 14, "Value": 1.0}, {"ListeningId": 0, "ParameterID": 15, "Value": 0.9866735339164734}, {"ListeningId": 0, "ParameterID": 16, "Value": 0.9867396950721741}, {"ListeningId": 0, "ParameterID": 10, "Value": 50.0066032409668}, {"ListeningId": 0, "ParameterID": 11, "Value": 50.0066032409668}, {"ListeningId": 0, "ParameterID": 12, "Value": 50.0066032409668}, {"ListeningId": 0, "ParameterID": 32, "Value": 6479.68603515625}]}, {"ListeningId": 0, "MeterId": 5, "Timestamp": 1632425160, "listeningvalues": [{"ListeningId": 0, "ParameterID": 1, "Value": 231.57562255859375}, {"ListeningId": 0, "ParameterID": 2, "Value": 232.13824462890625}, {"ListeningId": 0, "ParameterID": 3, "Value": 230.32493591308594}, {"ListeningId": 0, "ParameterID": 4, "Value": 401.3396301269531}, {"ListeningId": 0, "ParameterID": 5, "Value": 400.4022521972656}, {"ListeningId": 0, "ParameterID": 6, "Value": 400.1820983886719}, {"ListeningId": 0, "ParameterID": 7, "Value": 2.4892666339874268}, {"ListeningId": 0, "ParameterID": 8, "Value": 1.9199998378753662}, {"ListeningId": 0, "ParameterID": 9, "Value": 3.023641347885132}, {"ListeningId": 0, "ParameterID": 17, "Value": 557.4749755859375}, {"ListeningId": 0, "ParameterID": 18, "Value": 445.70538330078125}, {"ListeningId": 0, "ParameterID": 19, "Value": 664.8263549804688}, {"ListeningId": 0, "ParameterID": 20, "Value": 1668.0067138671875}, {"ListeningId": 0, "ParameterID": 21, "Value": 576.4534912109375}, {"ListeningId": 0, "ParameterID": 22, "Value": 445.70538330078125}, {"ListeningId": 0, "ParameterID": 23, "Value": 696.4199829101562}, {"ListeningId": 0, "ParameterID": 24, "Value": 1718.578857421875}, {"ListeningId": 0, "ParameterID": 25, "Value": 146.6979217529297}, {"ListeningId": 0, "ParameterID": 26, "Value": 0.0}, {"ListeningId": 0, "ParameterID": 27, "Value": 207.3805389404297}, {"ListeningId": 0, "ParameterID": 28, "Value": 354.0784606933594}, {"ListeningId": 0, "ParameterID": 13, "Value": 0.9670770764350891}, {"ListeningId": 0, "ParameterID": 14, "Value": 1.0}, {"ListeningId": 0, "ParameterID": 15, "Value": 0.9546341896057129}, {"ListeningId": 0, "ParameterID": 16, "Value": 0.9739037156105042}, {"ListeningId": 0, "ParameterID": 10, "Value": 50.122032165527344}, {"ListeningId": 0, "ParameterID": 11, "Value": 50.122032165527344}, {"ListeningId": 0, "ParameterID": 12, "Value": 50.122032165527344}, {"ListeningId": 0, "ParameterID": 32, "Value": 6477.189453125}]}, {"ListeningId": 0, "MeterId": 6, "Timestamp": 1632425160, "listeningvalues": [{"ListeningId": 0, "ParameterID": 1, "Value": 231.40982055664062}, {"ListeningId": 0, "ParameterID": 2, "Value": 231.4306182861328}, {"ListeningId": 0, "ParameterID": 3, "Value": 231.0667724609375}, {"ListeningId": 0, "ParameterID": 4, "Value": 400.6095886230469}, {"ListeningId": 0, "ParameterID": 5, "Value": 400.21002197265625}, {"ListeningId": 0, "ParameterID": 6, "Value": 400.2847900390625}, {"ListeningId": 0, "ParameterID": 7, "Value": 2.434274911880493}, {"ListeningId": 0, "ParameterID": 8, "Value": 1.9048315286636353}, {"ListeningId": 0, "ParameterID": 9, "Value": 2.8957936763763428}, {"ListeningId": 0, "ParameterID": 17, "Value": 543.4153442382812}, {"ListeningId": 0, "ParameterID": 18, "Value": 440.822998046875}, {"ListeningId": 0, "ParameterID": 19, "Value": 630.7985229492188}, {"ListeningId": 0, "ParameterID": 20, "Value": 1616.6326904296875}, {"ListeningId": 0, "ParameterID": 21, "Value": 562.279541015625}, {"ListeningId": 0, "ParameterID": 22, "Value": 441.23583984375}, {"ListeningId": 0, "ParameterID": 23, "Value": 667.5411987304688}, {"ListeningId": 0, "ParameterID": 24, "Value": 1670.843505859375}, {"ListeningId": 0, "ParameterID": 25, "Value": 146.9450225830078}, {"ListeningId": 0, "ParameterID": 26, "Value": 8.339362144470215}, {"ListeningId": 0, "ParameterID": 27, "Value": 218.44154357910156}, {"ListeningId": 0, "ParameterID": 28, "Value": 374.06787109375}, {"ListeningId": 0, "ParameterID": 13, "Value": 0.9941282272338867}, {"ListeningId": 0, "ParameterID": 14, "Value": 1.0}, {"ListeningId": 0, "ParameterID": 15, "Value": 0.9675493836402893}, {"ListeningId": 0, "ParameterID": 16, "Value": 0.9872258305549622}, {"ListeningId": 0, "ParameterID": 10, "Value": 50.122032165527344}, {"ListeningId": 0, "ParameterID": 11, "Value": 50.122032165527344}, {"ListeningId": 0, "ParameterID": 12, "Value": 50.122032165527344}, {"ListeningId": 0, "ParameterID": 32, "Value": 6479.0830078125}]}, {"ListeningId": 0, "MeterId": 7, "Timestamp": 1632425160, "listeningvalues": [{"ListeningId": 0, "ParameterID": 1, "Value": 230.50852966308594}, {"ListeningId": 0, "ParameterID": 2, "Value": 232.40774536132812}, {"ListeningId": 0, "ParameterID": 3, "Value": 230.55575561523438}, {"ListeningId": 0, "ParameterID": 4, "Value": 400.7747497558594}, {"ListeningId": 0, "ParameterID": 5, "Value": 400.54571533203125}, {"ListeningId": 0, "ParameterID": 6, "Value": 399.29302978515625}, {"ListeningId": 0, "ParameterID": 7, "Value": 2.5088303089141846}, {"ListeningId": 0, "ParameterID": 8, "Value": 1.7643224000930786}, {"ListeningId": 0, "ParameterID": 9, "Value": 2.7598891258239746}, {"ListeningId": 0, "ParameterID": 17, "Value": 554.680419921875}, {"ListeningId": 0, "ParameterID": 18, "Value": 409.9781188964844}, {"ListeningId": 0, "ParameterID": 19, "Value": 628.643798828125}, {"ListeningId": 0, "ParameterID": 20, "Value": 1592.25634765625}, {"ListeningId": 0, "ParameterID": 21, "Value": 577.25}, {"ListeningId": 0, "ParameterID": 22, "Value": 409.90179443359375}, {"ListeningId": 0, "ParameterID": 23, "Value": 636.5965576171875}, {"ListeningId": 0, "ParameterID": 24, "Value": 1623.360595703125}, {"ListeningId": 0, "ParameterID": 25, "Value": 159.2503204345703}, {"ListeningId": 0, "ParameterID": 26, "Value": 0.0}, {"ListeningId": 0, "ParameterID": 27, "Value": 94.8974609375}, {"ListeningId": 0, "ParameterID": 28, "Value": 254.35711669921875}, {"ListeningId": 0, "ParameterID": 13, "Value": 0.9614757895469666}, {"ListeningId": 0, "ParameterID": 14, "Value": 1.0}, {"ListeningId": 0, "ParameterID": 15, "Value": 0.9576027989387512}, {"ListeningId": 0, "ParameterID": 16, "Value": 0.9730262160301208}, {"ListeningId": 0, "ParameterID": 10, "Value": 50.122032165527344}, {"ListeningId": 0, "ParameterID": 11, "Value": 50.122032165527344}, {"ListeningId": 0, "ParameterID": 12, "Value": 50.122032165527344}, {"ListeningId": 0, "ParameterID": 32, "Value": 6482.02490234375}]}, {"ListeningId": 0, "MeterId": 8, "Timestamp": 1632425160, "listeningvalues": [{"ListeningId": 0, "ParameterID": 1, "Value": 230.34014892578125}, {"ListeningId": 0, "ParameterID": 2, "Value": 232.2903594970703}, {"ListeningId": 0, "ParameterID": 3, "Value": 230.51171875}, {"ListeningId": 0, "ParameterID": 4, "Value": 400.5375671386719}, {"ListeningId": 0, "ParameterID": 5, "Value": 400.6210021972656}, {"ListeningId": 0, "ParameterID": 6, "Value": 399.3960876464844}, {"ListeningId": 0, "ParameterID": 7, "Value": 2.5066936016082764}, {"ListeningId": 0, "ParameterID": 8, "Value": 1.7624582052230835}, {"ListeningId": 0, "ParameterID": 9, "Value": 2.756077766418457}, {"ListeningId": 0, "ParameterID": 17, "Value": 554.56884765625}, {"ListeningId": 0, "ParameterID": 18, "Value": 409.6571350097656}, {"ListeningId": 0, "ParameterID": 19, "Value": 628.7061157226562}, {"ListeningId": 0, "ParameterID": 20, "Value": 1595.0419921875}, {"ListeningId": 0, "ParameterID": 21, "Value": 576.9927368164062}, {"ListeningId": 0, "ParameterID": 22, "Value": 409.3706359863281}, {"ListeningId": 0, "ParameterID": 23, "Value": 636.47802734375}, {"ListeningId": 0, "ParameterID": 24, "Value": 1622.977783203125}, {"ListeningId": 0, "ParameterID": 25, "Value": 159.24435424804688}, {"ListeningId": 0, "ParameterID": 26, "Value": 0.0}, {"ListeningId": 0, "ParameterID": 27, "Value": 94.8997802734375}, {"ListeningId": 0, "ParameterID": 28, "Value": 254.3201904296875}, {"ListeningId": 0, "ParameterID": 13, "Value": 0.9614757895469666}, {"ListeningId": 0, "ParameterID": 14, "Value": 1.0}, {"ListeningId": 0, "ParameterID": 15, "Value": 0.9576027989387512}, {"ListeningId": 0, "ParameterID": 16, "Value": 0.9730262160301208}, {"ListeningId": 0, "ParameterID": 10, "Value": 50.122032165527344}, {"ListeningId": 0, "ParameterID": 11, "Value": 50.122032165527344}, {"ListeningId": 0, "ParameterID": 12, "Value": 50.122032165527344}, {"ListeningId": 0, "ParameterID": 32, "Value": 6482.02490234375}]}, {"ListeningId": 0, "MeterId": 9, "Timestamp": 1632425160, "listeningvalues": [{"ListeningId": 0, "ParameterID": 1, "Value": 230.7935791015625}, {"ListeningId": 0, "ParameterID": 2, "Value": 232.60519409179688}, {"ListeningId": 0, "ParameterID": 3, "Value": 230.16184997558594}, {"ListeningId": 0, "ParameterID": 4, "Value": 401.2580871582031}, {"ListeningId": 0, "ParameterID": 5, "Value": 401.31732177734375}, {"ListeningId": 0, "ParameterID": 6, "Value": 399.27935791015625}, {"ListeningId": 0, "ParameterID": 7, "Value": 2.5989298820495605}, {"ListeningId": 0, "ParameterID": 8, "Value": 1.962499976158142}, {"ListeningId": 0, "ParameterID": 9, "Value": 3.1190431118011475}, {"ListeningId": 0, "ParameterID": 17, "Value": 582.324951171875}, {"ListeningId": 0, "ParameterID": 18, "Value": 456.91729736328125}, {"ListeningId": 0, "ParameterID": 19, "Value": 680.754638671875}, {"ListeningId": 0, "ParameterID": 20, "Value": 1721.487548828125}, {"ListeningId": 0, "ParameterID": 21, "Value": 599.5975952148438}, {"ListeningId": 0, "ParameterID": 22, "Value": 457.3153381347656}, {"ListeningId": 0, "ParameterID": 23, "Value": 718.8939819335938}, {"ListeningId": 0, "ParameterID": 24, "Value": 1776.4765625}, {"ListeningId": 0, "ParameterID": 25, "Value": 142.83984375}, {"ListeningId": 0, "ParameterID": 26, "Value": 0.0}, {"ListeningId": 0, "ParameterID": 27, "Value": 228.4164276123047}, {"ListeningId": 0, "ParameterID": 28, "Value": 371.5513916015625}, {"ListeningId": 0, "ParameterID": 13, "Value": 0.9835225939750671}, {"ListeningId": 0, "ParameterID": 14, "Value": 1.0}, {"ListeningId": 0, "ParameterID": 15, "Value": 0.9531601667404175}, {"ListeningId": 0, "ParameterID": 16, "Value": 0.9788942337036133}, {"ListeningId": 0, "ParameterID": 10, "Value": 50.122032165527344}, {"ListeningId": 0, "ParameterID": 11, "Value": 50.122032165527344}, {"ListeningId": 0, "ParameterID": 12, "Value": 50.122032165527344}, {"ListeningId": 0, "ParameterID": 32, "Value": 6485.0751953125}]}, {"ListeningId": 0, "MeterId": 10, "Timestamp": 1632425160, "listeningvalues": [{"ListeningId": 0, "ParameterID": 1, "Value": 231.31439208984375}, {"ListeningId": 0, "ParameterID": 2, "Value": 231.56729125976562}, {"ListeningId": 0, "ParameterID": 3, "Value": 230.44732666015625}, {"ListeningId": 0, "ParameterID": 4, "Value": 400.55682373046875}, {"ListeningId": 0, "ParameterID": 5, "Value": 399.7740173339844}, {"ListeningId": 0, "ParameterID": 6, "Value": 400.1656188964844}, {"ListeningId": 0, "ParameterID": 7, "Value": 2.24633526802063}, {"ListeningId": 0, "ParameterID": 8, "Value": 2.1635568141937256}, {"ListeningId": 0, "ParameterID": 9, "Value": 2.8404643535614014}, {"ListeningId": 0, "ParameterID": 17, "Value": 507.4659729003906}, {"ListeningId": 0, "ParameterID": 18, "Value": 500.6673583984375}, {"ListeningId": 0, "ParameterID": 19, "Value": 642.1345825195312}, {"ListeningId": 0, "ParameterID": 20, "Value": 1650.267822265625}, {"ListeningId": 0, "ParameterID": 21, "Value": 519.6096801757812}, {"ListeningId": 0, "ParameterID": 22, "Value": 501.0090026855469}, {"ListeningId": 0, "ParameterID": 23, "Value": 654.577392578125}, {"ListeningId": 0, "ParameterID": 24, "Value": 1675.196044921875}, {"ListeningId": 0, "ParameterID": 25, "Value": 111.68034362792969}, {"ListeningId": 0, "ParameterID": 26, "Value": 18.499155044555664}, {"ListeningId": 0, "ParameterID": 27, "Value": 127.02263641357422}, {"ListeningId": 0, "ParameterID": 28, "Value": 257.2021484375}, {"ListeningId": 0, "ParameterID": 13, "Value": 0.9766291975975037}, {"ListeningId": 0, "ParameterID": 14, "Value": 0.9993180632591248}, {"ListeningId": 0, "ParameterID": 15, "Value": 0.9809910655021667}, {"ListeningId": 0, "ParameterID": 16, "Value": 0.9856460690498352}, {"ListeningId": 0, "ParameterID": 10, "Value": 50.06918716430664}, {"ListeningId": 0, "ParameterID": 11, "Value": 50.06918716430664}, {"ListeningId": 0, "ParameterID": 12, "Value": 50.06918716430664}, {"ListeningId": 0, "ParameterID": 32, "Value": 8062.5126953125}]}, {"ListeningId": 0, "MeterId": 11, "Timestamp": 1632425160, "listeningvalues": [{"ListeningId": 0, "ParameterID": 1, "Value": 230.89512634277344}, {"ListeningId": 0, "ParameterID": 2, "Value": 231.9220428466797}, {"ListeningId": 0, "ParameterID": 3, "Value": 230.74378967285156}, {"ListeningId": 0, "ParameterID": 4, "Value": 400.86785888671875}, {"ListeningId": 0, "ParameterID": 5, "Value": 401.0242919921875}, {"ListeningId": 0, "ParameterID": 6, "Value": 399.93792724609375}, {"ListeningId": 0, "ParameterID": 7, "Value": 2.493886947631836}, {"ListeningId": 0, "ParameterID": 8, "Value": 2.1405029296875}, {"ListeningId": 0, "ParameterID": 9, "Value": 2.895622730255127}, {"ListeningId": 0, "ParameterID": 17, "Value": 560.0979614257812}, {"ListeningId": 0, "ParameterID": 18, "Value": 495.2448425292969}, {"ListeningId": 0, "ParameterID": 19, "Value": 635.0657348632812}, {"ListeningId": 0, "ParameterID": 20, "Value": 1690.495849609375}, {"ListeningId": 0, "ParameterID": 21, "Value": 576.1470336914062}, {"ListeningId": 0, "ParameterID": 22, "Value": 497.122314453125}, {"ListeningId": 0, "ParameterID": 23, "Value": 668.5153198242188}, {"ListeningId": 0, "ParameterID": 24, "Value": 1742.3133544921875}, {"ListeningId": 0, "ParameterID": 25, "Value": 133.2083282470703}, {"ListeningId": 0, "ParameterID": 26, "Value": 39.13932418823242}, {"ListeningId": 0, "ParameterID": 27, "Value": 205.69725036621094}, {"ListeningId": 0, "ParameterID": 28, "Value": 377.8463134765625}, {"ListeningId": 0, "ParameterID": 13, "Value": 0.9789284467697144}, {"ListeningId": 0, "ParameterID": 14, "Value": 1.0}, {"ListeningId": 0, "ParameterID": 15, "Value": 0.9870573282241821}, {"ListeningId": 0, "ParameterID": 16, "Value": 0.9886619448661804}, {"ListeningId": 0, "ParameterID": 10, "Value": 50.06918716430664}, {"ListeningId": 0, "ParameterID": 11, "Value": 50.06918716430664}, {"ListeningId": 0, "ParameterID": 12, "Value": 50.06918716430664}, {"ListeningId": 0, "ParameterID": 32, "Value": 6474.95947265625}]}, {"ListeningId": 0, "MeterId": 12, "Timestamp": 1632425160, "listeningvalues": [{"ListeningId": 0, "ParameterID": 1, "Value": 231.31861877441406}, {"ListeningId": 0, "ParameterID": 2, "Value": 232.45521545410156}, {"ListeningId": 0, "ParameterID": 3, "Value": 230.6881103515625}, {"ListeningId": 0, "ParameterID": 4, "Value": 401.4412536621094}, {"ListeningId": 0, "ParameterID": 5, "Value": 400.90240478515625}, {"ListeningId": 0, "ParameterID": 6, "Value": 400.1423034667969}, {"ListeningId": 0, "ParameterID": 7, "Value": 2.686081886291504}, {"ListeningId": 0, "ParameterID": 8, "Value": 2.027399778366089}, {"ListeningId": 0, "ParameterID": 9, "Value": 2.838449716567993}, {"ListeningId": 0, "ParameterID": 17, "Value": 597.7140502929688}, {"ListeningId": 0, "ParameterID": 18, "Value": 465.6580810546875}, {"ListeningId": 0, "ParameterID": 19, "Value": 631.3789672851562}, {"ListeningId": 0, "ParameterID": 20, "Value": 1694.7835693359375}, {"ListeningId": 0, "ParameterID": 21, "Value": 621.2324829101562}, {"ListeningId": 0, "ParameterID": 22, "Value": 471.9277648925781}, {"ListeningId": 0, "ParameterID": 23, "Value": 654.4712524414062}, {"ListeningId": 0, "ParameterID": 24, "Value": 1746.6533203125}, {"ListeningId": 0, "ParameterID": 25, "Value": 170.04408264160156}, {"ListeningId": 0, "ParameterID": 26, "Value": 76.10165405273438}, {"ListeningId": 0, "ParameterID": 27, "Value": 174.84335327148438}, {"ListeningId": 0, "ParameterID": 28, "Value": 421.33966064453125}, {"ListeningId": 0, "ParameterID": 13, "Value": 0.9647259712219238}, {"ListeningId": 0, "ParameterID": 14, "Value": 0.9873849153518677}, {"ListeningId": 0, "ParameterID": 15, "Value": 0.9501968622207642}, {"ListeningId": 0, "ParameterID": 16, "Value": 0.967435896396637}, {"ListeningId": 0, "ParameterID": 10, "Value": 50.06918716430664}, {"ListeningId": 0, "ParameterID": 11, "Value": 50.06918716430664}, {"ListeningId": 0, "ParameterID": 12, "Value": 50.06918716430664}, {"ListeningId": 0, "ParameterID": 32, "Value": 6475.0341796875}]}]