[{"ListeningId": 0, "MeterId": 1, "Timestamp": 1632424140, "listeningvalues": [{"ListeningId": 0, "ParameterID": 1, "Value": 230.59481811523438}, {"ListeningId": 0, "ParameterID": 2, "Value": 231.48695373535156}, {"ListeningId": 0, "ParameterID": 3, "Value": 230.01084899902344}, {"ListeningId": 0, "ParameterID": 4, "Value": 400.0006103515625}, {"ListeningId": 0, "ParameterID": 5, "Value": 399.7648620605469}, {"ListeningId": 0, "ParameterID": 6, "Value": 399.2275695800781}, {"ListeningId": 0, "ParameterID": 7, "Value": 2.499589204788208}, {"ListeningId": 0, "ParameterID": 8, "Value": 2.166257619857788}, {"ListeningId": 0, "ParameterID": 9, "Value": 3.0645430088043213}, {"ListeningId": 0, "ParameterID": 17, "Value": 556.8641357421875}, {"ListeningId": 0, "ParameterID": 18, "Value": 501.46038818359375}, {"ListeningId": 0, "ParameterID": 19, "Value": 681.2816162109375}, {"ListeningId": 0, "ParameterID": 20, "Value": 1739.6060791015625}, {"ListeningId": 0, "ParameterID": 21, "Value": 576.392333984375}, {"ListeningId": 0, "ParameterID": 22, "Value": 501.46038818359375}, {"ListeningId": 0, "ParameterID": 23, "Value": 704.8781127929688}, {"ListeningId": 0, "ParameterID": 24, "Value": 1782.73095703125}, {"ListeningId": 0, "ParameterID": 25, "Value": 148.76312255859375}, {"ListeningId": 0, "ParameterID": 26, "Value": 0.0}, {"ListeningId": 0, "ParameterID": 27, "Value": 180.85499572753906}, {"ListeningId": 0, "ParameterID": 28, "Value": 329.61810302734375}, {"ListeningId": 0, "ParameterID": 13, "Value": 0.9825192093849182}, {"ListeningId": 0, "ParameterID": 14, "Value": 1.0}, {"ListeningId": 0, "ParameterID": 15, "Value": 0.9579453468322754}, {"ListeningId": 0, "ParameterID": 16, "Value": 0.980154812335968}, {"ListeningId": 0, "ParameterID": 10, "Value": 50.08672332763672}, {"ListeningId": 0, "ParameterID": 11, "Value": 50.08672332763672}, {"ListeningId": 0, "ParameterID": 12, "Value": 50.08672332763672}, {"ListeningId": 0, "ParameterID": 32, "Value": 6007.78076171875}]}, {"ListeningId": 0, "MeterId": 2, "Timestamp": 1632424140, "listeningvalues": [{"ListeningId": 0, "ParameterID": 1, "Value": 230.85682678222656}, {"ListeningId": 0, "ParameterID": 2, "Value": 231.78895568847656}, {"ListeningId": 0, "ParameterID": 3, "Value": 230.2653045654297}, {"ListeningId": 0, "ParameterID": 4, "Value": 400.0906677246094}, {"ListeningId": 0, "ParameterID": 5, "Value": 399.7431945800781}, {"ListeningId": 0, "ParameterID": 6, "Value": 399.01702880859375}, {"ListeningId": 0, "ParameterID": 7, "Value": 2.319256067276001}, {"ListeningId": 0, "ParameterID": 8, "Value": 2.043320894241333}, {"ListeningId": 0, "ParameterID": 9, "Value": 2.667959213256836}, {"ListeningId": 0, "ParameterID": 17, "Value": 520.4554443359375}, {"ListeningId": 0, "ParameterID": 18, "Value": 467.51287841796875}, {"ListeningId": 0, "ParameterID": 19, "Value": 596.7029418945312}, {"ListeningId": 0, "ParameterID": 20, "Value": 1585.8402099609375}, {"ListeningId": 0, "ParameterID": 21, "Value": 534.62109375}, {"ListeningId": 0, "ParameterID": 22, "Value": 472.7112121582031}, {"ListeningId": 0, "ParameterID": 23, "Value": 614.7528076171875}, {"ListeningId": 0, "ParameterID": 24, "Value": 1620.87060546875}, {"ListeningId": 0, "ParameterID": 25, "Value": 125.51732635498047}, {"ListeningId": 0, "ParameterID": 26, "Value": 71.4117660522461}, {"ListeningId": 0, "ParameterID": 27, "Value": 144.32814025878906}, {"ListeningId": 0, "ParameterID": 28, "Value": 341.1814880371094}, {"ListeningId": 0, "ParameterID": 13, "Value": 0.9877676963806152}, {"ListeningId": 0, "ParameterID": 14, "Value": 0.9892080426216125}, {"ListeningId": 0, "ParameterID": 15, "Value": 0.9536751508712769}, {"ListeningId": 0, "ParameterID": 16, "Value": 0.976883590221405}, {"ListeningId": 0, "ParameterID": 10, "Value": 50.08672332763672}, {"ListeningId": 0, "ParameterID": 11, "Value": 50.08672332763672}, {"ListeningId": 0, "ParameterID": 12, "Value": 50.08672332763672}, {"ListeningId": 0, "ParameterID": 32, "Value": 6012.908203125}]}, {"ListeningId": 0, "MeterId": 3, "Timestamp": 1632424140, "listeningvalues": [{"ListeningId": 0, "ParameterID": 1, "Value": 231.31690979003906}, {"ListeningId": 0, "ParameterID": 2, "Value": 231.96572875976562}, {"ListeningId": 0, "ParameterID": 3, "Value": 230.74383544921875}, {"ListeningId": 0, "ParameterID": 4, "Value": 401.4834899902344}, {"ListeningId": 0, "ParameterID": 5, "Value": 401.10296630859375}, {"ListeningId": 0, "ParameterID": 6, "Value": 400.6795349121094}, {"ListeningId": 0, "ParameterID": 7, "Value": 2.604797601699829}, {"ListeningId": 0, "ParameterID": 8, "Value": 1.963585376739502}, {"ListeningId": 0, "ParameterID": 9, "Value": 2.9632115364074707}, {"ListeningId": 0, "ParameterID": 17, "Value": 582.8323364257812}, {"ListeningId": 0, "ParameterID": 18, "Value": 454.01885986328125}, {"ListeningId": 0, "ParameterID": 19, "Value": 653.527587890625}, {"ListeningId": 0, "ParameterID": 20, "Value": 1691.8365478515625}, {"ListeningId": 0, "ParameterID": 21, "Value": 603.1099243164062}, {"ListeningId": 0, "ParameterID": 22, "Value": 455.26983642578125}, {"ListeningId": 0, "ParameterID": 23, "Value": 684.6590576171875}, {"ListeningId": 0, "ParameterID": 24, "Value": 1743.9722900390625}, {"ListeningId": 0, "ParameterID": 25, "Value": 151.6522674560547}, {"ListeningId": 0, "ParameterID": 26, "Value": 25.80010414123535}, {"ListeningId": 0, "ParameterID": 27, "Value": 201.92295837402344}, {"ListeningId": 0, "ParameterID": 28, "Value": 379.369140625}, {"ListeningId": 0, "ParameterID": 13, "Value": 0.9680981636047363}, {"ListeningId": 0, "ParameterID": 14, "Value": 1.0}, {"ListeningId": 0, "ParameterID": 15, "Value": 0.9593591094017029}, {"ListeningId": 0, "ParameterID": 16, "Value": 0.9758191108703613}, {"ListeningId": 0, "ParameterID": 10, "Value": 50.08672332763672}, {"ListeningId": 0, "ParameterID": 11, "Value": 50.08672332763672}, {"ListeningId": 0, "ParameterID": 12, "Value": 50.08672332763672}, {"ListeningId": 0, "ParameterID": 32, "Value": 6014.84521484375}]}, {"ListeningId": 0, "MeterId": 4, "Timestamp": 1632424140, "listeningvalues": [{"ListeningId": 0, "ParameterID": 1, "Value": 231.43760681152344}, {"ListeningId": 0, "ParameterID": 2, "Value": 232.15623474121094}, {"ListeningId": 0, "ParameterID": 3, "Value": 231.09762573242188}, {"ListeningId": 0, "ParameterID": 4, "Value": 400.9715576171875}, {"ListeningId": 0, "ParameterID": 5, "Value": 400.6969299316406}, {"ListeningId": 0, "ParameterID": 6, "Value": 400.9732360839844}, {"ListeningId": 0, "ParameterID": 7, "Value": 2.723661422729492}, {"ListeningId": 0, "ParameterID": 8, "Value": 2.0413403511047363}, {"ListeningId": 0, "ParameterID": 9, "Value": 2.6538424491882324}, {"ListeningId": 0, "ParameterID": 17, "Value": 623.6588745117188}, {"ListeningId": 0, "ParameterID": 18, "Value": 472.6702575683594}, {"ListeningId": 0, "ParameterID": 19, "Value": 584.5388793945312}, {"ListeningId": 0, "ParameterID": 20, "Value": 1683.1993408203125}, {"ListeningId": 0, "ParameterID": 21, "Value": 630.9313354492188}, {"ListeningId": 0, "ParameterID": 22, "Value": 472.78692626953125}, {"ListeningId": 0, "ParameterID": 23, "Value": 613.7083129882812}, {"ListeningId": 0, "ParameterID": 24, "Value": 1718.3973388671875}, {"ListeningId": 0, "ParameterID": 25, "Value": 91.44628143310547}, {"ListeningId": 0, "ParameterID": 26, "Value": 0.0}, {"ListeningId": 0, "ParameterID": 27, "Value": 187.44302368164062}, {"ListeningId": 0, "ParameterID": 28, "Value": 279.068359375}, {"ListeningId": 0, "ParameterID": 13, "Value": 0.9744819402694702}, {"ListeningId": 0, "ParameterID": 14, "Value": 1.0}, {"ListeningId": 0, "ParameterID": 15, "Value": 0.9494033455848694}, {"ListeningId": 0, "ParameterID": 16, "Value": 0.9746284484863281}, {"ListeningId": 0, "ParameterID": 10, "Value": 50.08672332763672}, {"ListeningId": 0, "ParameterID": 11, "Value": 50.08672332763672}, {"ListeningId": 0, "ParameterID": 12, "Value": 50.08672332763672}, {"ListeningId": 0, "ParameterID": 32, "Value": 6013.875}]}, {"ListeningId": 0, "MeterId": 5, "Timestamp": 1632424140, "listeningvalues": [{"ListeningId": 0, "ParameterID": 1, "Value": 231.0020751953125}, {"ListeningId": 0, "ParameterID": 2, "Value": 231.33416748046875}, {"ListeningId": 0, "ParameterID": 3, "Value": 230.17437744140625}, {"ListeningId": 0, "ParameterID": 4, "Value": 400.15460205078125}, {"ListeningId": 0, "ParameterID": 5, "Value": 399.913330078125}, {"ListeningId": 0, "ParameterID": 6, "Value": 399.6384582519531}, {"ListeningId": 0, "ParameterID": 7, "Value": 2.720517158508301}, {"ListeningId": 0, "ParameterID": 8, "Value": 2.1649835109710693}, {"ListeningId": 0, "ParameterID": 9, "Value": 2.984257698059082}, {"ListeningId": 0, "ParameterID": 17, "Value": 601.920654296875}, {"ListeningId": 0, "ParameterID": 18, "Value": 500.83465576171875}, {"ListeningId": 0, "ParameterID": 19, "Value": 651.1124267578125}, {"ListeningId": 0, "ParameterID": 20, "Value": 1753.8677978515625}, {"ListeningId": 0, "ParameterID": 21, "Value": 628.4451293945312}, {"ListeningId": 0, "ParameterID": 22, "Value": 500.83465576171875}, {"ListeningId": 0, "ParameterID": 23, "Value": 686.899658203125}, {"ListeningId": 0, "ParameterID": 24, "Value": 1816.179443359375}, {"ListeningId": 0, "ParameterID": 25, "Value": 180.6510772705078}, {"ListeningId": 0, "ParameterID": 26, "Value": 0.0}, {"ListeningId": 0, "ParameterID": 27, "Value": 218.823486328125}, {"ListeningId": 0, "ParameterID": 28, "Value": 399.47454833984375}, {"ListeningId": 0, "ParameterID": 13, "Value": 0.9577934741973877}, {"ListeningId": 0, "ParameterID": 14, "Value": 1.0}, {"ListeningId": 0, "ParameterID": 15, "Value": 0.9479003548622131}, {"ListeningId": 0, "ParameterID": 16, "Value": 0.9685645699501038}, {"ListeningId": 0, "ParameterID": 10, "Value": 50.013038635253906}, {"ListeningId": 0, "ParameterID": 11, "Value": 50.013038635253906}, {"ListeningId": 0, "ParameterID": 12, "Value": 50.013038635253906}, {"ListeningId": 0, "ParameterID": 32, "Value": 6011.6875}]}, {"ListeningId": 0, "MeterId": 6, "Timestamp": 1632424140, "listeningvalues": [{"ListeningId": 0, "ParameterID": 1, "Value": 230.7903289794922}, {"ListeningId": 0, "ParameterID": 2, "Value": 231.9872589111328}, {"ListeningId": 0, "ParameterID": 3, "Value": 230.32504272460938}, {"ListeningId": 0, "ParameterID": 4, "Value": 400.7728271484375}, {"ListeningId": 0, "ParameterID": 5, "Value": 400.34326171875}, {"ListeningId": 0, "ParameterID": 6, "Value": 399.3436584472656}, {"ListeningId": 0, "ParameterID": 7, "Value": 2.625011682510376}, {"ListeningId": 0, "ParameterID": 8, "Value": 1.962517261505127}, {"ListeningId": 0, "ParameterID": 9, "Value": 2.8879568576812744}, {"ListeningId": 0, "ParameterID": 17, "Value": 588.7723388671875}, {"ListeningId": 0, "ParameterID": 18, "Value": 455.5509033203125}, {"ListeningId": 0, "ParameterID": 19, "Value": 630.5524291992188}, {"ListeningId": 0, "ParameterID": 20, "Value": 1673.1663818359375}, {"ListeningId": 0, "ParameterID": 21, "Value": 605.8012084960938}, {"ListeningId": 0, "ParameterID": 22, "Value": 455.47998046875}, {"ListeningId": 0, "ParameterID": 23, "Value": 666.1971435546875}, {"ListeningId": 0, "ParameterID": 24, "Value": 1728.447265625}, {"ListeningId": 0, "ParameterID": 25, "Value": 144.30311584472656}, {"ListeningId": 0, "ParameterID": 26, "Value": 0.0}, {"ListeningId": 0, "ParameterID": 27, "Value": 214.7035675048828}, {"ListeningId": 0, "ParameterID": 28, "Value": 359.2160339355469}, {"ListeningId": 0, "ParameterID": 13, "Value": 0.9676569104194641}, {"ListeningId": 0, "ParameterID": 14, "Value": 1.0}, {"ListeningId": 0, "ParameterID": 15, "Value": 0.9549561142921448}, {"ListeningId": 0, "ParameterID": 16, "Value": 0.9742043018341064}, {"ListeningId": 0, "ParameterID": 10, "Value": 50.013038635253906}, {"ListeningId": 0, "ParameterID": 11, "Value": 50.013038635253906}, {"ListeningId": 0, "ParameterID": 12, "Value": 50.013038635253906}, {"ListeningId": 0, "ParameterID": 32, "Value": 6012.5244140625}]}, {"ListeningId": 0, "MeterId": 7, "Timestamp": 1632424140, "listeningvalues": [{"ListeningId": 0, "ParameterID": 1, "Value": 231.5597381591797}, {"ListeningId": 0, "ParameterID": 2, "Value": 231.46995544433594}, {"ListeningId": 0, "ParameterID": 3, "Value": 231.00180053710938}, {"ListeningId": 0, "ParameterID": 4, "Value": 401.0018310546875}, {"ListeningId": 0, "ParameterID": 5, "Value": 401.198486328125}, {"ListeningId": 0, "ParameterID": 6, "Value": 400.75164794921875}, {"ListeningId": 0, "ParameterID": 7, "Value": 2.6421077251434326}, {"ListeningId": 0, "ParameterID": 8, "Value": 2.2101645469665527}, {"ListeningId": 0, "ParameterID": 9, "Value": 2.685807466506958}, {"ListeningId": 0, "ParameterID": 17, "Value": 592.05419921875}, {"ListeningId": 0, "ParameterID": 18, "Value": 509.85430908203125}, {"ListeningId": 0, "ParameterID": 19, "Value": 614.0040893554688}, {"ListeningId": 0, "ParameterID": 20, "Value": 1717.73583984375}, {"ListeningId": 0, "ParameterID": 21, "Value": 610.9500122070312}, {"ListeningId": 0, "ParameterID": 22, "Value": 511.31317138671875}, {"ListeningId": 0, "ParameterID": 23, "Value": 621.5794067382812}, {"ListeningId": 0, "ParameterID": 24, "Value": 1744.2791748046875}, {"ListeningId": 0, "ParameterID": 25, "Value": 151.66580200195312}, {"ListeningId": 0, "ParameterID": 26, "Value": 39.12605667114258}, {"ListeningId": 0, "ParameterID": 27, "Value": 91.6689453125}, {"ListeningId": 0, "ParameterID": 28, "Value": 282.4033508300781}, {"ListeningId": 0, "ParameterID": 13, "Value": 0.9764845371246338}, {"ListeningId": 0, "ParameterID": 14, "Value": 1.0}, {"ListeningId": 0, "ParameterID": 15, "Value": 0.9485679268836975}, {"ListeningId": 0, "ParameterID": 16, "Value": 0.9750174880027771}, {"ListeningId": 0, "ParameterID": 10, "Value": 50.013038635253906}, {"ListeningId": 0, "ParameterID": 11, "Value": 50.013038635253906}, {"ListeningId": 0, "ParameterID": 12, "Value": 50.013038635253906}, {"ListeningId": 0, "ParameterID": 32, "Value": 6015.1728515625}]}, {"ListeningId": 0, "MeterId": 8, "Timestamp": 1632424140, "listeningvalues": [{"ListeningId": 0, "ParameterID": 1, "Value": 231.52816772460938}, {"ListeningId": 0, "ParameterID": 2, "Value": 231.68267822265625}, {"ListeningId": 0, "ParameterID": 3, "Value": 231.2571563720703}, {"ListeningId": 0, "ParameterID": 4, "Value": 401.10589599609375}, {"ListeningId": 0, "ParameterID": 5, "Value": 400.4395751953125}, {"ListeningId": 0, "ParameterID": 6, "Value": 400.7602844238281}, {"ListeningId": 0, "ParameterID": 7, "Value": 2.640751600265503}, {"ListeningId": 0, "ParameterID": 8, "Value": 2.2090117931365967}, {"ListeningId": 0, "ParameterID": 9, "Value": 2.6859381198883057}, {"ListeningId": 0, "ParameterID": 17, "Value": 592.2551879882812}, {"ListeningId": 0, "ParameterID": 18, "Value": 510.0001220703125}, {"ListeningId": 0, "ParameterID": 19, "Value": 614.1608276367188}, {"ListeningId": 0, "ParameterID": 20, "Value": 1717.5255126953125}, {"ListeningId": 0, "ParameterID": 21, "Value": 611.1394653320312}, {"ListeningId": 0, "ParameterID": 22, "Value": 511.9224548339844}, {"ListeningId": 0, "ParameterID": 23, "Value": 620.6650390625}, {"ListeningId": 0, "ParameterID": 24, "Value": 1742.1527099609375}, {"ListeningId": 0, "ParameterID": 25, "Value": 151.57029724121094}, {"ListeningId": 0, "ParameterID": 26, "Value": 39.08260726928711}, {"ListeningId": 0, "ParameterID": 27, "Value": 91.7822036743164}, {"ListeningId": 0, "ParameterID": 28, "Value": 282.67041015625}, {"ListeningId": 0, "ParameterID": 13, "Value": 0.9764845371246338}, {"ListeningId": 0, "ParameterID": 14, "Value": 1.0}, {"ListeningId": 0, "ParameterID": 15, "Value": 0.9485679268836975}, {"ListeningId": 0, "ParameterID": 16, "Value": 0.9750174880027771}, {"ListeningId": 0, "ParameterID": 10, "Value": 50.013038635253906}, {"ListeningId": 0, "ParameterID": 11, "Value": 50.013038635253906}, {"ListeningId": 0, "ParameterID": 12, "Value": 50.013038635253906}, {"ListeningId": 0, "ParameterID": 32, "Value": 6015.1728515625}]}, {"ListeningId": 0, "MeterId": 9, "Timestamp": 1632424140, "listeningvalues": [{"ListeningId": 0, "ParameterID": 1, "Value": 231.26983642578125}, {"ListeningId": 0, "ParameterID": 2, "Value": 231.97271728515625}, {"ListeningId": 0, "ParameterID": 3, "Value": 230.18081665039062}, {"ListeningId": 0, "ParameterID": 4, "Value": 401.15277099609375}, {"ListeningId": 0, "ParameterID": 5, "Value": 400.4906921386719}, {"ListeningId": 0, "ParameterID": 6, "Value": 399.7162780761719}, {"ListeningId": 0, "ParameterID": 7, "Value": 2.702458381652832}, {"ListeningId": 0, "ParameterID": 8, "Value": 2.094082832336426}, {"ListeningId": 0, "ParameterID": 9, "Value": 2.708249807357788}, {"ListeningId": 0, "ParameterID": 17, "Value": 600.7535400390625}, {"ListeningId": 0, "ParameterID": 18, "Value": 481.50079345703125}, {"ListeningId": 0, "ParameterID": 19, "Value": 606.7416381835938}, {"ListeningId": 0, "ParameterID": 20, "Value": 1691.2498779296875}, {"ListeningId": 0, "ParameterID": 21, "Value": 625.787109375}, {"ListeningId": 0, "ParameterID": 22, "Value": 486.0279541015625}, {"ListeningId": 0, "ParameterID": 23, "Value": 623.0287475585938}, {"ListeningId": 0, "ParameterID": 24, "Value": 1734.6968994140625}, {"ListeningId": 0, "ParameterID": 25, "Value": 172.45986938476562}, {"ListeningId": 0, "ParameterID": 26, "Value": 63.79303741455078}, {"ListeningId": 0, "ParameterID": 27, "Value": 139.96014404296875}, {"ListeningId": 0, "ParameterID": 28, "Value": 376.0262145996094}, {"ListeningId": 0, "ParameterID": 13, "Value": 0.9909629225730896}, {"ListeningId": 0, "ParameterID": 14, "Value": 1.0}, {"ListeningId": 0, "ParameterID": 15, "Value": 0.9820286631584167}, {"ListeningId": 0, "ParameterID": 16, "Value": 0.9909972548484802}, {"ListeningId": 0, "ParameterID": 10, "Value": 50.013038635253906}, {"ListeningId": 0, "ParameterID": 11, "Value": 50.013038635253906}, {"ListeningId": 0, "ParameterID": 12, "Value": 50.013038635253906}, {"ListeningId": 0, "ParameterID": 32, "Value": 6019.06591796875}]}, {"ListeningId": 0, "MeterId": 10, "Timestamp": 1632424140, "listeningvalues": [{"ListeningId": 0, "ParameterID": 1, "Value": 230.651123046875}, {"ListeningId": 0, "ParameterID": 2, "Value": 232.4210662841797}, {"ListeningId": 0, "ParameterID": 3, "Value": 231.18850708007812}, {"ListeningId": 0, "ParameterID": 4, "Value": 400.6412048339844}, {"ListeningId": 0, "ParameterID": 5, "Value": 401.5897216796875}, {"ListeningId": 0, "ParameterID": 6, "Value": 399.8668212890625}, {"ListeningId": 0, "ParameterID": 7, "Value": 2.625903367996216}, {"ListeningId": 0, "ParameterID": 8, "Value": 2.137418031692505}, {"ListeningId": 0, "ParameterID": 9, "Value": 3.0617048740386963}, {"ListeningId": 0, "ParameterID": 17, "Value": 584.1981811523438}, {"ListeningId": 0, "ParameterID": 18, "Value": 496.7809753417969}, {"ListeningId": 0, "ParameterID": 19, "Value": 686.7235107421875}, {"ListeningId": 0, "ParameterID": 20, "Value": 1767.70263671875}, {"ListeningId": 0, "ParameterID": 21, "Value": 605.6675415039062}, {"ListeningId": 0, "ParameterID": 22, "Value": 496.7809753417969}, {"ListeningId": 0, "ParameterID": 23, "Value": 707.8309936523438}, {"ListeningId": 0, "ParameterID": 24, "Value": 1810.279541015625}, {"ListeningId": 0, "ParameterID": 25, "Value": 159.830078125}, {"ListeningId": 0, "ParameterID": 26, "Value": 0.0}, {"ListeningId": 0, "ParameterID": 27, "Value": 171.56785583496094}, {"ListeningId": 0, "ParameterID": 28, "Value": 331.39794921875}, {"ListeningId": 0, "ParameterID": 13, "Value": 0.9645525813102722}, {"ListeningId": 0, "ParameterID": 14, "Value": 1.0}, {"ListeningId": 0, "ParameterID": 15, "Value": 0.9701800346374512}, {"ListeningId": 0, "ParameterID": 16, "Value": 0.9782442450523376}, {"ListeningId": 0, "ParameterID": 10, "Value": 50.15294647216797}, {"ListeningId": 0, "ParameterID": 11, "Value": 50.15294647216797}, {"ListeningId": 0, "ParameterID": 12, "Value": 50.15294647216797}, {"ListeningId": 0, "ParameterID": 32, "Value": 7597.705078125}]}, {"ListeningId": 0, "MeterId": 11, "Timestamp": 1632424140, "listeningvalues": [{"ListeningId": 0, "ParameterID": 1, "Value": 230.2356719970703}, {"ListeningId": 0, "ParameterID": 2, "Value": 231.55287170410156}, {"ListeningId": 0, "ParameterID": 3, "Value": 229.67202758789062}, {"ListeningId": 0, "ParameterID": 4, "Value": 399.94293212890625}, {"ListeningId": 0, "ParameterID": 5, "Value": 399.92791748046875}, {"ListeningId": 0, "ParameterID": 6, "Value": 398.70684814453125}, {"ListeningId": 0, "ParameterID": 7, "Value": 2.3324055671691895}, {"ListeningId": 0, "ParameterID": 8, "Value": 2.1228883266448975}, {"ListeningId": 0, "ParameterID": 9, "Value": 2.8481903076171875}, {"ListeningId": 0, "ParameterID": 17, "Value": 522.5994873046875}, {"ListeningId": 0, "ParameterID": 18, "Value": 491.9542541503906}, {"ListeningId": 0, "ParameterID": 19, "Value": 647.3314208984375}, {"ListeningId": 0, "ParameterID": 20, "Value": 1662.580322265625}, {"ListeningId": 0, "ParameterID": 21, "Value": 537.0328369140625}, {"ListeningId": 0, "ParameterID": 22, "Value": 492.5758056640625}, {"ListeningId": 0, "ParameterID": 23, "Value": 654.8276977539062}, {"ListeningId": 0, "ParameterID": 24, "Value": 1683.172119140625}, {"ListeningId": 0, "ParameterID": 25, "Value": 123.2059326171875}, {"ListeningId": 0, "ParameterID": 26, "Value": 0.0}, {"ListeningId": 0, "ParameterID": 27, "Value": 92.36631774902344}, {"ListeningId": 0, "ParameterID": 28, "Value": 215.6513214111328}, {"ListeningId": 0, "ParameterID": 13, "Value": 0.978951632976532}, {"ListeningId": 0, "ParameterID": 14, "Value": 1.0}, {"ListeningId": 0, "ParameterID": 15, "Value": 0.9830701351165771}, {"ListeningId": 0, "ParameterID": 16, "Value": 0.9873406291007996}, {"ListeningId": 0, "ParameterID": 10, "Value": 50.15294647216797}, {"ListeningId": 0, "ParameterID": 11, "Value": 50.15294647216797}, {"ListeningId": 0, "ParameterID": 12, "Value": 50.15294647216797}, {"ListeningId": 0, "ParameterID": 32, "Value": 6009.33056640625}]}, {"ListeningId": 0, "MeterId": 12, "Timestamp": 1632424140, "listeningvalues": [{"ListeningId": 0, "ParameterID": 1, "Value": 231.0079345703125}, {"ListeningId": 0, "ParameterID": 2, "Value": 231.63978576660156}, {"ListeningId": 0, "ParameterID": 3, "Value": 230.55484008789062}, {"ListeningId": 0, "ParameterID": 4, "Value": 400.6760559082031}, {"ListeningId": 0, "ParameterID": 5, "Value": 399.6067199707031}, {"ListeningId": 0, "ParameterID": 6, "Value": 399.7237548828125}, {"ListeningId": 0, "ParameterID": 7, "Value": 2.592751979827881}, {"ListeningId": 0, "ParameterID": 8, "Value": 2.009045362472534}, {"ListeningId": 0, "ParameterID": 9, "Value": 2.8471438884735107}, {"ListeningId": 0, "ParameterID": 17, "Value": 592.217041015625}, {"ListeningId": 0, "ParameterID": 18, "Value": 464.6418151855469}, {"ListeningId": 0, "ParameterID": 19, "Value": 617.6522216796875}, {"ListeningId": 0, "ParameterID": 20, "Value": 1673.5162353515625}, {"ListeningId": 0, "ParameterID": 21, "Value": 598.7548217773438}, {"ListeningId": 0, "ParameterID": 22, "Value": 464.3012390136719}, {"ListeningId": 0, "ParameterID": 23, "Value": 655.7423706054688}, {"ListeningId": 0, "ParameterID": 24, "Value": 1719.96142578125}, {"ListeningId": 0, "ParameterID": 25, "Value": 89.00537109375}, {"ListeningId": 0, "ParameterID": 26, "Value": 0.0}, {"ListeningId": 0, "ParameterID": 27, "Value": 219.0865478515625}, {"ListeningId": 0, "ParameterID": 28, "Value": 308.3386535644531}, {"ListeningId": 0, "ParameterID": 13, "Value": 0.9651739597320557}, {"ListeningId": 0, "ParameterID": 14, "Value": 1.0}, {"ListeningId": 0, "ParameterID": 15, "Value": 0.9863408803939819}, {"ListeningId": 0, "ParameterID": 16, "Value": 0.9838382601737976}, {"ListeningId": 0, "ParameterID": 10, "Value": 50.15294647216797}, {"ListeningId": 0, "ParameterID": 11, "Value": 50.15294647216797}, {"ListeningId": 0, "ParameterID": 12, "Value": 50.15294647216797}, {"ListeningId": 0, "ParameterID": 32, "Value": 6009.244140625}]}]