[{"ListeningId": 0, "MeterId": 1, "Timestamp": 1632423780, "listeningvalues": [{"ListeningId": 0, "ParameterID": 1, "Value": 231.09005737304688}, {"ListeningId": 0, "ParameterID": 2, "Value": 232.2523651123047}, {"ListeningId": 0, "ParameterID": 3, "Value": 231.0218963623047}, {"ListeningId": 0, "ParameterID": 4, "Value": 401.4950866699219}, {"ListeningId": 0, "ParameterID": 5, "Value": 401.5507507324219}, {"ListeningId": 0, "ParameterID": 6, "Value": 400.3349304199219}, {"ListeningId": 0, "ParameterID": 7, "Value": 2.457726240158081}, {"ListeningId": 0, "ParameterID": 8, "Value": 2.1930906772613525}, {"ListeningId": 0, "ParameterID": 9, "Value": 2.7822587490081787}, {"ListeningId": 0, "ParameterID": 17, "Value": 551.4652099609375}, {"ListeningId": 0, "ParameterID": 18, "Value": 504.09454345703125}, {"ListeningId": 0, "ParameterID": 19, "Value": 631.4659423828125}, {"ListeningId": 0, "ParameterID": 20, "Value": 1687.0257568359375}, {"ListeningId": 0, "ParameterID": 21, "Value": 567.9561157226562}, {"ListeningId": 0, "ParameterID": 22, "Value": 509.3504943847656}, {"ListeningId": 0, "ParameterID": 23, "Value": 642.7626953125}, {"ListeningId": 0, "ParameterID": 24, "Value": 1720.0693359375}, {"ListeningId": 0, "ParameterID": 25, "Value": 135.86862182617188}, {"ListeningId": 0, "ParameterID": 26, "Value": 72.98362731933594}, {"ListeningId": 0, "ParameterID": 27, "Value": 119.97760009765625}, {"ListeningId": 0, "ParameterID": 28, "Value": 328.829833984375}, {"ListeningId": 0, "ParameterID": 13, "Value": 0.9909378886222839}, {"ListeningId": 0, "ParameterID": 14, "Value": 0.9905038475990295}, {"ListeningId": 0, "ParameterID": 15, "Value": 0.980462372303009}, {"ListeningId": 0, "ParameterID": 16, "Value": 0.9873013496398926}, {"ListeningId": 0, "ParameterID": 10, "Value": 50.04669952392578}, {"ListeningId": 0, "ParameterID": 11, "Value": 50.04669952392578}, {"ListeningId": 0, "ParameterID": 12, "Value": 50.04669952392578}, {"ListeningId": 0, "ParameterID": 32, "Value": 5843.63818359375}]}, {"ListeningId": 0, "MeterId": 2, "Timestamp": 1632423780, "listeningvalues": [{"ListeningId": 0, "ParameterID": 1, "Value": 230.47314453125}, {"ListeningId": 0, "ParameterID": 2, "Value": 232.67315673828125}, {"ListeningId": 0, "ParameterID": 3, "Value": 230.3243865966797}, {"ListeningId": 0, "ParameterID": 4, "Value": 401.2845153808594}, {"ListeningId": 0, "ParameterID": 5, "Value": 401.5301208496094}, {"ListeningId": 0, "ParameterID": 6, "Value": 398.94171142578125}, {"ListeningId": 0, "ParameterID": 7, "Value": 2.6153523921966553}, {"ListeningId": 0, "ParameterID": 8, "Value": 1.8134608268737793}, {"ListeningId": 0, "ParameterID": 9, "Value": 2.8694558143615723}, {"ListeningId": 0, "ParameterID": 17, "Value": 577.1502075195312}, {"ListeningId": 0, "ParameterID": 18, "Value": 422.0663146972656}, {"ListeningId": 0, "ParameterID": 19, "Value": 631.9689331054688}, {"ListeningId": 0, "ParameterID": 20, "Value": 1632.0535888671875}, {"ListeningId": 0, "ParameterID": 21, "Value": 602.4048461914062}, {"ListeningId": 0, "ParameterID": 22, "Value": 422.4150085449219}, {"ListeningId": 0, "ParameterID": 23, "Value": 661.7487182617188}, {"ListeningId": 0, "ParameterID": 24, "Value": 1684.7587890625}, {"ListeningId": 0, "ParameterID": 25, "Value": 172.3690948486328}, {"ListeningId": 0, "ParameterID": 26, "Value": 0.0}, {"ListeningId": 0, "ParameterID": 27, "Value": 195.4095458984375}, {"ListeningId": 0, "ParameterID": 28, "Value": 367.38232421875}, {"ListeningId": 0, "ParameterID": 13, "Value": 0.9609050750732422}, {"ListeningId": 0, "ParameterID": 14, "Value": 0.9971677660942078}, {"ListeningId": 0, "ParameterID": 15, "Value": 0.9596543908119202}, {"ListeningId": 0, "ParameterID": 16, "Value": 0.9725757241249084}, {"ListeningId": 0, "ParameterID": 10, "Value": 50.04669952392578}, {"ListeningId": 0, "ParameterID": 11, "Value": 50.04669952392578}, {"ListeningId": 0, "ParameterID": 12, "Value": 50.04669952392578}, {"ListeningId": 0, "ParameterID": 32, "Value": 5848.40478515625}]}, {"ListeningId": 0, "MeterId": 3, "Timestamp": 1632423780, "listeningvalues": [{"ListeningId": 0, "ParameterID": 1, "Value": 230.6822509765625}, {"ListeningId": 0, "ParameterID": 2, "Value": 231.58717346191406}, {"ListeningId": 0, "ParameterID": 3, "Value": 230.9702911376953}, {"ListeningId": 0, "ParameterID": 4, "Value": 399.9808044433594}, {"ListeningId": 0, "ParameterID": 5, "Value": 400.3782043457031}, {"ListeningId": 0, "ParameterID": 6, "Value": 399.5210266113281}, {"ListeningId": 0, "ParameterID": 7, "Value": 2.6147797107696533}, {"ListeningId": 0, "ParameterID": 8, "Value": 2.021368980407715}, {"ListeningId": 0, "ParameterID": 9, "Value": 3.058234214782715}, {"ListeningId": 0, "ParameterID": 17, "Value": 596.0327758789062}, {"ListeningId": 0, "ParameterID": 18, "Value": 465.3701477050781}, {"ListeningId": 0, "ParameterID": 19, "Value": 670.6414794921875}, {"ListeningId": 0, "ParameterID": 20, "Value": 1730.8546142578125}, {"ListeningId": 0, "ParameterID": 21, "Value": 603.0374145507812}, {"ListeningId": 0, "ParameterID": 22, "Value": 467.36773681640625}, {"ListeningId": 0, "ParameterID": 23, "Value": 706.1533203125}, {"ListeningId": 0, "ParameterID": 24, "Value": 1777.59765625}, {"ListeningId": 0, "ParameterID": 25, "Value": 94.18573760986328}, {"ListeningId": 0, "ParameterID": 26, "Value": 43.94618606567383}, {"ListeningId": 0, "ParameterID": 27, "Value": 222.97628784179688}, {"ListeningId": 0, "ParameterID": 28, "Value": 360.94036865234375}, {"ListeningId": 0, "ParameterID": 13, "Value": 0.9629180431365967}, {"ListeningId": 0, "ParameterID": 14, "Value": 1.0}, {"ListeningId": 0, "ParameterID": 15, "Value": 0.9564301371574402}, {"ListeningId": 0, "ParameterID": 16, "Value": 0.9731160998344421}, {"ListeningId": 0, "ParameterID": 10, "Value": 50.04669952392578}, {"ListeningId": 0, "ParameterID": 11, "Value": 50.04669952392578}, {"ListeningId": 0, "ParameterID": 12, "Value": 50.04669952392578}, {"ListeningId": 0, "ParameterID": 32, "Value": 5850.7529296875}]}, {"ListeningId": 0, "MeterId": 4, "Timestamp": 1632423780, "listeningvalues": [{"ListeningId": 0, "ParameterID": 1, "Value": 231.50807189941406}, {"ListeningId": 0, "ParameterID": 2, "Value": 232.0768280029297}, {"ListeningId": 0, "ParameterID": 3, "Value": 230.41651916503906}, {"ListeningId": 0, "ParameterID": 4, "Value": 401.0927429199219}, {"ListeningId": 0, "ParameterID": 5, "Value": 400.52618408203125}, {"ListeningId": 0, "ParameterID": 6, "Value": 399.8460693359375}, {"ListeningId": 0, "ParameterID": 7, "Value": 2.5970945358276367}, {"ListeningId": 0, "ParameterID": 8, "Value": 1.7472753524780273}, {"ListeningId": 0, "ParameterID": 9, "Value": 2.7867982387542725}, {"ListeningId": 0, "ParameterID": 17, "Value": 583.9727783203125}, {"ListeningId": 0, "ParameterID": 18, "Value": 402.99066162109375}, {"ListeningId": 0, "ParameterID": 19, "Value": 613.8624267578125}, {"ListeningId": 0, "ParameterID": 20, "Value": 1600.825927734375}, {"ListeningId": 0, "ParameterID": 21, "Value": 601.2483520507812}, {"ListeningId": 0, "ParameterID": 22, "Value": 405.50213623046875}, {"ListeningId": 0, "ParameterID": 23, "Value": 642.1243286132812}, {"ListeningId": 0, "ParameterID": 24, "Value": 1648.874755859375}, {"ListeningId": 0, "ParameterID": 25, "Value": 143.09219360351562}, {"ListeningId": 0, "ParameterID": 26, "Value": 45.061241149902344}, {"ListeningId": 0, "ParameterID": 27, "Value": 188.4053192138672}, {"ListeningId": 0, "ParameterID": 28, "Value": 376.55877685546875}, {"ListeningId": 0, "ParameterID": 13, "Value": 0.9712671637535095}, {"ListeningId": 0, "ParameterID": 14, "Value": 0.9938065409660339}, {"ListeningId": 0, "ParameterID": 15, "Value": 0.9559868574142456}, {"ListeningId": 0, "ParameterID": 16, "Value": 0.9736868739128113}, {"ListeningId": 0, "ParameterID": 10, "Value": 50.15961837768555}, {"ListeningId": 0, "ParameterID": 11, "Value": 50.15961837768555}, {"ListeningId": 0, "ParameterID": 12, "Value": 50.15961837768555}, {"ListeningId": 0, "ParameterID": 32, "Value": 5849.3662109375}]}, {"ListeningId": 0, "MeterId": 5, "Timestamp": 1632423780, "listeningvalues": [{"ListeningId": 0, "ParameterID": 1, "Value": 231.14425659179688}, {"ListeningId": 0, "ParameterID": 2, "Value": 232.55845642089844}, {"ListeningId": 0, "ParameterID": 3, "Value": 230.14932250976562}, {"ListeningId": 0, "ParameterID": 4, "Value": 401.61407470703125}, {"ListeningId": 0, "ParameterID": 5, "Value": 400.8535461425781}, {"ListeningId": 0, "ParameterID": 6, "Value": 399.5705871582031}, {"ListeningId": 0, "ParameterID": 7, "Value": 2.564448833465576}, {"ListeningId": 0, "ParameterID": 8, "Value": 2.0484778881073}, {"ListeningId": 0, "ParameterID": 9, "Value": 2.8471925258636475}, {"ListeningId": 0, "ParameterID": 17, "Value": 580.0467529296875}, {"ListeningId": 0, "ParameterID": 18, "Value": 471.1727294921875}, {"ListeningId": 0, "ParameterID": 19, "Value": 646.2067260742188}, {"ListeningId": 0, "ParameterID": 20, "Value": 1695.479248046875}, {"ListeningId": 0, "ParameterID": 21, "Value": 592.5086669921875}, {"ListeningId": 0, "ParameterID": 22, "Value": 476.920166015625}, {"ListeningId": 0, "ParameterID": 23, "Value": 655.5369873046875}, {"ListeningId": 0, "ParameterID": 24, "Value": 1725.7772216796875}, {"ListeningId": 0, "ParameterID": 25, "Value": 124.16136169433594}, {"ListeningId": 0, "ParameterID": 26, "Value": 72.64286041259766}, {"ListeningId": 0, "ParameterID": 27, "Value": 110.73707580566406}, {"ListeningId": 0, "ParameterID": 28, "Value": 307.9347229003906}, {"ListeningId": 0, "ParameterID": 13, "Value": 0.9730555415153503}, {"ListeningId": 0, "ParameterID": 14, "Value": 1.0}, {"ListeningId": 0, "ParameterID": 15, "Value": 0.9545326828956604}, {"ListeningId": 0, "ParameterID": 16, "Value": 0.9758627414703369}, {"ListeningId": 0, "ParameterID": 10, "Value": 50.15961837768555}, {"ListeningId": 0, "ParameterID": 11, "Value": 50.15961837768555}, {"ListeningId": 0, "ParameterID": 12, "Value": 50.15961837768555}, {"ListeningId": 0, "ParameterID": 32, "Value": 5847.28125}]}, {"ListeningId": 0, "MeterId": 6, "Timestamp": 1632423780, "listeningvalues": [{"ListeningId": 0, "ParameterID": 1, "Value": 230.65374755859375}, {"ListeningId": 0, "ParameterID": 2, "Value": 232.46522521972656}, {"ListeningId": 0, "ParameterID": 3, "Value": 229.9354248046875}, {"ListeningId": 0, "ParameterID": 4, "Value": 401.3492126464844}, {"ListeningId": 0, "ParameterID": 5, "Value": 400.7109680175781}, {"ListeningId": 0, "ParameterID": 6, "Value": 398.68450927734375}, {"ListeningId": 0, "ParameterID": 7, "Value": 2.621307373046875}, {"ListeningId": 0, "ParameterID": 8, "Value": 2.0027244091033936}, {"ListeningId": 0, "ParameterID": 9, "Value": 2.725407123565674}, {"ListeningId": 0, "ParameterID": 17, "Value": 587.7234497070312}, {"ListeningId": 0, "ParameterID": 18, "Value": 465.871337890625}, {"ListeningId": 0, "ParameterID": 19, "Value": 601.97900390625}, {"ListeningId": 0, "ParameterID": 20, "Value": 1655.7752685546875}, {"ListeningId": 0, "ParameterID": 21, "Value": 604.5208740234375}, {"ListeningId": 0, "ParameterID": 22, "Value": 466.03802490234375}, {"ListeningId": 0, "ParameterID": 23, "Value": 625.6724243164062}, {"ListeningId": 0, "ParameterID": 24, "Value": 1698.2030029296875}, {"ListeningId": 0, "ParameterID": 25, "Value": 140.7855224609375}, {"ListeningId": 0, "ParameterID": 26, "Value": 0.0}, {"ListeningId": 0, "ParameterID": 27, "Value": 172.43389892578125}, {"ListeningId": 0, "ParameterID": 28, "Value": 313.1225280761719}, {"ListeningId": 0, "ParameterID": 13, "Value": 0.9754987955093384}, {"ListeningId": 0, "ParameterID": 14, "Value": 0.9909847974777222}, {"ListeningId": 0, "ParameterID": 15, "Value": 0.9430205225944519}, {"ListeningId": 0, "ParameterID": 16, "Value": 0.9698347449302673}, {"ListeningId": 0, "ParameterID": 10, "Value": 50.15961837768555}, {"ListeningId": 0, "ParameterID": 11, "Value": 50.15961837768555}, {"ListeningId": 0, "ParameterID": 12, "Value": 50.15961837768555}, {"ListeningId": 0, "ParameterID": 32, "Value": 5848.81884765625}]}, {"ListeningId": 0, "MeterId": 7, "Timestamp": 1632423780, "listeningvalues": [{"ListeningId": 0, "ParameterID": 1, "Value": 230.92233276367188}, {"ListeningId": 0, "ParameterID": 2, "Value": 231.28565979003906}, {"ListeningId": 0, "ParameterID": 3, "Value": 230.73519897460938}, {"ListeningId": 0, "ParameterID": 4, "Value": 400.0763854980469}, {"ListeningId": 0, "ParameterID": 5, "Value": 400.5279541015625}, {"ListeningId": 0, "ParameterID": 6, "Value": 400.0943603515625}, {"ListeningId": 0, "ParameterID": 7, "Value": 2.247905969619751}, {"ListeningId": 0, "ParameterID": 8, "Value": 1.7850290536880493}, {"ListeningId": 0, "ParameterID": 9, "Value": 2.7142090797424316}, {"ListeningId": 0, "ParameterID": 17, "Value": 510.7955322265625}, {"ListeningId": 0, "ParameterID": 18, "Value": 412.1549072265625}, {"ListeningId": 0, "ParameterID": 19, "Value": 597.4359130859375}, {"ListeningId": 0, "ParameterID": 20, "Value": 1520.6280517578125}, {"ListeningId": 0, "ParameterID": 21, "Value": 519.9891967773438}, {"ListeningId": 0, "ParameterID": 22, "Value": 412.9216003417969}, {"ListeningId": 0, "ParameterID": 23, "Value": 625.3370971679688}, {"ListeningId": 0, "ParameterID": 24, "Value": 1559.241455078125}, {"ListeningId": 0, "ParameterID": 25, "Value": 97.23858642578125}, {"ListeningId": 0, "ParameterID": 26, "Value": 28.594621658325195}, {"ListeningId": 0, "ParameterID": 27, "Value": 185.87933349609375}, {"ListeningId": 0, "ParameterID": 28, "Value": 311.7226867675781}, {"ListeningId": 0, "ParameterID": 13, "Value": 0.9605925679206848}, {"ListeningId": 0, "ParameterID": 14, "Value": 0.9969779253005981}, {"ListeningId": 0, "ParameterID": 15, "Value": 0.953559935092926}, {"ListeningId": 0, "ParameterID": 16, "Value": 0.9703767895698547}, {"ListeningId": 0, "ParameterID": 10, "Value": 50.15961837768555}, {"ListeningId": 0, "ParameterID": 11, "Value": 50.15961837768555}, {"ListeningId": 0, "ParameterID": 12, "Value": 50.15961837768555}, {"ListeningId": 0, "ParameterID": 32, "Value": 5850.80859375}]}, {"ListeningId": 0, "MeterId": 8, "Timestamp": 1632423780, "listeningvalues": [{"ListeningId": 0, "ParameterID": 1, "Value": 231.101806640625}, {"ListeningId": 0, "ParameterID": 2, "Value": 231.14584350585938}, {"ListeningId": 0, "ParameterID": 3, "Value": 231.0362091064453}, {"ListeningId": 0, "ParameterID": 4, "Value": 400.2466125488281}, {"ListeningId": 0, "ParameterID": 5, "Value": 400.46783447265625}, {"ListeningId": 0, "ParameterID": 6, "Value": 400.08526611328125}, {"ListeningId": 0, "ParameterID": 7, "Value": 2.2475547790527344}, {"ListeningId": 0, "ParameterID": 8, "Value": 1.784828782081604}, {"ListeningId": 0, "ParameterID": 9, "Value": 2.7125909328460693}, {"ListeningId": 0, "ParameterID": 17, "Value": 510.24932861328125}, {"ListeningId": 0, "ParameterID": 18, "Value": 411.6741943359375}, {"ListeningId": 0, "ParameterID": 19, "Value": 597.6243286132812}, {"ListeningId": 0, "ParameterID": 20, "Value": 1520.817626953125}, {"ListeningId": 0, "ParameterID": 21, "Value": 519.5690307617188}, {"ListeningId": 0, "ParameterID": 22, "Value": 413.1109313964844}, {"ListeningId": 0, "ParameterID": 23, "Value": 625.4279174804688}, {"ListeningId": 0, "ParameterID": 24, "Value": 1558.7763671875}, {"ListeningId": 0, "ParameterID": 25, "Value": 97.11213684082031}, {"ListeningId": 0, "ParameterID": 26, "Value": 28.592002868652344}, {"ListeningId": 0, "ParameterID": 27, "Value": 185.65907287597656}, {"ListeningId": 0, "ParameterID": 28, "Value": 311.3553771972656}, {"ListeningId": 0, "ParameterID": 13, "Value": 0.9605925679206848}, {"ListeningId": 0, "ParameterID": 14, "Value": 0.9969779253005981}, {"ListeningId": 0, "ParameterID": 15, "Value": 0.953559935092926}, {"ListeningId": 0, "ParameterID": 16, "Value": 0.9703767895698547}, {"ListeningId": 0, "ParameterID": 10, "Value": 50.15961837768555}, {"ListeningId": 0, "ParameterID": 11, "Value": 50.15961837768555}, {"ListeningId": 0, "ParameterID": 12, "Value": 50.15961837768555}, {"ListeningId": 0, "ParameterID": 32, "Value": 5850.80859375}]}, {"ListeningId": 0, "MeterId": 9, "Timestamp": 1632423780, "listeningvalues": [{"ListeningId": 0, "ParameterID": 1, "Value": 230.7130889892578}, {"ListeningId": 0, "ParameterID": 2, "Value": 231.3581085205078}, {"ListeningId": 0, "ParameterID": 3, "Value": 230.83865356445312}, {"ListeningId": 0, "ParameterID": 4, "Value": 400.1502685546875}, {"ListeningId": 0, "ParameterID": 5, "Value": 400.493408203125}, {"ListeningId": 0, "ParameterID": 6, "Value": 399.3984375}, {"ListeningId": 0, "ParameterID": 7, "Value": 2.6242477893829346}, {"ListeningId": 0, "ParameterID": 8, "Value": 1.8983625173568726}, {"ListeningId": 0, "ParameterID": 9, "Value": 3.1183388233184814}, {"ListeningId": 0, "ParameterID": 17, "Value": 585.2154541015625}, {"ListeningId": 0, "ParameterID": 18, "Value": 439.2015686035156}, {"ListeningId": 0, "ParameterID": 19, "Value": 681.1828002929688}, {"ListeningId": 0, "ParameterID": 20, "Value": 1705.599853515625}, {"ListeningId": 0, "ParameterID": 21, "Value": 605.4483032226562}, {"ListeningId": 0, "ParameterID": 22, "Value": 439.2015686035156}, {"ListeningId": 0, "ParameterID": 23, "Value": 719.8331298828125}, {"ListeningId": 0, "ParameterID": 24, "Value": 1764.4830322265625}, {"ListeningId": 0, "ParameterID": 25, "Value": 155.21124267578125}, {"ListeningId": 0, "ParameterID": 26, "Value": 0.0}, {"ListeningId": 0, "ParameterID": 27, "Value": 232.70098876953125}, {"ListeningId": 0, "ParameterID": 28, "Value": 387.9122314453125}, {"ListeningId": 0, "ParameterID": 13, "Value": 0.9665820598602295}, {"ListeningId": 0, "ParameterID": 14, "Value": 1.0}, {"ListeningId": 0, "ParameterID": 15, "Value": 0.9463065266609192}, {"ListeningId": 0, "ParameterID": 16, "Value": 0.9709628224372864}, {"ListeningId": 0, "ParameterID": 10, "Value": 50.138614654541016}, {"ListeningId": 0, "ParameterID": 11, "Value": 50.138614654541016}, {"ListeningId": 0, "ParameterID": 12, "Value": 50.138614654541016}, {"ListeningId": 0, "ParameterID": 32, "Value": 5854.76123046875}]}, {"ListeningId": 0, "MeterId": 10, "Timestamp": 1632423780, "listeningvalues": [{"ListeningId": 0, "ParameterID": 1, "Value": 231.7949676513672}, {"ListeningId": 0, "ParameterID": 2, "Value": 232.35772705078125}, {"ListeningId": 0, "ParameterID": 3, "Value": 230.0726318359375}, {"ListeningId": 0, "ParameterID": 4, "Value": 401.9967956542969}, {"ListeningId": 0, "ParameterID": 5, "Value": 400.4628601074219}, {"ListeningId": 0, "ParameterID": 6, "Value": 399.87701416015625}, {"ListeningId": 0, "ParameterID": 7, "Value": 2.6497251987457275}, {"ListeningId": 0, "ParameterID": 8, "Value": 2.055586814880371}, {"ListeningId": 0, "ParameterID": 9, "Value": 2.969493865966797}, {"ListeningId": 0, "ParameterID": 17, "Value": 596.0514526367188}, {"ListeningId": 0, "ParameterID": 18, "Value": 477.94879150390625}, {"ListeningId": 0, "ParameterID": 19, "Value": 650.742919921875}, {"ListeningId": 0, "ParameterID": 20, "Value": 1725.191650390625}, {"ListeningId": 0, "ParameterID": 21, "Value": 613.039306640625}, {"ListeningId": 0, "ParameterID": 22, "Value": 477.8529357910156}, {"ListeningId": 0, "ParameterID": 23, "Value": 683.2279052734375}, {"ListeningId": 0, "ParameterID": 24, "Value": 1773.7103271484375}, {"ListeningId": 0, "ParameterID": 25, "Value": 142.62893676757812}, {"ListeningId": 0, "ParameterID": 26, "Value": 0.0}, {"ListeningId": 0, "ParameterID": 27, "Value": 207.93946838378906}, {"ListeningId": 0, "ParameterID": 28, "Value": 350.4137268066406}, {"ListeningId": 0, "ParameterID": 13, "Value": 0.9852047562599182}, {"ListeningId": 0, "ParameterID": 14, "Value": 1.0}, {"ListeningId": 0, "ParameterID": 15, "Value": 0.9541733264923096}, {"ListeningId": 0, "ParameterID": 16, "Value": 0.9797926545143127}, {"ListeningId": 0, "ParameterID": 10, "Value": 50.138614654541016}, {"ListeningId": 0, "ParameterID": 11, "Value": 50.138614654541016}, {"ListeningId": 0, "ParameterID": 12, "Value": 50.138614654541016}, {"ListeningId": 0, "ParameterID": 32, "Value": 7432.96044921875}]}, {"ListeningId": 0, "MeterId": 11, "Timestamp": 1632423780, "listeningvalues": [{"ListeningId": 0, "ParameterID": 1, "Value": 230.43873596191406}, {"ListeningId": 0, "ParameterID": 2, "Value": 231.33673095703125}, {"ListeningId": 0, "ParameterID": 3, "Value": 230.73855590820312}, {"ListeningId": 0, "ParameterID": 4, "Value": 399.9798889160156}, {"ListeningId": 0, "ParameterID": 5, "Value": 400.11822509765625}, {"ListeningId": 0, "ParameterID": 6, "Value": 399.2582092285156}, {"ListeningId": 0, "ParameterID": 7, "Value": 2.271824836730957}, {"ListeningId": 0, "ParameterID": 8, "Value": 1.799384593963623}, {"ListeningId": 0, "ParameterID": 9, "Value": 2.640186309814453}, {"ListeningId": 0, "ParameterID": 17, "Value": 509.3651123046875}, {"ListeningId": 0, "ParameterID": 18, "Value": 416.5400695800781}, {"ListeningId": 0, "ParameterID": 19, "Value": 576.1115112304688}, {"ListeningId": 0, "ParameterID": 20, "Value": 1502.1097412109375}, {"ListeningId": 0, "ParameterID": 21, "Value": 523.5180053710938}, {"ListeningId": 0, "ParameterID": 22, "Value": 416.8785705566406}, {"ListeningId": 0, "ParameterID": 23, "Value": 609.7291259765625}, {"ListeningId": 0, "ParameterID": 24, "Value": 1551.373779296875}, {"ListeningId": 0, "ParameterID": 25, "Value": 119.906494140625}, {"ListeningId": 0, "ParameterID": 26, "Value": 0.0}, {"ListeningId": 0, "ParameterID": 27, "Value": 198.75086975097656}, {"ListeningId": 0, "ParameterID": 28, "Value": 318.54241943359375}, {"ListeningId": 0, "ParameterID": 13, "Value": 0.963851273059845}, {"ListeningId": 0, "ParameterID": 14, "Value": 0.9873623251914978}, {"ListeningId": 0, "ParameterID": 15, "Value": 0.9834485650062561}, {"ListeningId": 0, "ParameterID": 16, "Value": 0.9782207012176514}, {"ListeningId": 0, "ParameterID": 10, "Value": 50.138614654541016}, {"ListeningId": 0, "ParameterID": 11, "Value": 50.138614654541016}, {"ListeningId": 0, "ParameterID": 12, "Value": 50.138614654541016}, {"ListeningId": 0, "ParameterID": 32, "Value": 5844.81005859375}]}, {"ListeningId": 0, "MeterId": 12, "Timestamp": 1632423780, "listeningvalues": [{"ListeningId": 0, "ParameterID": 1, "Value": 231.16148376464844}, {"ListeningId": 0, "ParameterID": 2, "Value": 232.47494506835938}, {"ListeningId": 0, "ParameterID": 3, "Value": 230.47506713867188}, {"ListeningId": 0, "ParameterID": 4, "Value": 401.5943298339844}, {"ListeningId": 0, "ParameterID": 5, "Value": 400.3175048828125}, {"ListeningId": 0, "ParameterID": 6, "Value": 399.80047607421875}, {"ListeningId": 0, "ParameterID": 7, "Value": 2.686281442642212}, {"ListeningId": 0, "ParameterID": 8, "Value": 2.0670344829559326}, {"ListeningId": 0, "ParameterID": 9, "Value": 2.871722459793091}, {"ListeningId": 0, "ParameterID": 17, "Value": 602.0865478515625}, {"ListeningId": 0, "ParameterID": 18, "Value": 479.6037902832031}, {"ListeningId": 0, "ParameterID": 19, "Value": 631.7051391601562}, {"ListeningId": 0, "ParameterID": 20, "Value": 1714.44091796875}, {"ListeningId": 0, "ParameterID": 21, "Value": 620.7652587890625}, {"ListeningId": 0, "ParameterID": 22, "Value": 480.52972412109375}, {"ListeningId": 0, "ParameterID": 23, "Value": 660.9443359375}, {"ListeningId": 0, "ParameterID": 24, "Value": 1763.330078125}, {"ListeningId": 0, "ParameterID": 25, "Value": 151.94375610351562}, {"ListeningId": 0, "ParameterID": 26, "Value": 0.0}, {"ListeningId": 0, "ParameterID": 27, "Value": 194.656494140625}, {"ListeningId": 0, "ParameterID": 28, "Value": 346.5881652832031}, {"ListeningId": 0, "ParameterID": 13, "Value": 0.9692993760108948}, {"ListeningId": 0, "ParameterID": 14, "Value": 1.0}, {"ListeningId": 0, "ParameterID": 15, "Value": 0.9607629776000977}, {"ListeningId": 0, "ParameterID": 16, "Value": 0.9766874313354492}, {"ListeningId": 0, "ParameterID": 10, "Value": 50.138614654541016}, {"ListeningId": 0, "ParameterID": 11, "Value": 50.138614654541016}, {"ListeningId": 0, "ParameterID": 12, "Value": 50.138614654541016}, {"ListeningId": 0, "ParameterID": 32, "Value": 5845.02880859375}]}]