[{"ListeningId": 0, "MeterId": 1, "Timestamp": 1632425640, "listeningvalues": [{"ListeningId": 0, "ParameterID": 1, "Value": 231.11143493652344}, {"ListeningId": 0, "ParameterID": 2, "Value": 232.44970703125}, {"ListeningId": 0, "ParameterID": 3, "Value": 230.0555877685547}, {"ListeningId": 0, "ParameterID": 4, "Value": 401.5496826171875}, {"ListeningId": 0, "ParameterID": 5, "Value": 400.4068908691406}, {"ListeningId": 0, "ParameterID": 6, "Value": 399.45196533203125}, {"ListeningId": 0, "ParameterID": 7, "Value": 2.3382022380828857}, {"ListeningId": 0, "ParameterID": 8, "Value": 2.047992467880249}, {"ListeningId": 0, "ParameterID": 9, "Value": 2.6933748722076416}, {"ListeningId": 0, "ParameterID": 17, "Value": 535.7501220703125}, {"ListeningId": 0, "ParameterID": 18, "Value": 476.05523681640625}, {"ListeningId": 0, "ParameterID": 19, "Value": 604.8167114257812}, {"ListeningId": 0, "ParameterID": 20, "Value": 1616.6220703125}, {"ListeningId": 0, "ParameterID": 21, "Value": 540.38525390625}, {"ListeningId": 0, "ParameterID": 22, "Value": 476.05523681640625}, {"ListeningId": 0, "ParameterID": 23, "Value": 619.6259155273438}, {"ListeningId": 0, "ParameterID": 24, "Value": 1636.06640625}, {"ListeningId": 0, "ParameterID": 25, "Value": 70.62599182128906}, {"ListeningId": 0, "ParameterID": 26, "Value": 0.0}, {"ListeningId": 0, "ParameterID": 27, "Value": 134.65895080566406}, {"ListeningId": 0, "ParameterID": 28, "Value": 205.28494262695312}, {"ListeningId": 0, "ParameterID": 13, "Value": 0.9820595979690552}, {"ListeningId": 0, "ParameterID": 14, "Value": 1.0}, {"ListeningId": 0, "ParameterID": 15, "Value": 0.9487953186035156}, {"ListeningId": 0, "ParameterID": 16, "Value": 0.9769515991210938}, {"ListeningId": 0, "ParameterID": 10, "Value": 50.0085334777832}, {"ListeningId": 0, "ParameterID": 11, "Value": 50.0085334777832}, {"ListeningId": 0, "ParameterID": 12, "Value": 50.0085334777832}, {"ListeningId": 0, "ParameterID": 32, "Value": 6693.0732421875}]}, {"ListeningId": 0, "MeterId": 2, "Timestamp": 1632425640, "listeningvalues": [{"ListeningId": 0, "ParameterID": 1, "Value": 231.4767303466797}, {"ListeningId": 0, "ParameterID": 2, "Value": 231.37158203125}, {"ListeningId": 0, "ParameterID": 3, "Value": 230.56246948242188}, {"ListeningId": 0, "ParameterID": 4, "Value": 400.7258605957031}, {"ListeningId": 0, "ParameterID": 5, "Value": 399.90362548828125}, {"ListeningId": 0, "ParameterID": 6, "Value": 400.189208984375}, {"ListeningId": 0, "ParameterID": 7, "Value": 2.412255048751831}, {"ListeningId": 0, "ParameterID": 8, "Value": 2.09096097946167}, {"ListeningId": 0, "ParameterID": 9, "Value": 2.849766731262207}, {"ListeningId": 0, "ParameterID": 17, "Value": 543.4563598632812}, {"ListeningId": 0, "ParameterID": 18, "Value": 484.49456787109375}, {"ListeningId": 0, "ParameterID": 19, "Value": 632.4706420898438}, {"ListeningId": 0, "ParameterID": 20, "Value": 1658.3658447265625}, {"ListeningId": 0, "ParameterID": 21, "Value": 558.8121337890625}, {"ListeningId": 0, "ParameterID": 22, "Value": 484.5487060546875}, {"ListeningId": 0, "ParameterID": 23, "Value": 657.4029541015625}, {"ListeningId": 0, "ParameterID": 24, "Value": 1699.2725830078125}, {"ListeningId": 0, "ParameterID": 25, "Value": 130.53842163085938}, {"ListeningId": 0, "ParameterID": 26, "Value": 0.0}, {"ListeningId": 0, "ParameterID": 27, "Value": 178.7781982421875}, {"ListeningId": 0, "ParameterID": 28, "Value": 309.0597839355469}, {"ListeningId": 0, "ParameterID": 13, "Value": 0.9852060079574585}, {"ListeningId": 0, "ParameterID": 14, "Value": 0.9990513324737549}, {"ListeningId": 0, "ParameterID": 15, "Value": 0.9795689582824707}, {"ListeningId": 0, "ParameterID": 16, "Value": 0.9879420399665833}, {"ListeningId": 0, "ParameterID": 10, "Value": 50.0085334777832}, {"ListeningId": 0, "ParameterID": 11, "Value": 50.0085334777832}, {"ListeningId": 0, "ParameterID": 12, "Value": 50.0085334777832}, {"ListeningId": 0, "ParameterID": 32, "Value": 6698.80859375}]}, {"ListeningId": 0, "MeterId": 3, "Timestamp": 1632425640, "listeningvalues": [{"ListeningId": 0, "ParameterID": 1, "Value": 231.46897888183594}, {"ListeningId": 0, "ParameterID": 2, "Value": 231.70631408691406}, {"ListeningId": 0, "ParameterID": 3, "Value": 230.10862731933594}, {"ListeningId": 0, "ParameterID": 4, "Value": 401.1279296875}, {"ListeningId": 0, "ParameterID": 5, "Value": 399.8657531738281}, {"ListeningId": 0, "ParameterID": 6, "Value": 399.7373046875}, {"ListeningId": 0, "ParameterID": 7, "Value": 2.340285062789917}, {"ListeningId": 0, "ParameterID": 8, "Value": 1.8648613691329956}, {"ListeningId": 0, "ParameterID": 9, "Value": 3.025357961654663}, {"ListeningId": 0, "ParameterID": 17, "Value": 529.550537109375}, {"ListeningId": 0, "ParameterID": 18, "Value": 430.8027648925781}, {"ListeningId": 0, "ParameterID": 19, "Value": 656.981689453125}, {"ListeningId": 0, "ParameterID": 20, "Value": 1617.3349609375}, {"ListeningId": 0, "ParameterID": 21, "Value": 541.703369140625}, {"ListeningId": 0, "ParameterID": 22, "Value": 432.10015869140625}, {"ListeningId": 0, "ParameterID": 23, "Value": 696.1609497070312}, {"ListeningId": 0, "ParameterID": 24, "Value": 1669.9644775390625}, {"ListeningId": 0, "ParameterID": 25, "Value": 114.09973907470703}, {"ListeningId": 0, "ParameterID": 26, "Value": 33.45939636230469}, {"ListeningId": 0, "ParameterID": 27, "Value": 230.25013732910156}, {"ListeningId": 0, "ParameterID": 28, "Value": 377.80926513671875}, {"ListeningId": 0, "ParameterID": 13, "Value": 0.9775655269622803}, {"ListeningId": 0, "ParameterID": 14, "Value": 0.9969974756240845}, {"ListeningId": 0, "ParameterID": 15, "Value": 0.9437209367752075}, {"ListeningId": 0, "ParameterID": 16, "Value": 0.972761332988739}, {"ListeningId": 0, "ParameterID": 10, "Value": 49.999916076660156}, {"ListeningId": 0, "ParameterID": 11, "Value": 49.999916076660156}, {"ListeningId": 0, "ParameterID": 12, "Value": 49.999916076660156}, {"ListeningId": 0, "ParameterID": 32, "Value": 6699.806640625}]}, {"ListeningId": 0, "MeterId": 4, "Timestamp": 1632425640, "listeningvalues": [{"ListeningId": 0, "ParameterID": 1, "Value": 231.6153564453125}, {"ListeningId": 0, "ParameterID": 2, "Value": 231.6639862060547}, {"ListeningId": 0, "ParameterID": 3, "Value": 231.0686798095703}, {"ListeningId": 0, "ParameterID": 4, "Value": 400.8275146484375}, {"ListeningId": 0, "ParameterID": 5, "Value": 400.34674072265625}, {"ListeningId": 0, "ParameterID": 6, "Value": 400.7985534667969}, {"ListeningId": 0, "ParameterID": 7, "Value": 2.6797025203704834}, {"ListeningId": 0, "ParameterID": 8, "Value": 2.0677807331085205}, {"ListeningId": 0, "ParameterID": 9, "Value": 2.8765974044799805}, {"ListeningId": 0, "ParameterID": 17, "Value": 597.6841430664062}, {"ListeningId": 0, "ParameterID": 18, "Value": 478.599365234375}, {"ListeningId": 0, "ParameterID": 19, "Value": 627.1507568359375}, {"ListeningId": 0, "ParameterID": 20, "Value": 1703.8892822265625}, {"ListeningId": 0, "ParameterID": 21, "Value": 620.2800903320312}, {"ListeningId": 0, "ParameterID": 22, "Value": 478.4823303222656}, {"ListeningId": 0, "ParameterID": 23, "Value": 665.0571899414062}, {"ListeningId": 0, "ParameterID": 24, "Value": 1763.99853515625}, {"ListeningId": 0, "ParameterID": 25, "Value": 165.55184936523438}, {"ListeningId": 0, "ParameterID": 26, "Value": 0.0}, {"ListeningId": 0, "ParameterID": 27, "Value": 217.9002227783203}, {"ListeningId": 0, "ParameterID": 28, "Value": 383.725830078125}, {"ListeningId": 0, "ParameterID": 13, "Value": 0.9636632800102234}, {"ListeningId": 0, "ParameterID": 14, "Value": 1.0}, {"ListeningId": 0, "ParameterID": 15, "Value": 0.9447119832038879}, {"ListeningId": 0, "ParameterID": 16, "Value": 0.9694584012031555}, {"ListeningId": 0, "ParameterID": 10, "Value": 49.999916076660156}, {"ListeningId": 0, "ParameterID": 11, "Value": 49.999916076660156}, {"ListeningId": 0, "ParameterID": 12, "Value": 49.999916076660156}, {"ListeningId": 0, "ParameterID": 32, "Value": 6699.70947265625}]}, {"ListeningId": 0, "MeterId": 5, "Timestamp": 1632425640, "listeningvalues": [{"ListeningId": 0, "ParameterID": 1, "Value": 231.49716186523438}, {"ListeningId": 0, "ParameterID": 2, "Value": 231.71957397460938}, {"ListeningId": 0, "ParameterID": 3, "Value": 229.99725341796875}, {"ListeningId": 0, "ParameterID": 4, "Value": 400.9123840332031}, {"ListeningId": 0, "ParameterID": 5, "Value": 399.570068359375}, {"ListeningId": 0, "ParameterID": 6, "Value": 399.919921875}, {"ListeningId": 0, "ParameterID": 7, "Value": 2.6835098266601562}, {"ListeningId": 0, "ParameterID": 8, "Value": 1.741141438484192}, {"ListeningId": 0, "ParameterID": 9, "Value": 3.0472774505615234}, {"ListeningId": 0, "ParameterID": 17, "Value": 602.2119140625}, {"ListeningId": 0, "ParameterID": 18, "Value": 402.7203063964844}, {"ListeningId": 0, "ParameterID": 19, "Value": 675.4193115234375}, {"ListeningId": 0, "ParameterID": 20, "Value": 1680.7147216796875}, {"ListeningId": 0, "ParameterID": 21, "Value": 621.9856567382812}, {"ListeningId": 0, "ParameterID": 22, "Value": 402.9046630859375}, {"ListeningId": 0, "ParameterID": 23, "Value": 699.7470092773438}, {"ListeningId": 0, "ParameterID": 24, "Value": 1725.227294921875}, {"ListeningId": 0, "ParameterID": 25, "Value": 156.54612731933594}, {"ListeningId": 0, "ParameterID": 26, "Value": 0.0}, {"ListeningId": 0, "ParameterID": 27, "Value": 183.3262481689453}, {"ListeningId": 0, "ParameterID": 28, "Value": 339.68310546875}, {"ListeningId": 0, "ParameterID": 13, "Value": 0.9940800070762634}, {"ListeningId": 0, "ParameterID": 14, "Value": 0.9942417144775391}, {"ListeningId": 0, "ParameterID": 15, "Value": 0.9850491881370544}, {"ListeningId": 0, "ParameterID": 16, "Value": 0.9911236763000488}, {"ListeningId": 0, "ParameterID": 10, "Value": 49.999916076660156}, {"ListeningId": 0, "ParameterID": 11, "Value": 49.999916076660156}, {"ListeningId": 0, "ParameterID": 12, "Value": 49.999916076660156}, {"ListeningId": 0, "ParameterID": 32, "Value": 6697.63330078125}]}, {"ListeningId": 0, "MeterId": 6, "Timestamp": 1632425640, "listeningvalues": [{"ListeningId": 0, "ParameterID": 1, "Value": 231.3516387939453}, {"ListeningId": 0, "ParameterID": 2, "Value": 231.45494079589844}, {"ListeningId": 0, "ParameterID": 3, "Value": 231.10769653320312}, {"ListeningId": 0, "ParameterID": 4, "Value": 400.8455505371094}, {"ListeningId": 0, "ParameterID": 5, "Value": 400.4250183105469}, {"ListeningId": 0, "ParameterID": 6, "Value": 400.45782470703125}, {"ListeningId": 0, "ParameterID": 7, "Value": 2.53369140625}, {"ListeningId": 0, "ParameterID": 8, "Value": 2.2092223167419434}, {"ListeningId": 0, "ParameterID": 9, "Value": 2.7276430130004883}, {"ListeningId": 0, "ParameterID": 17, "Value": 567.39111328125}, {"ListeningId": 0, "ParameterID": 18, "Value": 511.6231994628906}, {"ListeningId": 0, "ParameterID": 19, "Value": 593.6614990234375}, {"ListeningId": 0, "ParameterID": 20, "Value": 1672.8902587890625}, {"ListeningId": 0, "ParameterID": 21, "Value": 585.9826049804688}, {"ListeningId": 0, "ParameterID": 22, "Value": 511.87646484375}, {"ListeningId": 0, "ParameterID": 23, "Value": 629.0892944335938}, {"ListeningId": 0, "ParameterID": 24, "Value": 1726.98486328125}, {"ListeningId": 0, "ParameterID": 25, "Value": 146.5135040283203}, {"ListeningId": 0, "ParameterID": 26, "Value": 0.0}, {"ListeningId": 0, "ParameterID": 27, "Value": 208.92987060546875}, {"ListeningId": 0, "ParameterID": 28, "Value": 355.33984375}, {"ListeningId": 0, "ParameterID": 13, "Value": 0.9921238422393799}, {"ListeningId": 0, "ParameterID": 14, "Value": 1.0}, {"ListeningId": 0, "ParameterID": 15, "Value": 0.9429884552955627}, {"ListeningId": 0, "ParameterID": 16, "Value": 0.978370726108551}, {"ListeningId": 0, "ParameterID": 10, "Value": 49.999916076660156}, {"ListeningId": 0, "ParameterID": 11, "Value": 49.999916076660156}, {"ListeningId": 0, "ParameterID": 12, "Value": 49.999916076660156}, {"ListeningId": 0, "ParameterID": 32, "Value": 6698.2177734375}]}, {"ListeningId": 0, "MeterId": 7, "Timestamp": 1632425640, "listeningvalues": [{"ListeningId": 0, "ParameterID": 1, "Value": 230.56349182128906}, {"ListeningId": 0, "ParameterID": 2, "Value": 231.11082458496094}, {"ListeningId": 0, "ParameterID": 3, "Value": 230.68850708007812}, {"ListeningId": 0, "ParameterID": 4, "Value": 399.91290283203125}, {"ListeningId": 0, "ParameterID": 5, "Value": 399.8857421875}, {"ListeningId": 0, "ParameterID": 6, "Value": 399.6556396484375}, {"ListeningId": 0, "ParameterID": 7, "Value": 2.6006386280059814}, {"ListeningId": 0, "ParameterID": 8, "Value": 1.7754499912261963}, {"ListeningId": 0, "ParameterID": 9, "Value": 2.998601198196411}, {"ListeningId": 0, "ParameterID": 17, "Value": 579.5532836914062}, {"ListeningId": 0, "ParameterID": 18, "Value": 410.8724060058594}, {"ListeningId": 0, "ParameterID": 19, "Value": 665.6591796875}, {"ListeningId": 0, "ParameterID": 20, "Value": 1654.7010498046875}, {"ListeningId": 0, "ParameterID": 21, "Value": 600.1942749023438}, {"ListeningId": 0, "ParameterID": 22, "Value": 410.8366394042969}, {"ListeningId": 0, "ParameterID": 23, "Value": 690.4896850585938}, {"ListeningId": 0, "ParameterID": 24, "Value": 1702.8583984375}, {"ListeningId": 0, "ParameterID": 25, "Value": 157.32040405273438}, {"ListeningId": 0, "ParameterID": 26, "Value": 0.0}, {"ListeningId": 0, "ParameterID": 27, "Value": 185.30970764160156}, {"ListeningId": 0, "ParameterID": 28, "Value": 342.8254699707031}, {"ListeningId": 0, "ParameterID": 13, "Value": 0.9659234881401062}, {"ListeningId": 0, "ParameterID": 14, "Value": 1.0}, {"ListeningId": 0, "ParameterID": 15, "Value": 0.9555726051330566}, {"ListeningId": 0, "ParameterID": 16, "Value": 0.9738320708274841}, {"ListeningId": 0, "ParameterID": 10, "Value": 49.999916076660156}, {"ListeningId": 0, "ParameterID": 11, "Value": 49.999916076660156}, {"ListeningId": 0, "ParameterID": 12, "Value": 49.999916076660156}, {"ListeningId": 0, "ParameterID": 32, "Value": 6701.20703125}]}, {"ListeningId": 0, "MeterId": 8, "Timestamp": 1632425640, "listeningvalues": [{"ListeningId": 0, "ParameterID": 1, "Value": 230.65235900878906}, {"ListeningId": 0, "ParameterID": 2, "Value": 231.5056915283203}, {"ListeningId": 0, "ParameterID": 3, "Value": 230.09246826171875}, {"ListeningId": 0, "ParameterID": 4, "Value": 400.5493469238281}, {"ListeningId": 0, "ParameterID": 5, "Value": 399.4035949707031}, {"ListeningId": 0, "ParameterID": 6, "Value": 399.3262939453125}, {"ListeningId": 0, "ParameterID": 7, "Value": 2.6538503170013428}, {"ListeningId": 0, "ParameterID": 8, "Value": 1.7953259944915771}, {"ListeningId": 0, "ParameterID": 9, "Value": 2.908588171005249}, {"ListeningId": 0, "ParameterID": 17, "Value": 591.2579956054688}, {"ListeningId": 0, "ParameterID": 18, "Value": 415.628173828125}, {"ListeningId": 0, "ParameterID": 19, "Value": 639.5114135742188}, {"ListeningId": 0, "ParameterID": 20, "Value": 1646.3975830078125}, {"ListeningId": 0, "ParameterID": 21, "Value": 612.1168212890625}, {"ListeningId": 0, "ParameterID": 22, "Value": 415.628173828125}, {"ListeningId": 0, "ParameterID": 23, "Value": 669.2442016601562}, {"ListeningId": 0, "ParameterID": 24, "Value": 1696.9892578125}, {"ListeningId": 0, "ParameterID": 25, "Value": 158.43284606933594}, {"ListeningId": 0, "ParameterID": 26, "Value": 0.0}, {"ListeningId": 0, "ParameterID": 27, "Value": 197.26370239257812}, {"ListeningId": 0, "ParameterID": 28, "Value": 355.696533203125}, {"ListeningId": 0, "ParameterID": 13, "Value": 0.9659234881401062}, {"ListeningId": 0, "ParameterID": 14, "Value": 1.0}, {"ListeningId": 0, "ParameterID": 15, "Value": 0.9555726051330566}, {"ListeningId": 0, "ParameterID": 16, "Value": 0.9738320708274841}, {"ListeningId": 0, "ParameterID": 10, "Value": 50.04084777832031}, {"ListeningId": 0, "ParameterID": 11, "Value": 50.04084777832031}, {"ListeningId": 0, "ParameterID": 12, "Value": 50.04084777832031}, {"ListeningId": 0, "ParameterID": 32, "Value": 6701.20703125}]}, {"ListeningId": 0, "MeterId": 9, "Timestamp": 1632425640, "listeningvalues": [{"ListeningId": 0, "ParameterID": 1, "Value": 230.78292846679688}, {"ListeningId": 0, "ParameterID": 2, "Value": 231.59005737304688}, {"ListeningId": 0, "ParameterID": 3, "Value": 230.9156951904297}, {"ListeningId": 0, "ParameterID": 4, "Value": 400.5402526855469}, {"ListeningId": 0, "ParameterID": 5, "Value": 400.1043395996094}, {"ListeningId": 0, "ParameterID": 6, "Value": 399.79730224609375}, {"ListeningId": 0, "ParameterID": 7, "Value": 2.4144177436828613}, {"ListeningId": 0, "ParameterID": 8, "Value": 1.7926805019378662}, {"ListeningId": 0, "ParameterID": 9, "Value": 2.8479228019714355}, {"ListeningId": 0, "ParameterID": 17, "Value": 547.6189575195312}, {"ListeningId": 0, "ParameterID": 18, "Value": 415.1014099121094}, {"ListeningId": 0, "ParameterID": 19, "Value": 639.9204711914062}, {"ListeningId": 0, "ParameterID": 20, "Value": 1603.4215087890625}, {"ListeningId": 0, "ParameterID": 21, "Value": 558.5016479492188}, {"ListeningId": 0, "ParameterID": 22, "Value": 415.4541320800781}, {"ListeningId": 0, "ParameterID": 23, "Value": 657.7383422851562}, {"ListeningId": 0, "ParameterID": 24, "Value": 1629.78369140625}, {"ListeningId": 0, "ParameterID": 25, "Value": 106.05255126953125}, {"ListeningId": 0, "ParameterID": 26, "Value": 0.0}, {"ListeningId": 0, "ParameterID": 27, "Value": 152.00526428222656}, {"ListeningId": 0, "ParameterID": 28, "Value": 258.0744934082031}, {"ListeningId": 0, "ParameterID": 13, "Value": 0.9817666411399841}, {"ListeningId": 0, "ParameterID": 14, "Value": 1.0}, {"ListeningId": 0, "ParameterID": 15, "Value": 0.9728435277938843}, {"ListeningId": 0, "ParameterID": 16, "Value": 0.9848701357841492}, {"ListeningId": 0, "ParameterID": 10, "Value": 50.04084777832031}, {"ListeningId": 0, "ParameterID": 11, "Value": 50.04084777832031}, {"ListeningId": 0, "ParameterID": 12, "Value": 50.04084777832031}, {"ListeningId": 0, "ParameterID": 32, "Value": 6704.4736328125}]}, {"ListeningId": 0, "MeterId": 10, "Timestamp": 1632425640, "listeningvalues": [{"ListeningId": 0, "ParameterID": 1, "Value": 231.7096405029297}, {"ListeningId": 0, "ParameterID": 2, "Value": 231.5620574951172}, {"ListeningId": 0, "ParameterID": 3, "Value": 230.86212158203125}, {"ListeningId": 0, "ParameterID": 4, "Value": 400.97802734375}, {"ListeningId": 0, "ParameterID": 5, "Value": 400.8365783691406}, {"ListeningId": 0, "ParameterID": 6, "Value": 400.5857849121094}, {"ListeningId": 0, "ParameterID": 7, "Value": 2.2984812259674072}, {"ListeningId": 0, "ParameterID": 8, "Value": 2.074720621109009}, {"ListeningId": 0, "ParameterID": 9, "Value": 2.908705472946167}, {"ListeningId": 0, "ParameterID": 17, "Value": 527.8095092773438}, {"ListeningId": 0, "ParameterID": 18, "Value": 475.7265319824219}, {"ListeningId": 0, "ParameterID": 19, "Value": 644.5114135742188}, {"ListeningId": 0, "ParameterID": 20, "Value": 1648.45263671875}, {"ListeningId": 0, "ParameterID": 21, "Value": 532.2422485351562}, {"ListeningId": 0, "ParameterID": 22, "Value": 481.0319519042969}, {"ListeningId": 0, "ParameterID": 23, "Value": 672.2949829101562}, {"ListeningId": 0, "ParameterID": 24, "Value": 1686.289794921875}, {"ListeningId": 0, "ParameterID": 25, "Value": 66.4205093383789}, {"ListeningId": 0, "ParameterID": 26, "Value": 70.91207122802734}, {"ListeningId": 0, "ParameterID": 27, "Value": 194.57174682617188}, {"ListeningId": 0, "ParameterID": 28, "Value": 331.9826965332031}, {"ListeningId": 0, "ParameterID": 13, "Value": 0.9810433387756348}, {"ListeningId": 0, "ParameterID": 14, "Value": 1.0}, {"ListeningId": 0, "ParameterID": 15, "Value": 0.9853368401527405}, {"ListeningId": 0, "ParameterID": 16, "Value": 0.9887933731079102}, {"ListeningId": 0, "ParameterID": 10, "Value": 50.04084777832031}, {"ListeningId": 0, "ParameterID": 11, "Value": 50.04084777832031}, {"ListeningId": 0, "ParameterID": 12, "Value": 50.04084777832031}, {"ListeningId": 0, "ParameterID": 32, "Value": 8282.337890625}]}, {"ListeningId": 0, "MeterId": 11, "Timestamp": 1632425640, "listeningvalues": [{"ListeningId": 0, "ParameterID": 1, "Value": 231.30406188964844}, {"ListeningId": 0, "ParameterID": 2, "Value": 232.2765350341797}, {"ListeningId": 0, "ParameterID": 3, "Value": 230.4045867919922}, {"ListeningId": 0, "ParameterID": 4, "Value": 401.5640563964844}, {"ListeningId": 0, "ParameterID": 5, "Value": 401.2367248535156}, {"ListeningId": 0, "ParameterID": 6, "Value": 399.5947570800781}, {"ListeningId": 0, "ParameterID": 7, "Value": 2.707176685333252}, {"ListeningId": 0, "ParameterID": 8, "Value": 1.865075707435608}, {"ListeningId": 0, "ParameterID": 9, "Value": 3.0548582077026367}, {"ListeningId": 0, "ParameterID": 17, "Value": 613.515380859375}, {"ListeningId": 0, "ParameterID": 18, "Value": 433.4579772949219}, {"ListeningId": 0, "ParameterID": 19, "Value": 687.0193481445312}, {"ListeningId": 0, "ParameterID": 20, "Value": 1733.8563232421875}, {"ListeningId": 0, "ParameterID": 21, "Value": 626.9989013671875}, {"ListeningId": 0, "ParameterID": 22, "Value": 433.3636779785156}, {"ListeningId": 0, "ParameterID": 23, "Value": 704.2783813476562}, {"ListeningId": 0, "ParameterID": 24, "Value": 1763.4193115234375}, {"ListeningId": 0, "ParameterID": 25, "Value": 125.99128723144531}, {"ListeningId": 0, "ParameterID": 26, "Value": 0.0}, {"ListeningId": 0, "ParameterID": 27, "Value": 155.35086059570312}, {"ListeningId": 0, "ParameterID": 28, "Value": 281.1011657714844}, {"ListeningId": 0, "ParameterID": 13, "Value": 0.9718921780586243}, {"ListeningId": 0, "ParameterID": 14, "Value": 1.0}, {"ListeningId": 0, "ParameterID": 15, "Value": 0.9880186319351196}, {"ListeningId": 0, "ParameterID": 16, "Value": 0.9866369366645813}, {"ListeningId": 0, "ParameterID": 10, "Value": 50.04084777832031}, {"ListeningId": 0, "ParameterID": 11, "Value": 50.04084777832031}, {"ListeningId": 0, "ParameterID": 12, "Value": 50.04084777832031}, {"ListeningId": 0, "ParameterID": 32, "Value": 6694.20263671875}]}, {"ListeningId": 0, "MeterId": 12, "Timestamp": 1632425640, "listeningvalues": [{"ListeningId": 0, "ParameterID": 1, "Value": 230.3996124267578}, {"ListeningId": 0, "ParameterID": 2, "Value": 231.5863037109375}, {"ListeningId": 0, "ParameterID": 3, "Value": 229.83526611328125}, {"ListeningId": 0, "ParameterID": 4, "Value": 400.73724365234375}, {"ListeningId": 0, "ParameterID": 5, "Value": 399.6288146972656}, {"ListeningId": 0, "ParameterID": 6, "Value": 398.83099365234375}, {"ListeningId": 0, "ParameterID": 7, "Value": 2.585291624069214}, {"ListeningId": 0, "ParameterID": 8, "Value": 1.9891163110733032}, {"ListeningId": 0, "ParameterID": 9, "Value": 2.6923675537109375}, {"ListeningId": 0, "ParameterID": 17, "Value": 593.8482666015625}, {"ListeningId": 0, "ParameterID": 18, "Value": 461.2102355957031}, {"ListeningId": 0, "ParameterID": 19, "Value": 588.478271484375}, {"ListeningId": 0, "ParameterID": 20, "Value": 1643.3621826171875}, {"ListeningId": 0, "ParameterID": 21, "Value": 596.636474609375}, {"ListeningId": 0, "ParameterID": 22, "Value": 460.9310302734375}, {"ListeningId": 0, "ParameterID": 23, "Value": 618.2682495117188}, {"ListeningId": 0, "ParameterID": 24, "Value": 1674.742431640625}, {"ListeningId": 0, "ParameterID": 25, "Value": 60.40522766113281}, {"ListeningId": 0, "ParameterID": 26, "Value": 0.0}, {"ListeningId": 0, "ParameterID": 27, "Value": 191.0400848388672}, {"ListeningId": 0, "ParameterID": 28, "Value": 251.6546173095703}, {"ListeningId": 0, "ParameterID": 13, "Value": 0.9709290266036987}, {"ListeningId": 0, "ParameterID": 14, "Value": 0.9989475607872009}, {"ListeningId": 0, "ParameterID": 15, "Value": 0.9832471013069153}, {"ListeningId": 0, "ParameterID": 16, "Value": 0.9843745231628418}, {"ListeningId": 0, "ParameterID": 10, "Value": 50.04084777832031}, {"ListeningId": 0, "ParameterID": 11, "Value": 50.04084777832031}, {"ListeningId": 0, "ParameterID": 12, "Value": 50.04084777832031}, {"ListeningId": 0, "ParameterID": 32, "Value": 6693.5244140625}]}]