[{"ListeningId": 0, "MeterId": 1, "Timestamp": 1632425760, "listeningvalues": [{"ListeningId": 0, "ParameterID": 1, "Value": 231.63006591796875}, {"ListeningId": 0, "ParameterID": 2, "Value": 231.85073852539062}, {"ListeningId": 0, "ParameterID": 3, "Value": 230.21807861328125}, {"ListeningId": 0, "ParameterID": 4, "Value": 401.27423095703125}, {"ListeningId": 0, "ParameterID": 5, "Value": 399.9228210449219}, {"ListeningId": 0, "ParameterID": 6, "Value": 399.69281005859375}, {"ListeningId": 0, "ParameterID": 7, "Value": 2.704105854034424}, {"ListeningId": 0, "ParameterID": 8, "Value": 2.1847972869873047}, {"ListeningId": 0, "ParameterID": 9, "Value": 2.780648946762085}, {"ListeningId": 0, "ParameterID": 17, "Value": 612.01513671875}, {"ListeningId": 0, "ParameterID": 18, "Value": 506.546875}, {"ListeningId": 0, "ParameterID": 19, "Value": 605.3815307617188}, {"ListeningId": 0, "ParameterID": 20, "Value": 1723.943603515625}, {"ListeningId": 0, "ParameterID": 21, "Value": 626.3522338867188}, {"ListeningId": 0, "ParameterID": 22, "Value": 506.546875}, {"ListeningId": 0, "ParameterID": 23, "Value": 640.1556396484375}, {"ListeningId": 0, "ParameterID": 24, "Value": 1773.0548095703125}, {"ListeningId": 0, "ParameterID": 25, "Value": 133.24636840820312}, {"ListeningId": 0, "ParameterID": 26, "Value": 0.0}, {"ListeningId": 0, "ParameterID": 27, "Value": 208.1164093017578}, {"ListeningId": 0, "ParameterID": 28, "Value": 341.36279296875}, {"ListeningId": 0, "ParameterID": 13, "Value": 0.9608916640281677}, {"ListeningId": 0, "ParameterID": 14, "Value": 1.0}, {"ListeningId": 0, "ParameterID": 15, "Value": 0.9810948371887207}, {"ListeningId": 0, "ParameterID": 16, "Value": 0.9806621670722961}, {"ListeningId": 0, "ParameterID": 10, "Value": 50.10405349731445}, {"ListeningId": 0, "ParameterID": 11, "Value": 50.10405349731445}, {"ListeningId": 0, "ParameterID": 12, "Value": 50.10405349731445}, {"ListeningId": 0, "ParameterID": 32, "Value": 6747.947265625}]}, {"ListeningId": 0, "MeterId": 2, "Timestamp": 1632425760, "listeningvalues": [{"ListeningId": 0, "ParameterID": 1, "Value": 230.42898559570312}, {"ListeningId": 0, "ParameterID": 2, "Value": 231.97879028320312}, {"ListeningId": 0, "ParameterID": 3, "Value": 230.78713989257812}, {"ListeningId": 0, "ParameterID": 4, "Value": 400.2757263183594}, {"ListeningId": 0, "ParameterID": 5, "Value": 400.9167175292969}, {"ListeningId": 0, "ParameterID": 6, "Value": 399.293701171875}, {"ListeningId": 0, "ParameterID": 7, "Value": 2.3438735008239746}, {"ListeningId": 0, "ParameterID": 8, "Value": 2.0593247413635254}, {"ListeningId": 0, "ParameterID": 9, "Value": 2.6564042568206787}, {"ListeningId": 0, "ParameterID": 17, "Value": 523.16357421875}, {"ListeningId": 0, "ParameterID": 18, "Value": 478.0384826660156}, {"ListeningId": 0, "ParameterID": 19, "Value": 594.1051635742188}, {"ListeningId": 0, "ParameterID": 20, "Value": 1594.8529052734375}, {"ListeningId": 0, "ParameterID": 21, "Value": 540.4288330078125}, {"ListeningId": 0, "ParameterID": 22, "Value": 478.2089538574219}, {"ListeningId": 0, "ParameterID": 23, "Value": 612.6195678710938}, {"ListeningId": 0, "ParameterID": 24, "Value": 1631.7384033203125}, {"ListeningId": 0, "ParameterID": 25, "Value": 136.72239685058594}, {"ListeningId": 0, "ParameterID": 26, "Value": 0.0}, {"ListeningId": 0, "ParameterID": 27, "Value": 150.59597778320312}, {"ListeningId": 0, "ParameterID": 28, "Value": 287.4952392578125}, {"ListeningId": 0, "ParameterID": 13, "Value": 0.9594945311546326}, {"ListeningId": 0, "ParameterID": 14, "Value": 0.9981083273887634}, {"ListeningId": 0, "ParameterID": 15, "Value": 0.9639765024185181}, {"ListeningId": 0, "ParameterID": 16, "Value": 0.9738597869873047}, {"ListeningId": 0, "ParameterID": 10, "Value": 50.10405349731445}, {"ListeningId": 0, "ParameterID": 11, "Value": 50.10405349731445}, {"ListeningId": 0, "ParameterID": 12, "Value": 50.10405349731445}, {"ListeningId": 0, "ParameterID": 32, "Value": 6753.62158203125}]}, {"ListeningId": 0, "MeterId": 3, "Timestamp": 1632425760, "listeningvalues": [{"ListeningId": 0, "ParameterID": 1, "Value": 230.2681427001953}, {"ListeningId": 0, "ParameterID": 2, "Value": 232.66722106933594}, {"ListeningId": 0, "ParameterID": 3, "Value": 229.77464294433594}, {"ListeningId": 0, "ParameterID": 4, "Value": 401.2431335449219}, {"ListeningId": 0, "ParameterID": 5, "Value": 400.6126708984375}, {"ListeningId": 0, "ParameterID": 6, "Value": 398.22113037109375}, {"ListeningId": 0, "ParameterID": 7, "Value": 2.254767417907715}, {"ListeningId": 0, "ParameterID": 8, "Value": 2.184786319732666}, {"ListeningId": 0, "ParameterID": 9, "Value": 2.9668099880218506}, {"ListeningId": 0, "ParameterID": 17, "Value": 517.1387939453125}, {"ListeningId": 0, "ParameterID": 18, "Value": 507.6152648925781}, {"ListeningId": 0, "ParameterID": 19, "Value": 651.0974731445312}, {"ListeningId": 0, "ParameterID": 20, "Value": 1675.1746826171875}, {"ListeningId": 0, "ParameterID": 21, "Value": 519.8690795898438}, {"ListeningId": 0, "ParameterID": 22, "Value": 508.1631164550781}, {"ListeningId": 0, "ParameterID": 23, "Value": 681.685302734375}, {"ListeningId": 0, "ParameterID": 24, "Value": 1710.5030517578125}, {"ListeningId": 0, "ParameterID": 25, "Value": 59.44142150878906}, {"ListeningId": 0, "ParameterID": 26, "Value": 0.0}, {"ListeningId": 0, "ParameterID": 27, "Value": 203.15728759765625}, {"ListeningId": 0, "ParameterID": 28, "Value": 262.7283020019531}, {"ListeningId": 0, "ParameterID": 13, "Value": 0.981988787651062}, {"ListeningId": 0, "ParameterID": 14, "Value": 1.0}, {"ListeningId": 0, "ParameterID": 15, "Value": 0.9504402279853821}, {"ListeningId": 0, "ParameterID": 16, "Value": 0.9774763584136963}, {"ListeningId": 0, "ParameterID": 10, "Value": 50.10405349731445}, {"ListeningId": 0, "ParameterID": 11, "Value": 50.10405349731445}, {"ListeningId": 0, "ParameterID": 12, "Value": 50.10405349731445}, {"ListeningId": 0, "ParameterID": 32, "Value": 6754.82275390625}]}, {"ListeningId": 0, "MeterId": 4, "Timestamp": 1632425760, "listeningvalues": [{"ListeningId": 0, "ParameterID": 1, "Value": 231.30117797851562}, {"ListeningId": 0, "ParameterID": 2, "Value": 231.92074584960938}, {"ListeningId": 0, "ParameterID": 3, "Value": 230.40829467773438}, {"ListeningId": 0, "ParameterID": 4, "Value": 400.939697265625}, {"ListeningId": 0, "ParameterID": 5, "Value": 400.2381286621094}, {"ListeningId": 0, "ParameterID": 6, "Value": 399.8345642089844}, {"ListeningId": 0, "ParameterID": 7, "Value": 2.271993398666382}, {"ListeningId": 0, "ParameterID": 8, "Value": 1.792266607284546}, {"ListeningId": 0, "ParameterID": 9, "Value": 3.0618650913238525}, {"ListeningId": 0, "ParameterID": 17, "Value": 507.0643310546875}, {"ListeningId": 0, "ParameterID": 18, "Value": 415.663818359375}, {"ListeningId": 0, "ParameterID": 19, "Value": 665.210205078125}, {"ListeningId": 0, "ParameterID": 20, "Value": 1587.9383544921875}, {"ListeningId": 0, "ParameterID": 21, "Value": 525.5147705078125}, {"ListeningId": 0, "ParameterID": 22, "Value": 415.663818359375}, {"ListeningId": 0, "ParameterID": 23, "Value": 705.4791259765625}, {"ListeningId": 0, "ParameterID": 24, "Value": 1646.65771484375}, {"ListeningId": 0, "ParameterID": 25, "Value": 138.02734375}, {"ListeningId": 0, "ParameterID": 26, "Value": 0.0}, {"ListeningId": 0, "ParameterID": 27, "Value": 234.93869018554688}, {"ListeningId": 0, "ParameterID": 28, "Value": 372.9660339355469}, {"ListeningId": 0, "ParameterID": 13, "Value": 0.964890718460083}, {"ListeningId": 0, "ParameterID": 14, "Value": 1.0}, {"ListeningId": 0, "ParameterID": 15, "Value": 0.9429197907447815}, {"ListeningId": 0, "ParameterID": 16, "Value": 0.9692701697349548}, {"ListeningId": 0, "ParameterID": 10, "Value": 50.06471252441406}, {"ListeningId": 0, "ParameterID": 11, "Value": 50.06471252441406}, {"ListeningId": 0, "ParameterID": 12, "Value": 50.06471252441406}, {"ListeningId": 0, "ParameterID": 32, "Value": 6754.337890625}]}, {"ListeningId": 0, "MeterId": 5, "Timestamp": 1632425760, "listeningvalues": [{"ListeningId": 0, "ParameterID": 1, "Value": 230.61679077148438}, {"ListeningId": 0, "ParameterID": 2, "Value": 232.20225524902344}, {"ListeningId": 0, "ParameterID": 3, "Value": 231.04962158203125}, {"ListeningId": 0, "ParameterID": 4, "Value": 400.81597900390625}, {"ListeningId": 0, "ParameterID": 5, "Value": 400.68017578125}, {"ListeningId": 0, "ParameterID": 6, "Value": 399.8548583984375}, {"ListeningId": 0, "ParameterID": 7, "Value": 2.2981791496276855}, {"ListeningId": 0, "ParameterID": 8, "Value": 2.231127977371216}, {"ListeningId": 0, "ParameterID": 9, "Value": 2.7519867420196533}, {"ListeningId": 0, "ParameterID": 17, "Value": 521.4577026367188}, {"ListeningId": 0, "ParameterID": 18, "Value": 517.9674072265625}, {"ListeningId": 0, "ParameterID": 19, "Value": 628.478271484375}, {"ListeningId": 0, "ParameterID": 20, "Value": 1667.2720947265625}, {"ListeningId": 0, "ParameterID": 21, "Value": 529.990478515625}, {"ListeningId": 0, "ParameterID": 22, "Value": 518.585205078125}, {"ListeningId": 0, "ParameterID": 23, "Value": 635.68603515625}, {"ListeningId": 0, "ParameterID": 24, "Value": 1684.362548828125}, {"ListeningId": 0, "ParameterID": 25, "Value": 97.13292694091797}, {"ListeningId": 0, "ParameterID": 26, "Value": 0.0}, {"ListeningId": 0, "ParameterID": 27, "Value": 96.24345397949219}, {"ListeningId": 0, "ParameterID": 28, "Value": 193.4076690673828}, {"ListeningId": 0, "ParameterID": 13, "Value": 0.9608318209648132}, {"ListeningId": 0, "ParameterID": 14, "Value": 1.0}, {"ListeningId": 0, "ParameterID": 15, "Value": 0.9755878448486328}, {"ListeningId": 0, "ParameterID": 16, "Value": 0.9788065552711487}, {"ListeningId": 0, "ParameterID": 10, "Value": 50.06471252441406}, {"ListeningId": 0, "ParameterID": 11, "Value": 50.06471252441406}, {"ListeningId": 0, "ParameterID": 12, "Value": 50.06471252441406}, {"ListeningId": 0, "ParameterID": 32, "Value": 6752.7109375}]}, {"ListeningId": 0, "MeterId": 6, "Timestamp": 1632425760, "listeningvalues": [{"ListeningId": 0, "ParameterID": 1, "Value": 231.2578887939453}, {"ListeningId": 0, "ParameterID": 2, "Value": 232.36904907226562}, {"ListeningId": 0, "ParameterID": 3, "Value": 229.90805053710938}, {"ListeningId": 0, "ParameterID": 4, "Value": 401.7307434082031}, {"ListeningId": 0, "ParameterID": 5, "Value": 400.6354675292969}, {"ListeningId": 0, "ParameterID": 6, "Value": 399.1113586425781}, {"ListeningId": 0, "ParameterID": 7, "Value": 2.56567645072937}, {"ListeningId": 0, "ParameterID": 8, "Value": 2.220372438430786}, {"ListeningId": 0, "ParameterID": 9, "Value": 2.894697904586792}, {"ListeningId": 0, "ParameterID": 17, "Value": 576.1915893554688}, {"ListeningId": 0, "ParameterID": 18, "Value": 516.0083618164062}, {"ListeningId": 0, "ParameterID": 19, "Value": 652.6803588867188}, {"ListeningId": 0, "ParameterID": 20, "Value": 1746.0447998046875}, {"ListeningId": 0, "ParameterID": 21, "Value": 593.5306396484375}, {"ListeningId": 0, "ParameterID": 22, "Value": 516.2550048828125}, {"ListeningId": 0, "ParameterID": 23, "Value": 664.6898803710938}, {"ListeningId": 0, "ParameterID": 24, "Value": 1775.6141357421875}, {"ListeningId": 0, "ParameterID": 25, "Value": 142.21469116210938}, {"ListeningId": 0, "ParameterID": 26, "Value": 0.0}, {"ListeningId": 0, "ParameterID": 27, "Value": 123.71034240722656}, {"ListeningId": 0, "ParameterID": 28, "Value": 266.0069274902344}, {"ListeningId": 0, "ParameterID": 13, "Value": 0.98991858959198}, {"ListeningId": 0, "ParameterID": 14, "Value": 1.0}, {"ListeningId": 0, "ParameterID": 15, "Value": 0.9812909364700317}, {"ListeningId": 0, "ParameterID": 16, "Value": 0.9904031753540039}, {"ListeningId": 0, "ParameterID": 10, "Value": 50.06471252441406}, {"ListeningId": 0, "ParameterID": 11, "Value": 50.06471252441406}, {"ListeningId": 0, "ParameterID": 12, "Value": 50.06471252441406}, {"ListeningId": 0, "ParameterID": 32, "Value": 6752.79052734375}]}, {"ListeningId": 0, "MeterId": 7, "Timestamp": 1632425760, "listeningvalues": [{"ListeningId": 0, "ParameterID": 1, "Value": 230.79685974121094}, {"ListeningId": 0, "ParameterID": 2, "Value": 231.77496337890625}, {"ListeningId": 0, "ParameterID": 3, "Value": 230.25494384765625}, {"ListeningId": 0, "ParameterID": 4, "Value": 400.6243591308594}, {"ListeningId": 0, "ParameterID": 5, "Value": 400.5149841308594}, {"ListeningId": 0, "ParameterID": 6, "Value": 399.1529541015625}, {"ListeningId": 0, "ParameterID": 7, "Value": 2.4176831245422363}, {"ListeningId": 0, "ParameterID": 8, "Value": 1.8327507972717285}, {"ListeningId": 0, "ParameterID": 9, "Value": 2.793384552001953}, {"ListeningId": 0, "ParameterID": 17, "Value": 543.3775024414062}, {"ListeningId": 0, "ParameterID": 18, "Value": 425.1595153808594}, {"ListeningId": 0, "ParameterID": 19, "Value": 615.9502563476562}, {"ListeningId": 0, "ParameterID": 20, "Value": 1585.42138671875}, {"ListeningId": 0, "ParameterID": 21, "Value": 557.8076782226562}, {"ListeningId": 0, "ParameterID": 22, "Value": 424.90521240234375}, {"ListeningId": 0, "ParameterID": 23, "Value": 643.6524658203125}, {"ListeningId": 0, "ParameterID": 24, "Value": 1627.7550048828125}, {"ListeningId": 0, "ParameterID": 25, "Value": 125.81297302246094}, {"ListeningId": 0, "ParameterID": 26, "Value": 0.0}, {"ListeningId": 0, "ParameterID": 27, "Value": 183.81809997558594}, {"ListeningId": 0, "ParameterID": 28, "Value": 309.541015625}, {"ListeningId": 0, "ParameterID": 13, "Value": 0.9949076771736145}, {"ListeningId": 0, "ParameterID": 14, "Value": 1.0}, {"ListeningId": 0, "ParameterID": 15, "Value": 0.9796139597892761}, {"ListeningId": 0, "ParameterID": 16, "Value": 0.9915072321891785}, {"ListeningId": 0, "ParameterID": 10, "Value": 50.06471252441406}, {"ListeningId": 0, "ParameterID": 11, "Value": 50.06471252441406}, {"ListeningId": 0, "ParameterID": 12, "Value": 50.06471252441406}, {"ListeningId": 0, "ParameterID": 32, "Value": 6756.2568359375}]}, {"ListeningId": 0, "MeterId": 8, "Timestamp": 1632425760, "listeningvalues": [{"ListeningId": 0, "ParameterID": 1, "Value": 230.86016845703125}, {"ListeningId": 0, "ParameterID": 2, "Value": 231.85154724121094}, {"ListeningId": 0, "ParameterID": 3, "Value": 230.51370239257812}, {"ListeningId": 0, "ParameterID": 4, "Value": 400.576416015625}, {"ListeningId": 0, "ParameterID": 5, "Value": 400.4765930175781}, {"ListeningId": 0, "ParameterID": 6, "Value": 399.3868713378906}, {"ListeningId": 0, "ParameterID": 7, "Value": 2.420368194580078}, {"ListeningId": 0, "ParameterID": 8, "Value": 1.8329248428344727}, {"ListeningId": 0, "ParameterID": 9, "Value": 2.7889750003814697}, {"ListeningId": 0, "ParameterID": 17, "Value": 544.1896362304688}, {"ListeningId": 0, "ParameterID": 18, "Value": 425.24560546875}, {"ListeningId": 0, "ParameterID": 19, "Value": 616.4468994140625}, {"ListeningId": 0, "ParameterID": 20, "Value": 1583.853759765625}, {"ListeningId": 0, "ParameterID": 21, "Value": 558.0819702148438}, {"ListeningId": 0, "ParameterID": 22, "Value": 425.3676452636719}, {"ListeningId": 0, "ParameterID": 23, "Value": 642.9769897460938}, {"ListeningId": 0, "ParameterID": 24, "Value": 1627.5328369140625}, {"ListeningId": 0, "ParameterID": 25, "Value": 125.81507110595703}, {"ListeningId": 0, "ParameterID": 26, "Value": 0.0}, {"ListeningId": 0, "ParameterID": 27, "Value": 183.9036407470703}, {"ListeningId": 0, "ParameterID": 28, "Value": 309.592041015625}, {"ListeningId": 0, "ParameterID": 13, "Value": 0.9949076771736145}, {"ListeningId": 0, "ParameterID": 14, "Value": 1.0}, {"ListeningId": 0, "ParameterID": 15, "Value": 0.9796139597892761}, {"ListeningId": 0, "ParameterID": 16, "Value": 0.9915072321891785}, {"ListeningId": 0, "ParameterID": 10, "Value": 50.06471252441406}, {"ListeningId": 0, "ParameterID": 11, "Value": 50.06471252441406}, {"ListeningId": 0, "ParameterID": 12, "Value": 50.06471252441406}, {"ListeningId": 0, "ParameterID": 32, "Value": 6756.2568359375}]}, {"ListeningId": 0, "MeterId": 9, "Timestamp": 1632425760, "listeningvalues": [{"ListeningId": 0, "ParameterID": 1, "Value": 231.0549774169922}, {"ListeningId": 0, "ParameterID": 2, "Value": 231.29888916015625}, {"ListeningId": 0, "ParameterID": 3, "Value": 230.0447235107422}, {"ListeningId": 0, "ParameterID": 4, "Value": 400.31744384765625}, {"ListeningId": 0, "ParameterID": 5, "Value": 399.2992248535156}, {"ListeningId": 0, "ParameterID": 6, "Value": 399.2734069824219}, {"ListeningId": 0, "ParameterID": 7, "Value": 2.5960874557495117}, {"ListeningId": 0, "ParameterID": 8, "Value": 2.028132915496826}, {"ListeningId": 0, "ParameterID": 9, "Value": 2.977932929992676}, {"ListeningId": 0, "ParameterID": 17, "Value": 578.9225463867188}, {"ListeningId": 0, "ParameterID": 18, "Value": 469.1048889160156}, {"ListeningId": 0, "ParameterID": 19, "Value": 650.7149658203125}, {"ListeningId": 0, "ParameterID": 20, "Value": 1698.742431640625}, {"ListeningId": 0, "ParameterID": 21, "Value": 599.8389282226562}, {"ListeningId": 0, "ParameterID": 22, "Value": 469.1048889160156}, {"ListeningId": 0, "ParameterID": 23, "Value": 685.0577392578125}, {"ListeningId": 0, "ParameterID": 24, "Value": 1754.0015869140625}, {"ListeningId": 0, "ParameterID": 25, "Value": 157.0205078125}, {"ListeningId": 0, "ParameterID": 26, "Value": 0.0}, {"ListeningId": 0, "ParameterID": 27, "Value": 214.18246459960938}, {"ListeningId": 0, "ParameterID": 28, "Value": 371.2029724121094}, {"ListeningId": 0, "ParameterID": 13, "Value": 0.9651300311088562}, {"ListeningId": 0, "ParameterID": 14, "Value": 1.0}, {"ListeningId": 0, "ParameterID": 15, "Value": 0.9498687982559204}, {"ListeningId": 0, "ParameterID": 16, "Value": 0.9716663360595703}, {"ListeningId": 0, "ParameterID": 10, "Value": 50.06105422973633}, {"ListeningId": 0, "ParameterID": 11, "Value": 50.06105422973633}, {"ListeningId": 0, "ParameterID": 12, "Value": 50.06105422973633}, {"ListeningId": 0, "ParameterID": 32, "Value": 6759.03955078125}]}, {"ListeningId": 0, "MeterId": 10, "Timestamp": 1632425760, "listeningvalues": [{"ListeningId": 0, "ParameterID": 1, "Value": 231.4485626220703}, {"ListeningId": 0, "ParameterID": 2, "Value": 232.48365783691406}, {"ListeningId": 0, "ParameterID": 3, "Value": 230.16387939453125}, {"ListeningId": 0, "ParameterID": 4, "Value": 402.19842529296875}, {"ListeningId": 0, "ParameterID": 5, "Value": 401.082763671875}, {"ListeningId": 0, "ParameterID": 6, "Value": 400.3633117675781}, {"ListeningId": 0, "ParameterID": 7, "Value": 2.6607272624969482}, {"ListeningId": 0, "ParameterID": 8, "Value": 2.0247550010681152}, {"ListeningId": 0, "ParameterID": 9, "Value": 2.9646248817443848}, {"ListeningId": 0, "ParameterID": 17, "Value": 608.0607299804688}, {"ListeningId": 0, "ParameterID": 18, "Value": 470.5278015136719}, {"ListeningId": 0, "ParameterID": 19, "Value": 674.2785034179688}, {"ListeningId": 0, "ParameterID": 20, "Value": 1751.710205078125}, {"ListeningId": 0, "ParameterID": 21, "Value": 615.6932373046875}, {"ListeningId": 0, "ParameterID": 22, "Value": 470.5177001953125}, {"ListeningId": 0, "ParameterID": 23, "Value": 682.9791259765625}, {"ListeningId": 0, "ParameterID": 24, "Value": 1770.7747802734375}, {"ListeningId": 0, "ParameterID": 25, "Value": 100.47268676757812}, {"ListeningId": 0, "ParameterID": 26, "Value": 0.0}, {"ListeningId": 0, "ParameterID": 27, "Value": 109.35394287109375}, {"ListeningId": 0, "ParameterID": 28, "Value": 209.6895294189453}, {"ListeningId": 0, "ParameterID": 13, "Value": 0.9618431925773621}, {"ListeningId": 0, "ParameterID": 14, "Value": 1.0}, {"ListeningId": 0, "ParameterID": 15, "Value": 0.9477805495262146}, {"ListeningId": 0, "ParameterID": 16, "Value": 0.9698746204376221}, {"ListeningId": 0, "ParameterID": 10, "Value": 50.06105422973633}, {"ListeningId": 0, "ParameterID": 11, "Value": 50.06105422973633}, {"ListeningId": 0, "ParameterID": 12, "Value": 50.06105422973633}, {"ListeningId": 0, "ParameterID": 32, "Value": 8337.2373046875}]}, {"ListeningId": 0, "MeterId": 11, "Timestamp": 1632425760, "listeningvalues": [{"ListeningId": 0, "ParameterID": 1, "Value": 230.98468017578125}, {"ListeningId": 0, "ParameterID": 2, "Value": 231.934326171875}, {"ListeningId": 0, "ParameterID": 3, "Value": 231.0189971923828}, {"ListeningId": 0, "ParameterID": 4, "Value": 400.531005859375}, {"ListeningId": 0, "ParameterID": 5, "Value": 400.8295593261719}, {"ListeningId": 0, "ParameterID": 6, "Value": 399.71533203125}, {"ListeningId": 0, "ParameterID": 7, "Value": 2.612095355987549}, {"ListeningId": 0, "ParameterID": 8, "Value": 2.2307090759277344}, {"ListeningId": 0, "ParameterID": 9, "Value": 2.6418709754943848}, {"ListeningId": 0, "ParameterID": 17, "Value": 597.5327758789062}, {"ListeningId": 0, "ParameterID": 18, "Value": 515.6552124023438}, {"ListeningId": 0, "ParameterID": 19, "Value": 591.5925903320312}, {"ListeningId": 0, "ParameterID": 20, "Value": 1703.9400634765625}, {"ListeningId": 0, "ParameterID": 21, "Value": 602.3633422851562}, {"ListeningId": 0, "ParameterID": 22, "Value": 517.1825561523438}, {"ListeningId": 0, "ParameterID": 23, "Value": 610.4476318359375}, {"ListeningId": 0, "ParameterID": 24, "Value": 1728.4034423828125}, {"ListeningId": 0, "ParameterID": 25, "Value": 74.51081085205078}, {"ListeningId": 0, "ParameterID": 26, "Value": 31.596540451049805}, {"ListeningId": 0, "ParameterID": 27, "Value": 150.61622619628906}, {"ListeningId": 0, "ParameterID": 28, "Value": 256.7011413574219}, {"ListeningId": 0, "ParameterID": 13, "Value": 0.967348039150238}, {"ListeningId": 0, "ParameterID": 14, "Value": 0.9906906485557556}, {"ListeningId": 0, "ParameterID": 15, "Value": 0.9599687457084656}, {"ListeningId": 0, "ParameterID": 16, "Value": 0.9726691246032715}, {"ListeningId": 0, "ParameterID": 10, "Value": 50.06105422973633}, {"ListeningId": 0, "ParameterID": 11, "Value": 50.06105422973633}, {"ListeningId": 0, "ParameterID": 12, "Value": 50.06105422973633}, {"ListeningId": 0, "ParameterID": 32, "Value": 6748.95654296875}]}, {"ListeningId": 0, "MeterId": 12, "Timestamp": 1632425760, "listeningvalues": [{"ListeningId": 0, "ParameterID": 1, "Value": 230.71383666992188}, {"ListeningId": 0, "ParameterID": 2, "Value": 231.3874053955078}, {"ListeningId": 0, "ParameterID": 3, "Value": 229.83596801757812}, {"ListeningId": 0, "ParameterID": 4, "Value": 399.780029296875}, {"ListeningId": 0, "ParameterID": 5, "Value": 399.6315612792969}, {"ListeningId": 0, "ParameterID": 6, "Value": 398.846435546875}, {"ListeningId": 0, "ParameterID": 7, "Value": 2.2410473823547363}, {"ListeningId": 0, "ParameterID": 8, "Value": 2.1656360626220703}, {"ListeningId": 0, "ParameterID": 9, "Value": 2.9078867435455322}, {"ListeningId": 0, "ParameterID": 17, "Value": 503.6727294921875}, {"ListeningId": 0, "ParameterID": 18, "Value": 494.9090576171875}, {"ListeningId": 0, "ParameterID": 19, "Value": 655.869140625}, {"ListeningId": 0, "ParameterID": 20, "Value": 1653.8134765625}, {"ListeningId": 0, "ParameterID": 21, "Value": 516.5263061523438}, {"ListeningId": 0, "ParameterID": 22, "Value": 500.9538269042969}, {"ListeningId": 0, "ParameterID": 23, "Value": 667.83154296875}, {"ListeningId": 0, "ParameterID": 24, "Value": 1687.4071044921875}, {"ListeningId": 0, "ParameterID": 25, "Value": 114.92523193359375}, {"ListeningId": 0, "ParameterID": 26, "Value": 81.73920440673828}, {"ListeningId": 0, "ParameterID": 27, "Value": 130.5493621826172}, {"ListeningId": 0, "ParameterID": 28, "Value": 327.2338562011719}, {"ListeningId": 0, "ParameterID": 13, "Value": 0.9715778827667236}, {"ListeningId": 0, "ParameterID": 14, "Value": 1.0}, {"ListeningId": 0, "ParameterID": 15, "Value": 0.9414488673210144}, {"ListeningId": 0, "ParameterID": 16, "Value": 0.9710089564323425}, {"ListeningId": 0, "ParameterID": 10, "Value": 50.06105422973633}, {"ListeningId": 0, "ParameterID": 11, "Value": 50.06105422973633}, {"ListeningId": 0, "ParameterID": 12, "Value": 50.06105422973633}, {"ListeningId": 0, "ParameterID": 32, "Value": 6748.24609375}]}]