[{"ListeningId": 0, "MeterId": 1, "Timestamp": 1632425700, "listeningvalues": [{"ListeningId": 0, "ParameterID": 1, "Value": 231.0740203857422}, {"ListeningId": 0, "ParameterID": 2, "Value": 232.62460327148438}, {"ListeningId": 0, "ParameterID": 3, "Value": 229.79421997070312}, {"ListeningId": 0, "ParameterID": 4, "Value": 401.7437744140625}, {"ListeningId": 0, "ParameterID": 5, "Value": 400.8600769042969}, {"ListeningId": 0, "ParameterID": 6, "Value": 399.2843322753906}, {"ListeningId": 0, "ParameterID": 7, "Value": 2.7176711559295654}, {"ListeningId": 0, "ParameterID": 8, "Value": 2.030574321746826}, {"ListeningId": 0, "ParameterID": 9, "Value": 2.994046449661255}, {"ListeningId": 0, "ParameterID": 17, "Value": 620.950439453125}, {"ListeningId": 0, "ParameterID": 18, "Value": 472.3615417480469}, {"ListeningId": 0, "ParameterID": 19, "Value": 651.1961059570312}, {"ListeningId": 0, "ParameterID": 20, "Value": 1744.508056640625}, {"ListeningId": 0, "ParameterID": 21, "Value": 627.9832153320312}, {"ListeningId": 0, "ParameterID": 22, "Value": 472.3615417480469}, {"ListeningId": 0, "ParameterID": 23, "Value": 688.0145874023438}, {"ListeningId": 0, "ParameterID": 24, "Value": 1788.359375}, {"ListeningId": 0, "ParameterID": 25, "Value": 93.72016143798828}, {"ListeningId": 0, "ParameterID": 26, "Value": 0.0}, {"ListeningId": 0, "ParameterID": 27, "Value": 222.0533447265625}, {"ListeningId": 0, "ParameterID": 28, "Value": 315.77349853515625}, {"ListeningId": 0, "ParameterID": 13, "Value": 0.9831686019897461}, {"ListeningId": 0, "ParameterID": 14, "Value": 1.0}, {"ListeningId": 0, "ParameterID": 15, "Value": 0.9463058114051819}, {"ListeningId": 0, "ParameterID": 16, "Value": 0.9764914512634277}, {"ListeningId": 0, "ParameterID": 10, "Value": 50.15842819213867}, {"ListeningId": 0, "ParameterID": 11, "Value": 50.15842819213867}, {"ListeningId": 0, "ParameterID": 12, "Value": 50.15842819213867}, {"ListeningId": 0, "ParameterID": 32, "Value": 6720.2001953125}]}, {"ListeningId": 0, "MeterId": 2, "Timestamp": 1632425700, "listeningvalues": [{"ListeningId": 0, "ParameterID": 1, "Value": 231.4294891357422}, {"ListeningId": 0, "ParameterID": 2, "Value": 232.52386474609375}, {"ListeningId": 0, "ParameterID": 3, "Value": 230.9200439453125}, {"ListeningId": 0, "ParameterID": 4, "Value": 401.6318664550781}, {"ListeningId": 0, "ParameterID": 5, "Value": 401.6563720703125}, {"ListeningId": 0, "ParameterID": 6, "Value": 400.6937255859375}, {"ListeningId": 0, "ParameterID": 7, "Value": 2.373664140701294}, {"ListeningId": 0, "ParameterID": 8, "Value": 2.007037401199341}, {"ListeningId": 0, "ParameterID": 9, "Value": 2.9480786323547363}, {"ListeningId": 0, "ParameterID": 17, "Value": 527.5333862304688}, {"ListeningId": 0, "ParameterID": 18, "Value": 463.88311767578125}, {"ListeningId": 0, "ParameterID": 19, "Value": 657.4153442382812}, {"ListeningId": 0, "ParameterID": 20, "Value": 1648.831787109375}, {"ListeningId": 0, "ParameterID": 21, "Value": 549.3358764648438}, {"ListeningId": 0, "ParameterID": 22, "Value": 466.68408203125}, {"ListeningId": 0, "ParameterID": 23, "Value": 680.7704467773438}, {"ListeningId": 0, "ParameterID": 24, "Value": 1696.7904052734375}, {"ListeningId": 0, "ParameterID": 25, "Value": 153.22674560546875}, {"ListeningId": 0, "ParameterID": 26, "Value": 51.053741455078125}, {"ListeningId": 0, "ParameterID": 27, "Value": 176.7864990234375}, {"ListeningId": 0, "ParameterID": 28, "Value": 381.0669860839844}, {"ListeningId": 0, "ParameterID": 13, "Value": 0.960311233997345}, {"ListeningId": 0, "ParameterID": 14, "Value": 0.9939981698989868}, {"ListeningId": 0, "ParameterID": 15, "Value": 0.9656931161880493}, {"ListeningId": 0, "ParameterID": 16, "Value": 0.9733341336250305}, {"ListeningId": 0, "ParameterID": 10, "Value": 50.0869255065918}, {"ListeningId": 0, "ParameterID": 11, "Value": 50.0869255065918}, {"ListeningId": 0, "ParameterID": 12, "Value": 50.0869255065918}, {"ListeningId": 0, "ParameterID": 32, "Value": 6726.57666015625}]}, {"ListeningId": 0, "MeterId": 3, "Timestamp": 1632425700, "listeningvalues": [{"ListeningId": 0, "ParameterID": 1, "Value": 230.99098205566406}, {"ListeningId": 0, "ParameterID": 2, "Value": 232.4636993408203}, {"ListeningId": 0, "ParameterID": 3, "Value": 230.56028747558594}, {"ListeningId": 0, "ParameterID": 4, "Value": 400.9513244628906}, {"ListeningId": 0, "ParameterID": 5, "Value": 400.533935546875}, {"ListeningId": 0, "ParameterID": 6, "Value": 399.0205078125}, {"ListeningId": 0, "ParameterID": 7, "Value": 2.571777820587158}, {"ListeningId": 0, "ParameterID": 8, "Value": 2.18377685546875}, {"ListeningId": 0, "ParameterID": 9, "Value": 2.981722831726074}, {"ListeningId": 0, "ParameterID": 17, "Value": 590.19482421875}, {"ListeningId": 0, "ParameterID": 18, "Value": 507.5152893066406}, {"ListeningId": 0, "ParameterID": 19, "Value": 672.7426147460938}, {"ListeningId": 0, "ParameterID": 20, "Value": 1771.091064453125}, {"ListeningId": 0, "ParameterID": 21, "Value": 594.607421875}, {"ListeningId": 0, "ParameterID": 22, "Value": 507.46435546875}, {"ListeningId": 0, "ParameterID": 23, "Value": 688.0960693359375}, {"ListeningId": 0, "ParameterID": 24, "Value": 1789.82373046875}, {"ListeningId": 0, "ParameterID": 25, "Value": 67.3801498413086}, {"ListeningId": 0, "ParameterID": 26, "Value": 0.0}, {"ListeningId": 0, "ParameterID": 27, "Value": 142.38438415527344}, {"ListeningId": 0, "ParameterID": 28, "Value": 209.6471405029297}, {"ListeningId": 0, "ParameterID": 13, "Value": 0.98199063539505}, {"ListeningId": 0, "ParameterID": 14, "Value": 0.9987028241157532}, {"ListeningId": 0, "ParameterID": 15, "Value": 0.9409147500991821}, {"ListeningId": 0, "ParameterID": 16, "Value": 0.9738693833351135}, {"ListeningId": 0, "ParameterID": 10, "Value": 50.0869255065918}, {"ListeningId": 0, "ParameterID": 11, "Value": 50.0869255065918}, {"ListeningId": 0, "ParameterID": 12, "Value": 50.0869255065918}, {"ListeningId": 0, "ParameterID": 32, "Value": 6727.60595703125}]}, {"ListeningId": 0, "MeterId": 4, "Timestamp": 1632425700, "listeningvalues": [{"ListeningId": 0, "ParameterID": 1, "Value": 230.8577880859375}, {"ListeningId": 0, "ParameterID": 2, "Value": 231.84237670898438}, {"ListeningId": 0, "ParameterID": 3, "Value": 230.2716827392578}, {"ListeningId": 0, "ParameterID": 4, "Value": 401.4151306152344}, {"ListeningId": 0, "ParameterID": 5, "Value": 400.37213134765625}, {"ListeningId": 0, "ParameterID": 6, "Value": 399.523193359375}, {"ListeningId": 0, "ParameterID": 7, "Value": 2.3025624752044678}, {"ListeningId": 0, "ParameterID": 8, "Value": 1.8786993026733398}, {"ListeningId": 0, "ParameterID": 9, "Value": 3.056968927383423}, {"ListeningId": 0, "ParameterID": 17, "Value": 530.7064208984375}, {"ListeningId": 0, "ParameterID": 18, "Value": 435.510498046875}, {"ListeningId": 0, "ParameterID": 19, "Value": 670.5142211914062}, {"ListeningId": 0, "ParameterID": 20, "Value": 1638.0152587890625}, {"ListeningId": 0, "ParameterID": 21, "Value": 531.9542236328125}, {"ListeningId": 0, "ParameterID": 22, "Value": 435.5292663574219}, {"ListeningId": 0, "ParameterID": 23, "Value": 703.6819458007812}, {"ListeningId": 0, "ParameterID": 24, "Value": 1671.2510986328125}, {"ListeningId": 0, "ParameterID": 25, "Value": 43.377037048339844}, {"ListeningId": 0, "ParameterID": 26, "Value": 0.0}, {"ListeningId": 0, "ParameterID": 27, "Value": 213.63043212890625}, {"ListeningId": 0, "ParameterID": 28, "Value": 257.3117370605469}, {"ListeningId": 0, "ParameterID": 13, "Value": 0.9733473062515259}, {"ListeningId": 0, "ParameterID": 14, "Value": 0.9955350756645203}, {"ListeningId": 0, "ParameterID": 15, "Value": 0.9852475523948669}, {"ListeningId": 0, "ParameterID": 16, "Value": 0.9847099781036377}, {"ListeningId": 0, "ParameterID": 10, "Value": 50.0869255065918}, {"ListeningId": 0, "ParameterID": 11, "Value": 50.0869255065918}, {"ListeningId": 0, "ParameterID": 12, "Value": 50.0869255065918}, {"ListeningId": 0, "ParameterID": 32, "Value": 6726.90966796875}]}, {"ListeningId": 0, "MeterId": 5, "Timestamp": 1632425700, "listeningvalues": [{"ListeningId": 0, "ParameterID": 1, "Value": 231.49932861328125}, {"ListeningId": 0, "ParameterID": 2, "Value": 231.16693115234375}, {"ListeningId": 0, "ParameterID": 3, "Value": 230.03623962402344}, {"ListeningId": 0, "ParameterID": 4, "Value": 400.7239990234375}, {"ListeningId": 0, "ParameterID": 5, "Value": 399.6728210449219}, {"ListeningId": 0, "ParameterID": 6, "Value": 399.9239501953125}, {"ListeningId": 0, "ParameterID": 7, "Value": 2.3437907695770264}, {"ListeningId": 0, "ParameterID": 8, "Value": 2.0967469215393066}, {"ListeningId": 0, "ParameterID": 9, "Value": 3.1251847743988037}, {"ListeningId": 0, "ParameterID": 17, "Value": 525.1723022460938}, {"ListeningId": 0, "ParameterID": 18, "Value": 484.8696594238281}, {"ListeningId": 0, "ParameterID": 19, "Value": 685.3936767578125}, {"ListeningId": 0, "ParameterID": 20, "Value": 1696.514404296875}, {"ListeningId": 0, "ParameterID": 21, "Value": 541.6641845703125}, {"ListeningId": 0, "ParameterID": 22, "Value": 484.69720458984375}, {"ListeningId": 0, "ParameterID": 23, "Value": 719.216796875}, {"ListeningId": 0, "ParameterID": 24, "Value": 1746.1572265625}, {"ListeningId": 0, "ParameterID": 25, "Value": 132.6186065673828}, {"ListeningId": 0, "ParameterID": 26, "Value": 0.0}, {"ListeningId": 0, "ParameterID": 27, "Value": 219.076416015625}, {"ListeningId": 0, "ParameterID": 28, "Value": 351.6825866699219}, {"ListeningId": 0, "ParameterID": 13, "Value": 0.9842984080314636}, {"ListeningId": 0, "ParameterID": 14, "Value": 1.0}, {"ListeningId": 0, "ParameterID": 15, "Value": 0.969196617603302}, {"ListeningId": 0, "ParameterID": 16, "Value": 0.9844983220100403}, {"ListeningId": 0, "ParameterID": 10, "Value": 50.0869255065918}, {"ListeningId": 0, "ParameterID": 11, "Value": 50.0869255065918}, {"ListeningId": 0, "ParameterID": 12, "Value": 50.0869255065918}, {"ListeningId": 0, "ParameterID": 32, "Value": 6724.98974609375}]}, {"ListeningId": 0, "MeterId": 6, "Timestamp": 1632425700, "listeningvalues": [{"ListeningId": 0, "ParameterID": 1, "Value": 230.40274047851562}, {"ListeningId": 0, "ParameterID": 2, "Value": 231.73703002929688}, {"ListeningId": 0, "ParameterID": 3, "Value": 229.79359436035156}, {"ListeningId": 0, "ParameterID": 4, "Value": 400.790283203125}, {"ListeningId": 0, "ParameterID": 5, "Value": 399.5824890136719}, {"ListeningId": 0, "ParameterID": 6, "Value": 398.6468505859375}, {"ListeningId": 0, "ParameterID": 7, "Value": 2.721221923828125}, {"ListeningId": 0, "ParameterID": 8, "Value": 1.7349724769592285}, {"ListeningId": 0, "ParameterID": 9, "Value": 2.769010543823242}, {"ListeningId": 0, "ParameterID": 17, "Value": 606.4475708007812}, {"ListeningId": 0, "ParameterID": 18, "Value": 399.943603515625}, {"ListeningId": 0, "ParameterID": 19, "Value": 611.7155151367188}, {"ListeningId": 0, "ParameterID": 20, "Value": 1617.179443359375}, {"ListeningId": 0, "ParameterID": 21, "Value": 627.52783203125}, {"ListeningId": 0, "ParameterID": 22, "Value": 402.95135498046875}, {"ListeningId": 0, "ParameterID": 23, "Value": 635.9122314453125}, {"ListeningId": 0, "ParameterID": 24, "Value": 1666.60791015625}, {"ListeningId": 0, "ParameterID": 25, "Value": 162.4462432861328}, {"ListeningId": 0, "ParameterID": 26, "Value": 46.626522064208984}, {"ListeningId": 0, "ParameterID": 27, "Value": 177.55136108398438}, {"ListeningId": 0, "ParameterID": 28, "Value": 386.2033996582031}, {"ListeningId": 0, "ParameterID": 13, "Value": 0.9779231548309326}, {"ListeningId": 0, "ParameterID": 14, "Value": 1.0}, {"ListeningId": 0, "ParameterID": 15, "Value": 0.9815251231193542}, {"ListeningId": 0, "ParameterID": 16, "Value": 0.9864827990531921}, {"ListeningId": 0, "ParameterID": 10, "Value": 50.0869255065918}, {"ListeningId": 0, "ParameterID": 11, "Value": 50.0869255065918}, {"ListeningId": 0, "ParameterID": 12, "Value": 50.0869255065918}, {"ListeningId": 0, "ParameterID": 32, "Value": 6725.2763671875}]}, {"ListeningId": 0, "MeterId": 7, "Timestamp": 1632425700, "listeningvalues": [{"ListeningId": 0, "ParameterID": 1, "Value": 231.51104736328125}, {"ListeningId": 0, "ParameterID": 2, "Value": 231.81521606445312}, {"ListeningId": 0, "ParameterID": 3, "Value": 231.0336456298828}, {"ListeningId": 0, "ParameterID": 4, "Value": 401.62591552734375}, {"ListeningId": 0, "ParameterID": 5, "Value": 400.6361083984375}, {"ListeningId": 0, "ParameterID": 6, "Value": 400.3357849121094}, {"ListeningId": 0, "ParameterID": 7, "Value": 2.3192124366760254}, {"ListeningId": 0, "ParameterID": 8, "Value": 1.7945325374603271}, {"ListeningId": 0, "ParameterID": 9, "Value": 3.054945230484009}, {"ListeningId": 0, "ParameterID": 17, "Value": 535.2557983398438}, {"ListeningId": 0, "ParameterID": 18, "Value": 415.99993896484375}, {"ListeningId": 0, "ParameterID": 19, "Value": 666.7391967773438}, {"ListeningId": 0, "ParameterID": 20, "Value": 1617.994873046875}, {"ListeningId": 0, "ParameterID": 21, "Value": 536.9232788085938}, {"ListeningId": 0, "ParameterID": 22, "Value": 415.99993896484375}, {"ListeningId": 0, "ParameterID": 23, "Value": 705.7951049804688}, {"ListeningId": 0, "ParameterID": 24, "Value": 1658.71826171875}, {"ListeningId": 0, "ParameterID": 25, "Value": 42.28253173828125}, {"ListeningId": 0, "ParameterID": 26, "Value": 0.0}, {"ListeningId": 0, "ParameterID": 27, "Value": 231.52874755859375}, {"ListeningId": 0, "ParameterID": 28, "Value": 273.811279296875}, {"ListeningId": 0, "ParameterID": 13, "Value": 0.9968944191932678}, {"ListeningId": 0, "ParameterID": 14, "Value": 1.0}, {"ListeningId": 0, "ParameterID": 15, "Value": 0.944663941860199}, {"ListeningId": 0, "ParameterID": 16, "Value": 0.9805194735527039}, {"ListeningId": 0, "ParameterID": 10, "Value": 50.14741516113281}, {"ListeningId": 0, "ParameterID": 11, "Value": 50.14741516113281}, {"ListeningId": 0, "ParameterID": 12, "Value": 50.14741516113281}, {"ListeningId": 0, "ParameterID": 32, "Value": 6728.94287109375}]}, {"ListeningId": 0, "MeterId": 8, "Timestamp": 1632425700, "listeningvalues": [{"ListeningId": 0, "ParameterID": 1, "Value": 231.7406005859375}, {"ListeningId": 0, "ParameterID": 2, "Value": 231.85562133789062}, {"ListeningId": 0, "ParameterID": 3, "Value": 231.25299072265625}, {"ListeningId": 0, "ParameterID": 4, "Value": 400.95501708984375}, {"ListeningId": 0, "ParameterID": 5, "Value": 400.6070556640625}, {"ListeningId": 0, "ParameterID": 6, "Value": 400.669921875}, {"ListeningId": 0, "ParameterID": 7, "Value": 2.320323944091797}, {"ListeningId": 0, "ParameterID": 8, "Value": 1.7944984436035156}, {"ListeningId": 0, "ParameterID": 9, "Value": 3.0571184158325195}, {"ListeningId": 0, "ParameterID": 17, "Value": 535.0284423828125}, {"ListeningId": 0, "ParameterID": 18, "Value": 416.3518981933594}, {"ListeningId": 0, "ParameterID": 19, "Value": 666.3568725585938}, {"ListeningId": 0, "ParameterID": 20, "Value": 1618.6055908203125}, {"ListeningId": 0, "ParameterID": 21, "Value": 536.5991821289062}, {"ListeningId": 0, "ParameterID": 22, "Value": 415.6631164550781}, {"ListeningId": 0, "ParameterID": 23, "Value": 705.741455078125}, {"ListeningId": 0, "ParameterID": 24, "Value": 1659.0252685546875}, {"ListeningId": 0, "ParameterID": 25, "Value": 42.28895950317383}, {"ListeningId": 0, "ParameterID": 26, "Value": 0.0}, {"ListeningId": 0, "ParameterID": 27, "Value": 231.30908203125}, {"ListeningId": 0, "ParameterID": 28, "Value": 273.85235595703125}, {"ListeningId": 0, "ParameterID": 13, "Value": 0.9883597493171692}, {"ListeningId": 0, "ParameterID": 14, "Value": 0.9956156015396118}, {"ListeningId": 0, "ParameterID": 15, "Value": 0.9571618437767029}, {"ListeningId": 0, "ParameterID": 16, "Value": 0.9803791046142578}, {"ListeningId": 0, "ParameterID": 10, "Value": 50.14741516113281}, {"ListeningId": 0, "ParameterID": 11, "Value": 50.14741516113281}, {"ListeningId": 0, "ParameterID": 12, "Value": 50.14741516113281}, {"ListeningId": 0, "ParameterID": 32, "Value": 6728.94287109375}]}, {"ListeningId": 0, "MeterId": 9, "Timestamp": 1632425700, "listeningvalues": [{"ListeningId": 0, "ParameterID": 1, "Value": 231.34478759765625}, {"ListeningId": 0, "ParameterID": 2, "Value": 231.6720733642578}, {"ListeningId": 0, "ParameterID": 3, "Value": 229.98971557617188}, {"ListeningId": 0, "ParameterID": 4, "Value": 401.36669921875}, {"ListeningId": 0, "ParameterID": 5, "Value": 400.1714172363281}, {"ListeningId": 0, "ParameterID": 6, "Value": 399.3896484375}, {"ListeningId": 0, "ParameterID": 7, "Value": 2.696258544921875}, {"ListeningId": 0, "ParameterID": 8, "Value": 1.7401949167251587}, {"ListeningId": 0, "ParameterID": 9, "Value": 2.886507749557495}, {"ListeningId": 0, "ParameterID": 17, "Value": 616.3228149414062}, {"ListeningId": 0, "ParameterID": 18, "Value": 402.3043518066406}, {"ListeningId": 0, "ParameterID": 19, "Value": 633.453125}, {"ListeningId": 0, "ParameterID": 20, "Value": 1650.1722412109375}, {"ListeningId": 0, "ParameterID": 21, "Value": 624.1981201171875}, {"ListeningId": 0, "ParameterID": 22, "Value": 403.02691650390625}, {"ListeningId": 0, "ParameterID": 23, "Value": 664.9967651367188}, {"ListeningId": 0, "ParameterID": 24, "Value": 1690.959228515625}, {"ListeningId": 0, "ParameterID": 25, "Value": 98.50507354736328}, {"ListeningId": 0, "ParameterID": 26, "Value": 33.07062911987305}, {"ListeningId": 0, "ParameterID": 27, "Value": 202.82138061523438}, {"ListeningId": 0, "ParameterID": 28, "Value": 334.00390625}, {"ListeningId": 0, "ParameterID": 13, "Value": 0.9878378510475159}, {"ListeningId": 0, "ParameterID": 14, "Value": 0.9984214305877686}, {"ListeningId": 0, "ParameterID": 15, "Value": 0.9718722701072693}, {"ListeningId": 0, "ParameterID": 16, "Value": 0.9860438704490662}, {"ListeningId": 0, "ParameterID": 10, "Value": 50.14741516113281}, {"ListeningId": 0, "ParameterID": 11, "Value": 50.14741516113281}, {"ListeningId": 0, "ParameterID": 12, "Value": 50.14741516113281}, {"ListeningId": 0, "ParameterID": 32, "Value": 6731.74365234375}]}, {"ListeningId": 0, "MeterId": 10, "Timestamp": 1632425700, "listeningvalues": [{"ListeningId": 0, "ParameterID": 1, "Value": 231.4590301513672}, {"ListeningId": 0, "ParameterID": 2, "Value": 232.5216522216797}, {"ListeningId": 0, "ParameterID": 3, "Value": 229.79991149902344}, {"ListeningId": 0, "ParameterID": 4, "Value": 401.84747314453125}, {"ListeningId": 0, "ParameterID": 5, "Value": 400.4804992675781}, {"ListeningId": 0, "ParameterID": 6, "Value": 399.53955078125}, {"ListeningId": 0, "ParameterID": 7, "Value": 2.4406752586364746}, {"ListeningId": 0, "ParameterID": 8, "Value": 2.1036083698272705}, {"ListeningId": 0, "ParameterID": 9, "Value": 2.934140920639038}, {"ListeningId": 0, "ParameterID": 17, "Value": 543.7474365234375}, {"ListeningId": 0, "ParameterID": 18, "Value": 488.28936767578125}, {"ListeningId": 0, "ParameterID": 19, "Value": 659.6923828125}, {"ListeningId": 0, "ParameterID": 20, "Value": 1689.546630859375}, {"ListeningId": 0, "ParameterID": 21, "Value": 565.6392211914062}, {"ListeningId": 0, "ParameterID": 22, "Value": 487.96368408203125}, {"ListeningId": 0, "ParameterID": 23, "Value": 675.4127197265625}, {"ListeningId": 0, "ParameterID": 24, "Value": 1728.5704345703125}, {"ListeningId": 0, "ParameterID": 25, "Value": 155.60281372070312}, {"ListeningId": 0, "ParameterID": 26, "Value": 0.0}, {"ListeningId": 0, "ParameterID": 27, "Value": 144.86756896972656}, {"ListeningId": 0, "ParameterID": 28, "Value": 300.3441467285156}, {"ListeningId": 0, "ParameterID": 13, "Value": 0.9589275121688843}, {"ListeningId": 0, "ParameterID": 14, "Value": 1.0}, {"ListeningId": 0, "ParameterID": 15, "Value": 0.9818989634513855}, {"ListeningId": 0, "ParameterID": 16, "Value": 0.9802754521369934}, {"ListeningId": 0, "ParameterID": 10, "Value": 50.14741516113281}, {"ListeningId": 0, "ParameterID": 11, "Value": 50.14741516113281}, {"ListeningId": 0, "ParameterID": 12, "Value": 50.14741516113281}, {"ListeningId": 0, "ParameterID": 32, "Value": 8309.5947265625}]}, {"ListeningId": 0, "MeterId": 11, "Timestamp": 1632425700, "listeningvalues": [{"ListeningId": 0, "ParameterID": 1, "Value": 231.4641876220703}, {"ListeningId": 0, "ParameterID": 2, "Value": 232.60960388183594}, {"ListeningId": 0, "ParameterID": 3, "Value": 229.94155883789062}, {"ListeningId": 0, "ParameterID": 4, "Value": 401.6456298828125}, {"ListeningId": 0, "ParameterID": 5, "Value": 400.7072448730469}, {"ListeningId": 0, "ParameterID": 6, "Value": 400.177001953125}, {"ListeningId": 0, "ParameterID": 7, "Value": 2.385791540145874}, {"ListeningId": 0, "ParameterID": 8, "Value": 2.21083402633667}, {"ListeningId": 0, "ParameterID": 9, "Value": 3.067692995071411}, {"ListeningId": 0, "ParameterID": 17, "Value": 542.541259765625}, {"ListeningId": 0, "ParameterID": 18, "Value": 513.9271850585938}, {"ListeningId": 0, "ParameterID": 19, "Value": 668.69580078125}, {"ListeningId": 0, "ParameterID": 20, "Value": 1724.6317138671875}, {"ListeningId": 0, "ParameterID": 21, "Value": 552.2843017578125}, {"ListeningId": 0, "ParameterID": 22, "Value": 514.5180053710938}, {"ListeningId": 0, "ParameterID": 23, "Value": 705.4031372070312}, {"ListeningId": 0, "ParameterID": 24, "Value": 1771.704345703125}, {"ListeningId": 0, "ParameterID": 25, "Value": 103.85069274902344}, {"ListeningId": 0, "ParameterID": 26, "Value": 0.0}, {"ListeningId": 0, "ParameterID": 27, "Value": 226.5162353515625}, {"ListeningId": 0, "ParameterID": 28, "Value": 330.1624755859375}, {"ListeningId": 0, "ParameterID": 13, "Value": 0.9952409267425537}, {"ListeningId": 0, "ParameterID": 14, "Value": 0.9875307679176331}, {"ListeningId": 0, "ParameterID": 15, "Value": 0.9610879421234131}, {"ListeningId": 0, "ParameterID": 16, "Value": 0.9812865257263184}, {"ListeningId": 0, "ParameterID": 10, "Value": 50.14741516113281}, {"ListeningId": 0, "ParameterID": 11, "Value": 50.14741516113281}, {"ListeningId": 0, "ParameterID": 12, "Value": 50.14741516113281}, {"ListeningId": 0, "ParameterID": 32, "Value": 6721.31884765625}]}, {"ListeningId": 0, "MeterId": 12, "Timestamp": 1632425700, "listeningvalues": [{"ListeningId": 0, "ParameterID": 1, "Value": 230.8585205078125}, {"ListeningId": 0, "ParameterID": 2, "Value": 232.1867218017578}, {"ListeningId": 0, "ParameterID": 3, "Value": 230.10113525390625}, {"ListeningId": 0, "ParameterID": 4, "Value": 400.880615234375}, {"ListeningId": 0, "ParameterID": 5, "Value": 400.2580261230469}, {"ListeningId": 0, "ParameterID": 6, "Value": 399.466796875}, {"ListeningId": 0, "ParameterID": 7, "Value": 2.457817792892456}, {"ListeningId": 0, "ParameterID": 8, "Value": 2.0311923027038574}, {"ListeningId": 0, "ParameterID": 9, "Value": 2.9012486934661865}, {"ListeningId": 0, "ParameterID": 17, "Value": 560.7341918945312}, {"ListeningId": 0, "ParameterID": 18, "Value": 471.6158752441406}, {"ListeningId": 0, "ParameterID": 19, "Value": 641.1687622070312}, {"ListeningId": 0, "ParameterID": 20, "Value": 1673.518798828125}, {"ListeningId": 0, "ParameterID": 21, "Value": 567.408203125}, {"ListeningId": 0, "ParameterID": 22, "Value": 471.6158752441406}, {"ListeningId": 0, "ParameterID": 23, "Value": 667.5806274414062}, {"ListeningId": 0, "ParameterID": 24, "Value": 1706.604736328125}, {"ListeningId": 0, "ParameterID": 25, "Value": 86.77107238769531}, {"ListeningId": 0, "ParameterID": 26, "Value": 0.0}, {"ListeningId": 0, "ParameterID": 27, "Value": 185.92076110839844}, {"ListeningId": 0, "ParameterID": 28, "Value": 272.69183349609375}, {"ListeningId": 0, "ParameterID": 13, "Value": 0.9882376790046692}, {"ListeningId": 0, "ParameterID": 14, "Value": 1.0}, {"ListeningId": 0, "ParameterID": 15, "Value": 0.9604364037513733}, {"ListeningId": 0, "ParameterID": 16, "Value": 0.982891321182251}, {"ListeningId": 0, "ParameterID": 10, "Value": 50.124820709228516}, {"ListeningId": 0, "ParameterID": 11, "Value": 50.124820709228516}, {"ListeningId": 0, "ParameterID": 12, "Value": 50.124820709228516}, {"ListeningId": 0, "ParameterID": 32, "Value": 6721.24267578125}]}]