[{"ListeningId": 0, "MeterId": 1, "Timestamp": 1632423840, "listeningvalues": [{"ListeningId": 0, "ParameterID": 1, "Value": 230.83839416503906}, {"ListeningId": 0, "ParameterID": 2, "Value": 231.7633056640625}, {"ListeningId": 0, "ParameterID": 3, "Value": 229.82850646972656}, {"ListeningId": 0, "ParameterID": 4, "Value": 400.63446044921875}, {"ListeningId": 0, "ParameterID": 5, "Value": 399.4079895019531}, {"ListeningId": 0, "ParameterID": 6, "Value": 398.9337463378906}, {"ListeningId": 0, "ParameterID": 7, "Value": 2.3443896770477295}, {"ListeningId": 0, "ParameterID": 8, "Value": 1.7732003927230835}, {"ListeningId": 0, "ParameterID": 9, "Value": 2.77665114402771}, {"ListeningId": 0, "ParameterID": 17, "Value": 525.4542846679688}, {"ListeningId": 0, "ParameterID": 18, "Value": 405.96484375}, {"ListeningId": 0, "ParameterID": 19, "Value": 630.9969482421875}, {"ListeningId": 0, "ParameterID": 20, "Value": 1562.416015625}, {"ListeningId": 0, "ParameterID": 21, "Value": 541.1751708984375}, {"ListeningId": 0, "ParameterID": 22, "Value": 410.9627990722656}, {"ListeningId": 0, "ParameterID": 23, "Value": 638.153564453125}, {"ListeningId": 0, "ParameterID": 24, "Value": 1590.29150390625}, {"ListeningId": 0, "ParameterID": 25, "Value": 129.49264526367188}, {"ListeningId": 0, "ParameterID": 26, "Value": 63.89811325073242}, {"ListeningId": 0, "ParameterID": 27, "Value": 95.30378723144531}, {"ListeningId": 0, "ParameterID": 28, "Value": 288.6945495605469}, {"ListeningId": 0, "ParameterID": 13, "Value": 0.9837167263031006}, {"ListeningId": 0, "ParameterID": 14, "Value": 1.0}, {"ListeningId": 0, "ParameterID": 15, "Value": 0.9784001111984253}, {"ListeningId": 0, "ParameterID": 16, "Value": 0.9873722195625305}, {"ListeningId": 0, "ParameterID": 10, "Value": 50.1024055480957}, {"ListeningId": 0, "ParameterID": 11, "Value": 50.1024055480957}, {"ListeningId": 0, "ParameterID": 12, "Value": 50.1024055480957}, {"ListeningId": 0, "ParameterID": 32, "Value": 5870.71240234375}]}, {"ListeningId": 0, "MeterId": 2, "Timestamp": 1632423840, "listeningvalues": [{"ListeningId": 0, "ParameterID": 1, "Value": 230.69400024414062}, {"ListeningId": 0, "ParameterID": 2, "Value": 232.21978759765625}, {"ListeningId": 0, "ParameterID": 3, "Value": 229.8456268310547}, {"ListeningId": 0, "ParameterID": 4, "Value": 400.9476013183594}, {"ListeningId": 0, "ParameterID": 5, "Value": 400.1331787109375}, {"ListeningId": 0, "ParameterID": 6, "Value": 398.86090087890625}, {"ListeningId": 0, "ParameterID": 7, "Value": 2.412663459777832}, {"ListeningId": 0, "ParameterID": 8, "Value": 2.0242233276367188}, {"ListeningId": 0, "ParameterID": 9, "Value": 2.693769931793213}, {"ListeningId": 0, "ParameterID": 17, "Value": 534.9659423828125}, {"ListeningId": 0, "ParameterID": 18, "Value": 467.821044921875}, {"ListeningId": 0, "ParameterID": 19, "Value": 607.58984375}, {"ListeningId": 0, "ParameterID": 20, "Value": 1610.8463134765625}, {"ListeningId": 0, "ParameterID": 21, "Value": 557.44921875}, {"ListeningId": 0, "ParameterID": 22, "Value": 470.9242248535156}, {"ListeningId": 0, "ParameterID": 23, "Value": 619.289794921875}, {"ListeningId": 0, "ParameterID": 24, "Value": 1646.3985595703125}, {"ListeningId": 0, "ParameterID": 25, "Value": 155.9459228515625}, {"ListeningId": 0, "ParameterID": 26, "Value": 51.01549530029297}, {"ListeningId": 0, "ParameterID": 27, "Value": 120.28701782226562}, {"ListeningId": 0, "ParameterID": 28, "Value": 327.19952392578125}, {"ListeningId": 0, "ParameterID": 13, "Value": 0.9582664966583252}, {"ListeningId": 0, "ParameterID": 14, "Value": 1.0}, {"ListeningId": 0, "ParameterID": 15, "Value": 0.9856107234954834}, {"ListeningId": 0, "ParameterID": 16, "Value": 0.9812924265861511}, {"ListeningId": 0, "ParameterID": 10, "Value": 50.1024055480957}, {"ListeningId": 0, "ParameterID": 11, "Value": 50.1024055480957}, {"ListeningId": 0, "ParameterID": 12, "Value": 50.1024055480957}, {"ListeningId": 0, "ParameterID": 32, "Value": 5875.68310546875}]}, {"ListeningId": 0, "MeterId": 3, "Timestamp": 1632423840, "listeningvalues": [{"ListeningId": 0, "ParameterID": 1, "Value": 231.59091186523438}, {"ListeningId": 0, "ParameterID": 2, "Value": 231.6016387939453}, {"ListeningId": 0, "ParameterID": 3, "Value": 230.19593811035156}, {"ListeningId": 0, "ParameterID": 4, "Value": 401.1009826660156}, {"ListeningId": 0, "ParameterID": 5, "Value": 400.32000732421875}, {"ListeningId": 0, "ParameterID": 6, "Value": 399.74261474609375}, {"ListeningId": 0, "ParameterID": 7, "Value": 2.4690940380096436}, {"ListeningId": 0, "ParameterID": 8, "Value": 1.9243639707565308}, {"ListeningId": 0, "ParameterID": 9, "Value": 2.6399378776550293}, {"ListeningId": 0, "ParameterID": 17, "Value": 558.791259765625}, {"ListeningId": 0, "ParameterID": 18, "Value": 445.68585205078125}, {"ListeningId": 0, "ParameterID": 19, "Value": 585.2504272460938}, {"ListeningId": 0, "ParameterID": 20, "Value": 1589.7275390625}, {"ListeningId": 0, "ParameterID": 21, "Value": 571.8197631835938}, {"ListeningId": 0, "ParameterID": 22, "Value": 445.68585205078125}, {"ListeningId": 0, "ParameterID": 23, "Value": 607.7030029296875}, {"ListeningId": 0, "ParameterID": 24, "Value": 1625.2086181640625}, {"ListeningId": 0, "ParameterID": 25, "Value": 121.36785888671875}, {"ListeningId": 0, "ParameterID": 26, "Value": 0.0}, {"ListeningId": 0, "ParameterID": 27, "Value": 163.66085815429688}, {"ListeningId": 0, "ParameterID": 28, "Value": 285.0287170410156}, {"ListeningId": 0, "ParameterID": 13, "Value": 0.9772157669067383}, {"ListeningId": 0, "ParameterID": 14, "Value": 1.0}, {"ListeningId": 0, "ParameterID": 15, "Value": 0.9630533456802368}, {"ListeningId": 0, "ParameterID": 16, "Value": 0.9800896644592285}, {"ListeningId": 0, "ParameterID": 10, "Value": 50.1607780456543}, {"ListeningId": 0, "ParameterID": 11, "Value": 50.1607780456543}, {"ListeningId": 0, "ParameterID": 12, "Value": 50.1607780456543}, {"ListeningId": 0, "ParameterID": 32, "Value": 5878.546875}]}, {"ListeningId": 0, "MeterId": 4, "Timestamp": 1632423840, "listeningvalues": [{"ListeningId": 0, "ParameterID": 1, "Value": 230.85980224609375}, {"ListeningId": 0, "ParameterID": 2, "Value": 231.41973876953125}, {"ListeningId": 0, "ParameterID": 3, "Value": 229.63552856445312}, {"ListeningId": 0, "ParameterID": 4, "Value": 400.2718200683594}, {"ListeningId": 0, "ParameterID": 5, "Value": 399.5405578613281}, {"ListeningId": 0, "ParameterID": 6, "Value": 398.75390625}, {"ListeningId": 0, "ParameterID": 7, "Value": 2.717974901199341}, {"ListeningId": 0, "ParameterID": 8, "Value": 2.155599594116211}, {"ListeningId": 0, "ParameterID": 9, "Value": 2.6715400218963623}, {"ListeningId": 0, "ParameterID": 17, "Value": 619.2781372070312}, {"ListeningId": 0, "ParameterID": 18, "Value": 497.535888671875}, {"ListeningId": 0, "ParameterID": 19, "Value": 589.5675048828125}, {"ListeningId": 0, "ParameterID": 20, "Value": 1707.380126953125}, {"ListeningId": 0, "ParameterID": 21, "Value": 625.767333984375}, {"ListeningId": 0, "ParameterID": 22, "Value": 499.0307922363281}, {"ListeningId": 0, "ParameterID": 23, "Value": 613.5297241210938}, {"ListeningId": 0, "ParameterID": 24, "Value": 1738.29736328125}, {"ListeningId": 0, "ParameterID": 25, "Value": 94.6846923828125}, {"ListeningId": 0, "ParameterID": 26, "Value": 40.428104400634766}, {"ListeningId": 0, "ParameterID": 27, "Value": 171.46250915527344}, {"ListeningId": 0, "ParameterID": 28, "Value": 306.25067138671875}, {"ListeningId": 0, "ParameterID": 13, "Value": 0.9891037344932556}, {"ListeningId": 0, "ParameterID": 14, "Value": 1.0}, {"ListeningId": 0, "ParameterID": 15, "Value": 0.9549698829650879}, {"ListeningId": 0, "ParameterID": 16, "Value": 0.9813578724861145}, {"ListeningId": 0, "ParameterID": 10, "Value": 50.1607780456543}, {"ListeningId": 0, "ParameterID": 11, "Value": 50.1607780456543}, {"ListeningId": 0, "ParameterID": 12, "Value": 50.1607780456543}, {"ListeningId": 0, "ParameterID": 32, "Value": 5877.109375}]}, {"ListeningId": 0, "MeterId": 5, "Timestamp": 1632423840, "listeningvalues": [{"ListeningId": 0, "ParameterID": 1, "Value": 230.47476196289062}, {"ListeningId": 0, "ParameterID": 2, "Value": 232.8716278076172}, {"ListeningId": 0, "ParameterID": 3, "Value": 230.30325317382812}, {"ListeningId": 0, "ParameterID": 4, "Value": 401.14080810546875}, {"ListeningId": 0, "ParameterID": 5, "Value": 400.74041748046875}, {"ListeningId": 0, "ParameterID": 6, "Value": 398.7530212402344}, {"ListeningId": 0, "ParameterID": 7, "Value": 2.328388214111328}, {"ListeningId": 0, "ParameterID": 8, "Value": 2.1391148567199707}, {"ListeningId": 0, "ParameterID": 9, "Value": 3.1218068599700928}, {"ListeningId": 0, "ParameterID": 17, "Value": 521.3762817382812}, {"ListeningId": 0, "ParameterID": 18, "Value": 497.42327880859375}, {"ListeningId": 0, "ParameterID": 19, "Value": 678.6785888671875}, {"ListeningId": 0, "ParameterID": 20, "Value": 1698.40234375}, {"ListeningId": 0, "ParameterID": 21, "Value": 536.7982788085938}, {"ListeningId": 0, "ParameterID": 22, "Value": 497.3197021484375}, {"ListeningId": 0, "ParameterID": 23, "Value": 719.1114501953125}, {"ListeningId": 0, "ParameterID": 24, "Value": 1754.792236328125}, {"ListeningId": 0, "ParameterID": 25, "Value": 127.36900329589844}, {"ListeningId": 0, "ParameterID": 26, "Value": 0.0}, {"ListeningId": 0, "ParameterID": 27, "Value": 237.4221649169922}, {"ListeningId": 0, "ParameterID": 28, "Value": 364.73272705078125}, {"ListeningId": 0, "ParameterID": 13, "Value": 0.9570567607879639}, {"ListeningId": 0, "ParameterID": 14, "Value": 1.0}, {"ListeningId": 0, "ParameterID": 15, "Value": 0.9619913101196289}, {"ListeningId": 0, "ParameterID": 16, "Value": 0.9730160236358643}, {"ListeningId": 0, "ParameterID": 10, "Value": 50.1607780456543}, {"ListeningId": 0, "ParameterID": 11, "Value": 50.1607780456543}, {"ListeningId": 0, "ParameterID": 12, "Value": 50.1607780456543}, {"ListeningId": 0, "ParameterID": 32, "Value": 5874.37646484375}]}, {"ListeningId": 0, "MeterId": 6, "Timestamp": 1632423840, "listeningvalues": [{"ListeningId": 0, "ParameterID": 1, "Value": 230.86843872070312}, {"ListeningId": 0, "ParameterID": 2, "Value": 231.87017822265625}, {"ListeningId": 0, "ParameterID": 3, "Value": 230.0556182861328}, {"ListeningId": 0, "ParameterID": 4, "Value": 400.94525146484375}, {"ListeningId": 0, "ParameterID": 5, "Value": 400.18707275390625}, {"ListeningId": 0, "ParameterID": 6, "Value": 399.5498352050781}, {"ListeningId": 0, "ParameterID": 7, "Value": 2.5772790908813477}, {"ListeningId": 0, "ParameterID": 8, "Value": 1.973779320716858}, {"ListeningId": 0, "ParameterID": 9, "Value": 3.101487636566162}, {"ListeningId": 0, "ParameterID": 17, "Value": 583.9730224609375}, {"ListeningId": 0, "ParameterID": 18, "Value": 452.9515380859375}, {"ListeningId": 0, "ParameterID": 19, "Value": 698.6256103515625}, {"ListeningId": 0, "ParameterID": 20, "Value": 1734.207763671875}, {"ListeningId": 0, "ParameterID": 21, "Value": 595.5592041015625}, {"ListeningId": 0, "ParameterID": 22, "Value": 458.17059326171875}, {"ListeningId": 0, "ParameterID": 23, "Value": 713.37744140625}, {"ListeningId": 0, "ParameterID": 24, "Value": 1765.9708251953125}, {"ListeningId": 0, "ParameterID": 25, "Value": 116.41557312011719}, {"ListeningId": 0, "ParameterID": 26, "Value": 66.12699127197266}, {"ListeningId": 0, "ParameterID": 27, "Value": 141.84970092773438}, {"ListeningId": 0, "ParameterID": 28, "Value": 324.08056640625}, {"ListeningId": 0, "ParameterID": 13, "Value": 0.9770070314407349}, {"ListeningId": 0, "ParameterID": 14, "Value": 1.0}, {"ListeningId": 0, "ParameterID": 15, "Value": 0.9489372372627258}, {"ListeningId": 0, "ParameterID": 16, "Value": 0.9753147959709167}, {"ListeningId": 0, "ParameterID": 10, "Value": 50.1607780456543}, {"ListeningId": 0, "ParameterID": 11, "Value": 50.1607780456543}, {"ListeningId": 0, "ParameterID": 12, "Value": 50.1607780456543}, {"ListeningId": 0, "ParameterID": 32, "Value": 5875.8154296875}]}, {"ListeningId": 0, "MeterId": 7, "Timestamp": 1632423840, "listeningvalues": [{"ListeningId": 0, "ParameterID": 1, "Value": 231.39544677734375}, {"ListeningId": 0, "ParameterID": 2, "Value": 231.7498321533203}, {"ListeningId": 0, "ParameterID": 3, "Value": 229.85472106933594}, {"ListeningId": 0, "ParameterID": 4, "Value": 401.2041931152344}, {"ListeningId": 0, "ParameterID": 5, "Value": 399.46038818359375}, {"ListeningId": 0, "ParameterID": 6, "Value": 399.22613525390625}, {"ListeningId": 0, "ParameterID": 7, "Value": 2.396301031112671}, {"ListeningId": 0, "ParameterID": 8, "Value": 1.9710758924484253}, {"ListeningId": 0, "ParameterID": 9, "Value": 2.9626095294952393}, {"ListeningId": 0, "ParameterID": 17, "Value": 537.58349609375}, {"ListeningId": 0, "ParameterID": 18, "Value": 456.6188049316406}, {"ListeningId": 0, "ParameterID": 19, "Value": 657.1260986328125}, {"ListeningId": 0, "ParameterID": 20, "Value": 1651.6517333984375}, {"ListeningId": 0, "ParameterID": 21, "Value": 554.0880126953125}, {"ListeningId": 0, "ParameterID": 22, "Value": 457.2118225097656}, {"ListeningId": 0, "ParameterID": 23, "Value": 682.5447387695312}, {"ListeningId": 0, "ParameterID": 24, "Value": 1694.1336669921875}, {"ListeningId": 0, "ParameterID": 25, "Value": 133.83511352539062}, {"ListeningId": 0, "ParameterID": 26, "Value": 0.0}, {"ListeningId": 0, "ParameterID": 27, "Value": 181.73960876464844}, {"ListeningId": 0, "ParameterID": 28, "Value": 315.74542236328125}, {"ListeningId": 0, "ParameterID": 13, "Value": 0.9844552278518677}, {"ListeningId": 0, "ParameterID": 14, "Value": 1.0}, {"ListeningId": 0, "ParameterID": 15, "Value": 0.9849416613578796}, {"ListeningId": 0, "ParameterID": 16, "Value": 0.9897989630699158}, {"ListeningId": 0, "ParameterID": 10, "Value": 50.1607780456543}, {"ListeningId": 0, "ParameterID": 11, "Value": 50.1607780456543}, {"ListeningId": 0, "ParameterID": 12, "Value": 50.1607780456543}, {"ListeningId": 0, "ParameterID": 32, "Value": 5878.1474609375}]}, {"ListeningId": 0, "MeterId": 8, "Timestamp": 1632423840, "listeningvalues": [{"ListeningId": 0, "ParameterID": 1, "Value": 230.44862365722656}, {"ListeningId": 0, "ParameterID": 2, "Value": 231.76422119140625}, {"ListeningId": 0, "ParameterID": 3, "Value": 230.4393310546875}, {"ListeningId": 0, "ParameterID": 4, "Value": 400.5387878417969}, {"ListeningId": 0, "ParameterID": 5, "Value": 400.0677795410156}, {"ListeningId": 0, "ParameterID": 6, "Value": 399.36138916015625}, {"ListeningId": 0, "ParameterID": 7, "Value": 2.3260788917541504}, {"ListeningId": 0, "ParameterID": 8, "Value": 2.2289493083953857}, {"ListeningId": 0, "ParameterID": 9, "Value": 3.129836320877075}, {"ListeningId": 0, "ParameterID": 17, "Value": 527.7090454101562}, {"ListeningId": 0, "ParameterID": 18, "Value": 516.5906982421875}, {"ListeningId": 0, "ParameterID": 19, "Value": 710.376708984375}, {"ListeningId": 0, "ParameterID": 20, "Value": 1754.676513671875}, {"ListeningId": 0, "ParameterID": 21, "Value": 536.0416870117188}, {"ListeningId": 0, "ParameterID": 22, "Value": 516.5906982421875}, {"ListeningId": 0, "ParameterID": 23, "Value": 721.2373657226562}, {"ListeningId": 0, "ParameterID": 24, "Value": 1773.86962890625}, {"ListeningId": 0, "ParameterID": 25, "Value": 94.14798736572266}, {"ListeningId": 0, "ParameterID": 26, "Value": 0.0}, {"ListeningId": 0, "ParameterID": 27, "Value": 124.6927490234375}, {"ListeningId": 0, "ParameterID": 28, "Value": 218.84072875976562}, {"ListeningId": 0, "ParameterID": 13, "Value": 0.9844552278518677}, {"ListeningId": 0, "ParameterID": 14, "Value": 1.0}, {"ListeningId": 0, "ParameterID": 15, "Value": 0.9849416613578796}, {"ListeningId": 0, "ParameterID": 16, "Value": 0.9897989630699158}, {"ListeningId": 0, "ParameterID": 10, "Value": 50.17279052734375}, {"ListeningId": 0, "ParameterID": 11, "Value": 50.17279052734375}, {"ListeningId": 0, "ParameterID": 12, "Value": 50.17279052734375}, {"ListeningId": 0, "ParameterID": 32, "Value": 5878.63525390625}]}, {"ListeningId": 0, "MeterId": 9, "Timestamp": 1632423840, "listeningvalues": [{"ListeningId": 0, "ParameterID": 1, "Value": 230.6134490966797}, {"ListeningId": 0, "ParameterID": 2, "Value": 231.2689971923828}, {"ListeningId": 0, "ParameterID": 3, "Value": 230.79885864257812}, {"ListeningId": 0, "ParameterID": 4, "Value": 400.5454406738281}, {"ListeningId": 0, "ParameterID": 5, "Value": 400.57275390625}, {"ListeningId": 0, "ParameterID": 6, "Value": 399.9512939453125}, {"ListeningId": 0, "ParameterID": 7, "Value": 2.4119439125061035}, {"ListeningId": 0, "ParameterID": 8, "Value": 1.9981942176818848}, {"ListeningId": 0, "ParameterID": 9, "Value": 2.9763407707214355}, {"ListeningId": 0, "ParameterID": 17, "Value": 544.391357421875}, {"ListeningId": 0, "ParameterID": 18, "Value": 461.45452880859375}, {"ListeningId": 0, "ParameterID": 19, "Value": 646.8477783203125}, {"ListeningId": 0, "ParameterID": 20, "Value": 1651.5289306640625}, {"ListeningId": 0, "ParameterID": 21, "Value": 556.6035766601562}, {"ListeningId": 0, "ParameterID": 22, "Value": 461.42803955078125}, {"ListeningId": 0, "ParameterID": 23, "Value": 687.9813232421875}, {"ListeningId": 0, "ParameterID": 24, "Value": 1705.7298583984375}, {"ListeningId": 0, "ParameterID": 25, "Value": 120.32090759277344}, {"ListeningId": 0, "ParameterID": 26, "Value": 0.0}, {"ListeningId": 0, "ParameterID": 27, "Value": 231.92959594726562}, {"ListeningId": 0, "ParameterID": 28, "Value": 352.3214111328125}, {"ListeningId": 0, "ParameterID": 13, "Value": 0.975505530834198}, {"ListeningId": 0, "ParameterID": 14, "Value": 0.9996519684791565}, {"ListeningId": 0, "ParameterID": 15, "Value": 0.9596825838088989}, {"ListeningId": 0, "ParameterID": 16, "Value": 0.9782800674438477}, {"ListeningId": 0, "ParameterID": 10, "Value": 50.17279052734375}, {"ListeningId": 0, "ParameterID": 11, "Value": 50.17279052734375}, {"ListeningId": 0, "ParameterID": 12, "Value": 50.17279052734375}, {"ListeningId": 0, "ParameterID": 32, "Value": 5882.3642578125}]}, {"ListeningId": 0, "MeterId": 10, "Timestamp": 1632423840, "listeningvalues": [{"ListeningId": 0, "ParameterID": 1, "Value": 231.264892578125}, {"ListeningId": 0, "ParameterID": 2, "Value": 232.0128936767578}, {"ListeningId": 0, "ParameterID": 3, "Value": 231.08203125}, {"ListeningId": 0, "ParameterID": 4, "Value": 401.2223815917969}, {"ListeningId": 0, "ParameterID": 5, "Value": 400.8929748535156}, {"ListeningId": 0, "ParameterID": 6, "Value": 400.32025146484375}, {"ListeningId": 0, "ParameterID": 7, "Value": 2.262282609939575}, {"ListeningId": 0, "ParameterID": 8, "Value": 1.7527475357055664}, {"ListeningId": 0, "ParameterID": 9, "Value": 2.7995071411132812}, {"ListeningId": 0, "ParameterID": 17, "Value": 520.583251953125}, {"ListeningId": 0, "ParameterID": 18, "Value": 405.4530029296875}, {"ListeningId": 0, "ParameterID": 19, "Value": 625.5076904296875}, {"ListeningId": 0, "ParameterID": 20, "Value": 1551.143310546875}, {"ListeningId": 0, "ParameterID": 21, "Value": 522.8309326171875}, {"ListeningId": 0, "ParameterID": 22, "Value": 406.78204345703125}, {"ListeningId": 0, "ParameterID": 23, "Value": 646.5401611328125}, {"ListeningId": 0, "ParameterID": 24, "Value": 1576.7186279296875}, {"ListeningId": 0, "ParameterID": 25, "Value": 51.149505615234375}, {"ListeningId": 0, "ParameterID": 26, "Value": 30.682336807250977}, {"ListeningId": 0, "ParameterID": 27, "Value": 167.50653076171875}, {"ListeningId": 0, "ParameterID": 28, "Value": 249.57217407226562}, {"ListeningId": 0, "ParameterID": 13, "Value": 0.9701898694038391}, {"ListeningId": 0, "ParameterID": 14, "Value": 1.0}, {"ListeningId": 0, "ParameterID": 15, "Value": 0.9767048358917236}, {"ListeningId": 0, "ParameterID": 16, "Value": 0.9822981953620911}, {"ListeningId": 0, "ParameterID": 10, "Value": 50.17279052734375}, {"ListeningId": 0, "ParameterID": 11, "Value": 50.17279052734375}, {"ListeningId": 0, "ParameterID": 12, "Value": 50.17279052734375}, {"ListeningId": 0, "ParameterID": 32, "Value": 7460.392578125}]}, {"ListeningId": 0, "MeterId": 11, "Timestamp": 1632423840, "listeningvalues": [{"ListeningId": 0, "ParameterID": 1, "Value": 230.59115600585938}, {"ListeningId": 0, "ParameterID": 2, "Value": 232.639892578125}, {"ListeningId": 0, "ParameterID": 3, "Value": 230.54798889160156}, {"ListeningId": 0, "ParameterID": 4, "Value": 401.56597900390625}, {"ListeningId": 0, "ParameterID": 5, "Value": 401.5498046875}, {"ListeningId": 0, "ParameterID": 6, "Value": 399.2521667480469}, {"ListeningId": 0, "ParameterID": 7, "Value": 2.4269275665283203}, {"ListeningId": 0, "ParameterID": 8, "Value": 2.040755271911621}, {"ListeningId": 0, "ParameterID": 9, "Value": 2.7142856121063232}, {"ListeningId": 0, "ParameterID": 17, "Value": 551.9672241210938}, {"ListeningId": 0, "ParameterID": 18, "Value": 474.2552490234375}, {"ListeningId": 0, "ParameterID": 19, "Value": 611.353515625}, {"ListeningId": 0, "ParameterID": 20, "Value": 1637.7921142578125}, {"ListeningId": 0, "ParameterID": 21, "Value": 559.0725708007812}, {"ListeningId": 0, "ParameterID": 22, "Value": 474.74456787109375}, {"ListeningId": 0, "ParameterID": 23, "Value": 625.9743041992188}, {"ListeningId": 0, "ParameterID": 24, "Value": 1659.2130126953125}, {"ListeningId": 0, "ParameterID": 25, "Value": 91.79155731201172}, {"ListeningId": 0, "ParameterID": 26, "Value": 0.0}, {"ListeningId": 0, "ParameterID": 27, "Value": 138.19236755371094}, {"ListeningId": 0, "ParameterID": 28, "Value": 229.94692993164062}, {"ListeningId": 0, "ParameterID": 13, "Value": 0.9759431481361389}, {"ListeningId": 0, "ParameterID": 14, "Value": 1.0}, {"ListeningId": 0, "ParameterID": 15, "Value": 0.9831364750862122}, {"ListeningId": 0, "ParameterID": 16, "Value": 0.9863598346710205}, {"ListeningId": 0, "ParameterID": 10, "Value": 50.17279052734375}, {"ListeningId": 0, "ParameterID": 11, "Value": 50.17279052734375}, {"ListeningId": 0, "ParameterID": 12, "Value": 50.17279052734375}, {"ListeningId": 0, "ParameterID": 32, "Value": 5872.27294921875}]}, {"ListeningId": 0, "MeterId": 12, "Timestamp": 1632423840, "listeningvalues": [{"ListeningId": 0, "ParameterID": 1, "Value": 231.3159942626953}, {"ListeningId": 0, "ParameterID": 2, "Value": 232.07200622558594}, {"ListeningId": 0, "ParameterID": 3, "Value": 229.59352111816406}, {"ListeningId": 0, "ParameterID": 4, "Value": 401.59381103515625}, {"ListeningId": 0, "ParameterID": 5, "Value": 400.1051025390625}, {"ListeningId": 0, "ParameterID": 6, "Value": 399.1513366699219}, {"ListeningId": 0, "ParameterID": 7, "Value": 2.6298301219940186}, {"ListeningId": 0, "ParameterID": 8, "Value": 1.816381573677063}, {"ListeningId": 0, "ParameterID": 9, "Value": 3.0971531867980957}, {"ListeningId": 0, "ParameterID": 17, "Value": 602.9281616210938}, {"ListeningId": 0, "ParameterID": 18, "Value": 421.5097351074219}, {"ListeningId": 0, "ParameterID": 19, "Value": 679.8018188476562}, {"ListeningId": 0, "ParameterID": 20, "Value": 1705.0748291015625}, {"ListeningId": 0, "ParameterID": 21, "Value": 607.9263916015625}, {"ListeningId": 0, "ParameterID": 22, "Value": 421.9681396484375}, {"ListeningId": 0, "ParameterID": 23, "Value": 712.5571899414062}, {"ListeningId": 0, "ParameterID": 24, "Value": 1742.1409912109375}, {"ListeningId": 0, "ParameterID": 25, "Value": 83.37667846679688}, {"ListeningId": 0, "ParameterID": 26, "Value": 0.0}, {"ListeningId": 0, "ParameterID": 27, "Value": 210.1763153076172}, {"ListeningId": 0, "ParameterID": 28, "Value": 293.8878479003906}, {"ListeningId": 0, "ParameterID": 13, "Value": 0.9912748336791992}, {"ListeningId": 0, "ParameterID": 14, "Value": 1.0}, {"ListeningId": 0, "ParameterID": 15, "Value": 0.9428854584693909}, {"ListeningId": 0, "ParameterID": 16, "Value": 0.9780533909797668}, {"ListeningId": 0, "ParameterID": 10, "Value": 50.17279052734375}, {"ListeningId": 0, "ParameterID": 11, "Value": 50.17279052734375}, {"ListeningId": 0, "ParameterID": 12, "Value": 50.17279052734375}, {"ListeningId": 0, "ParameterID": 32, "Value": 5872.16796875}]}]