[{"ListeningId": 0, "MeterId": 1, "Timestamp": 1632424080, "listeningvalues": [{"ListeningId": 0, "ParameterID": 1, "Value": 231.69134521484375}, {"ListeningId": 0, "ParameterID": 2, "Value": 232.00201416015625}, {"ListeningId": 0, "ParameterID": 3, "Value": 231.225830078125}, {"ListeningId": 0, "ParameterID": 4, "Value": 401.36328125}, {"ListeningId": 0, "ParameterID": 5, "Value": 401.1260986328125}, {"ListeningId": 0, "ParameterID": 6, "Value": 400.984619140625}, {"ListeningId": 0, "ParameterID": 7, "Value": 2.4204177856445312}, {"ListeningId": 0, "ParameterID": 8, "Value": 2.165609121322632}, {"ListeningId": 0, "ParameterID": 9, "Value": 3.044637680053711}, {"ListeningId": 0, "ParameterID": 17, "Value": 557.0831909179688}, {"ListeningId": 0, "ParameterID": 18, "Value": 495.9894104003906}, {"ListeningId": 0, "ParameterID": 19, "Value": 673.1952514648438}, {"ListeningId": 0, "ParameterID": 20, "Value": 1726.267822265625}, {"ListeningId": 0, "ParameterID": 21, "Value": 560.7898559570312}, {"ListeningId": 0, "ParameterID": 22, "Value": 502.4256896972656}, {"ListeningId": 0, "ParameterID": 23, "Value": 703.9989013671875}, {"ListeningId": 0, "ParameterID": 24, "Value": 1767.2144775390625}, {"ListeningId": 0, "ParameterID": 25, "Value": 64.3705062866211}, {"ListeningId": 0, "ParameterID": 26, "Value": 80.1628189086914}, {"ListeningId": 0, "ParameterID": 27, "Value": 205.967529296875}, {"ListeningId": 0, "ParameterID": 28, "Value": 350.5008544921875}, {"ListeningId": 0, "ParameterID": 13, "Value": 0.9933903217315674}, {"ListeningId": 0, "ParameterID": 14, "Value": 0.9871895909309387}, {"ListeningId": 0, "ParameterID": 15, "Value": 0.9562447667121887}, {"ListeningId": 0, "ParameterID": 16, "Value": 0.9789415001869202}, {"ListeningId": 0, "ParameterID": 10, "Value": 50.16554260253906}, {"ListeningId": 0, "ParameterID": 11, "Value": 50.16554260253906}, {"ListeningId": 0, "ParameterID": 12, "Value": 50.16554260253906}, {"ListeningId": 0, "ParameterID": 32, "Value": 5980.0634765625}]}, {"ListeningId": 0, "MeterId": 2, "Timestamp": 1632424080, "listeningvalues": [{"ListeningId": 0, "ParameterID": 1, "Value": 230.81082153320312}, {"ListeningId": 0, "ParameterID": 2, "Value": 232.5978546142578}, {"ListeningId": 0, "ParameterID": 3, "Value": 229.73828125}, {"ListeningId": 0, "ParameterID": 4, "Value": 401.0238342285156}, {"ListeningId": 0, "ParameterID": 5, "Value": 400.2943115234375}, {"ListeningId": 0, "ParameterID": 6, "Value": 398.8731689453125}, {"ListeningId": 0, "ParameterID": 7, "Value": 2.712989091873169}, {"ListeningId": 0, "ParameterID": 8, "Value": 1.7578678131103516}, {"ListeningId": 0, "ParameterID": 9, "Value": 3.1226277351379395}, {"ListeningId": 0, "ParameterID": 17, "Value": 621.5728759765625}, {"ListeningId": 0, "ParameterID": 18, "Value": 408.72064208984375}, {"ListeningId": 0, "ParameterID": 19, "Value": 681.453125}, {"ListeningId": 0, "ParameterID": 20, "Value": 1711.000732421875}, {"ListeningId": 0, "ParameterID": 21, "Value": 625.9813232421875}, {"ListeningId": 0, "ParameterID": 22, "Value": 408.959716796875}, {"ListeningId": 0, "ParameterID": 23, "Value": 717.26220703125}, {"ListeningId": 0, "ParameterID": 24, "Value": 1751.1063232421875}, {"ListeningId": 0, "ParameterID": 25, "Value": 71.06251525878906}, {"ListeningId": 0, "ParameterID": 26, "Value": 0.0}, {"ListeningId": 0, "ParameterID": 27, "Value": 224.40830993652344}, {"ListeningId": 0, "ParameterID": 28, "Value": 295.431396484375}, {"ListeningId": 0, "ParameterID": 13, "Value": 0.9908225536346436}, {"ListeningId": 0, "ParameterID": 14, "Value": 0.9944925904273987}, {"ListeningId": 0, "ParameterID": 15, "Value": 0.9805561900138855}, {"ListeningId": 0, "ParameterID": 16, "Value": 0.9886237978935242}, {"ListeningId": 0, "ParameterID": 10, "Value": 50.16554260253906}, {"ListeningId": 0, "ParameterID": 11, "Value": 50.16554260253906}, {"ListeningId": 0, "ParameterID": 12, "Value": 50.16554260253906}, {"ListeningId": 0, "ParameterID": 32, "Value": 5985.4853515625}]}, {"ListeningId": 0, "MeterId": 3, "Timestamp": 1632424080, "listeningvalues": [{"ListeningId": 0, "ParameterID": 1, "Value": 230.82679748535156}, {"ListeningId": 0, "ParameterID": 2, "Value": 232.51602172851562}, {"ListeningId": 0, "ParameterID": 3, "Value": 229.75375366210938}, {"ListeningId": 0, "ParameterID": 4, "Value": 401.4485778808594}, {"ListeningId": 0, "ParameterID": 5, "Value": 400.3753662109375}, {"ListeningId": 0, "ParameterID": 6, "Value": 399.4256286621094}, {"ListeningId": 0, "ParameterID": 7, "Value": 2.5350706577301025}, {"ListeningId": 0, "ParameterID": 8, "Value": 2.1539978981018066}, {"ListeningId": 0, "ParameterID": 9, "Value": 3.03610897064209}, {"ListeningId": 0, "ParameterID": 17, "Value": 581.8412475585938}, {"ListeningId": 0, "ParameterID": 18, "Value": 501.56817626953125}, {"ListeningId": 0, "ParameterID": 19, "Value": 669.9601440429688}, {"ListeningId": 0, "ParameterID": 20, "Value": 1753.1119384765625}, {"ListeningId": 0, "ParameterID": 21, "Value": 585.238037109375}, {"ListeningId": 0, "ParameterID": 22, "Value": 501.54681396484375}, {"ListeningId": 0, "ParameterID": 23, "Value": 697.2503051757812}, {"ListeningId": 0, "ParameterID": 24, "Value": 1783.9359130859375}, {"ListeningId": 0, "ParameterID": 25, "Value": 67.94023132324219}, {"ListeningId": 0, "ParameterID": 26, "Value": 0.0}, {"ListeningId": 0, "ParameterID": 27, "Value": 194.2593994140625}, {"ListeningId": 0, "ParameterID": 28, "Value": 262.1245422363281}, {"ListeningId": 0, "ParameterID": 13, "Value": 0.9881510138511658}, {"ListeningId": 0, "ParameterID": 14, "Value": 1.0}, {"ListeningId": 0, "ParameterID": 15, "Value": 0.9430456757545471}, {"ListeningId": 0, "ParameterID": 16, "Value": 0.9770655632019043}, {"ListeningId": 0, "ParameterID": 10, "Value": 50.16554260253906}, {"ListeningId": 0, "ParameterID": 11, "Value": 50.16554260253906}, {"ListeningId": 0, "ParameterID": 12, "Value": 50.16554260253906}, {"ListeningId": 0, "ParameterID": 32, "Value": 5987.79541015625}]}, {"ListeningId": 0, "MeterId": 4, "Timestamp": 1632424080, "listeningvalues": [{"ListeningId": 0, "ParameterID": 1, "Value": 230.49884033203125}, {"ListeningId": 0, "ParameterID": 2, "Value": 231.94564819335938}, {"ListeningId": 0, "ParameterID": 3, "Value": 231.37945556640625}, {"ListeningId": 0, "ParameterID": 4, "Value": 400.8575744628906}, {"ListeningId": 0, "ParameterID": 5, "Value": 400.9095153808594}, {"ListeningId": 0, "ParameterID": 6, "Value": 399.8538818359375}, {"ListeningId": 0, "ParameterID": 7, "Value": 2.6559226512908936}, {"ListeningId": 0, "ParameterID": 8, "Value": 2.012057304382324}, {"ListeningId": 0, "ParameterID": 9, "Value": 2.9143269062042236}, {"ListeningId": 0, "ParameterID": 17, "Value": 599.8607788085938}, {"ListeningId": 0, "ParameterID": 18, "Value": 466.0902404785156}, {"ListeningId": 0, "ParameterID": 19, "Value": 638.1380615234375}, {"ListeningId": 0, "ParameterID": 20, "Value": 1706.377197265625}, {"ListeningId": 0, "ParameterID": 21, "Value": 612.7719116210938}, {"ListeningId": 0, "ParameterID": 22, "Value": 466.0880126953125}, {"ListeningId": 0, "ParameterID": 23, "Value": 674.6407470703125}, {"ListeningId": 0, "ParameterID": 24, "Value": 1753.1103515625}, {"ListeningId": 0, "ParameterID": 25, "Value": 120.80884552001953}, {"ListeningId": 0, "ParameterID": 26, "Value": 0.0}, {"ListeningId": 0, "ParameterID": 27, "Value": 216.42010498046875}, {"ListeningId": 0, "ParameterID": 28, "Value": 337.1659240722656}, {"ListeningId": 0, "ParameterID": 13, "Value": 0.9649755954742432}, {"ListeningId": 0, "ParameterID": 14, "Value": 0.9931552410125732}, {"ListeningId": 0, "ParameterID": 15, "Value": 0.9698359370231628}, {"ListeningId": 0, "ParameterID": 16, "Value": 0.9759889245033264}, {"ListeningId": 0, "ParameterID": 10, "Value": 50.16554260253906}, {"ListeningId": 0, "ParameterID": 11, "Value": 50.16554260253906}, {"ListeningId": 0, "ParameterID": 12, "Value": 50.16554260253906}, {"ListeningId": 0, "ParameterID": 32, "Value": 5986.53515625}]}, {"ListeningId": 0, "MeterId": 5, "Timestamp": 1632424080, "listeningvalues": [{"ListeningId": 0, "ParameterID": 1, "Value": 230.8396759033203}, {"ListeningId": 0, "ParameterID": 2, "Value": 231.75303649902344}, {"ListeningId": 0, "ParameterID": 3, "Value": 230.63682556152344}, {"ListeningId": 0, "ParameterID": 4, "Value": 400.9333801269531}, {"ListeningId": 0, "ParameterID": 5, "Value": 400.1209411621094}, {"ListeningId": 0, "ParameterID": 6, "Value": 399.750244140625}, {"ListeningId": 0, "ParameterID": 7, "Value": 2.5656015872955322}, {"ListeningId": 0, "ParameterID": 8, "Value": 1.967523455619812}, {"ListeningId": 0, "ParameterID": 9, "Value": 2.739985942840576}, {"ListeningId": 0, "ParameterID": 17, "Value": 589.3687744140625}, {"ListeningId": 0, "ParameterID": 18, "Value": 455.46124267578125}, {"ListeningId": 0, "ParameterID": 19, "Value": 612.5953369140625}, {"ListeningId": 0, "ParameterID": 20, "Value": 1656.358642578125}, {"ListeningId": 0, "ParameterID": 21, "Value": 592.91015625}, {"ListeningId": 0, "ParameterID": 22, "Value": 455.19378662109375}, {"ListeningId": 0, "ParameterID": 23, "Value": 633.5830078125}, {"ListeningId": 0, "ParameterID": 24, "Value": 1682.0360107421875}, {"ListeningId": 0, "ParameterID": 25, "Value": 70.16722869873047}, {"ListeningId": 0, "ParameterID": 26, "Value": 0.0}, {"ListeningId": 0, "ParameterID": 27, "Value": 159.54754638671875}, {"ListeningId": 0, "ParameterID": 28, "Value": 229.8438262939453}, {"ListeningId": 0, "ParameterID": 13, "Value": 0.966798722743988}, {"ListeningId": 0, "ParameterID": 14, "Value": 1.0}, {"ListeningId": 0, "ParameterID": 15, "Value": 0.9675585627555847}, {"ListeningId": 0, "ParameterID": 16, "Value": 0.9781191349029541}, {"ListeningId": 0, "ParameterID": 10, "Value": 50.16554260253906}, {"ListeningId": 0, "ParameterID": 11, "Value": 50.16554260253906}, {"ListeningId": 0, "ParameterID": 12, "Value": 50.16554260253906}, {"ListeningId": 0, "ParameterID": 32, "Value": 5983.9755859375}]}, {"ListeningId": 0, "MeterId": 6, "Timestamp": 1632424080, "listeningvalues": [{"ListeningId": 0, "ParameterID": 1, "Value": 230.8090057373047}, {"ListeningId": 0, "ParameterID": 2, "Value": 231.23182678222656}, {"ListeningId": 0, "ParameterID": 3, "Value": 230.63336181640625}, {"ListeningId": 0, "ParameterID": 4, "Value": 399.78485107421875}, {"ListeningId": 0, "ParameterID": 5, "Value": 400.2216491699219}, {"ListeningId": 0, "ParameterID": 6, "Value": 399.96826171875}, {"ListeningId": 0, "ParameterID": 7, "Value": 2.6735880374908447}, {"ListeningId": 0, "ParameterID": 8, "Value": 1.9833781719207764}, {"ListeningId": 0, "ParameterID": 9, "Value": 2.951305866241455}, {"ListeningId": 0, "ParameterID": 17, "Value": 613.7879638671875}, {"ListeningId": 0, "ParameterID": 18, "Value": 456.90777587890625}, {"ListeningId": 0, "ParameterID": 19, "Value": 642.0848388671875}, {"ListeningId": 0, "ParameterID": 20, "Value": 1712.7806396484375}, {"ListeningId": 0, "ParameterID": 21, "Value": 617.0881958007812}, {"ListeningId": 0, "ParameterID": 22, "Value": 458.6201477050781}, {"ListeningId": 0, "ParameterID": 23, "Value": 680.6696166992188}, {"ListeningId": 0, "ParameterID": 24, "Value": 1756.3779296875}, {"ListeningId": 0, "ParameterID": 25, "Value": 63.73529052734375}, {"ListeningId": 0, "ParameterID": 26, "Value": 39.59442901611328}, {"ListeningId": 0, "ParameterID": 27, "Value": 225.9163360595703}, {"ListeningId": 0, "ParameterID": 28, "Value": 329.2460632324219}, {"ListeningId": 0, "ParameterID": 13, "Value": 0.9946519136428833}, {"ListeningId": 0, "ParameterID": 14, "Value": 0.99626624584198}, {"ListeningId": 0, "ParameterID": 15, "Value": 0.943313479423523}, {"ListeningId": 0, "ParameterID": 16, "Value": 0.978077232837677}, {"ListeningId": 0, "ParameterID": 10, "Value": 50.16897201538086}, {"ListeningId": 0, "ParameterID": 11, "Value": 50.16897201538086}, {"ListeningId": 0, "ParameterID": 12, "Value": 50.16897201538086}, {"ListeningId": 0, "ParameterID": 32, "Value": 5984.71826171875}]}, {"ListeningId": 0, "MeterId": 7, "Timestamp": 1632424080, "listeningvalues": [{"ListeningId": 0, "ParameterID": 1, "Value": 230.4701690673828}, {"ListeningId": 0, "ParameterID": 2, "Value": 232.34568786621094}, {"ListeningId": 0, "ParameterID": 3, "Value": 230.68687438964844}, {"ListeningId": 0, "ParameterID": 4, "Value": 400.8829650878906}, {"ListeningId": 0, "ParameterID": 5, "Value": 400.5022888183594}, {"ListeningId": 0, "ParameterID": 6, "Value": 398.9783935546875}, {"ListeningId": 0, "ParameterID": 7, "Value": 2.2534122467041016}, {"ListeningId": 0, "ParameterID": 8, "Value": 1.8662688732147217}, {"ListeningId": 0, "ParameterID": 9, "Value": 3.0717132091522217}, {"ListeningId": 0, "ParameterID": 17, "Value": 509.4814758300781}, {"ListeningId": 0, "ParameterID": 18, "Value": 432.85113525390625}, {"ListeningId": 0, "ParameterID": 19, "Value": 683.2117309570312}, {"ListeningId": 0, "ParameterID": 20, "Value": 1624.9229736328125}, {"ListeningId": 0, "ParameterID": 21, "Value": 518.9655151367188}, {"ListeningId": 0, "ParameterID": 22, "Value": 433.24151611328125}, {"ListeningId": 0, "ParameterID": 23, "Value": 708.6878051757812}, {"ListeningId": 0, "ParameterID": 24, "Value": 1662.923095703125}, {"ListeningId": 0, "ParameterID": 25, "Value": 103.37562561035156}, {"ListeningId": 0, "ParameterID": 26, "Value": 0.0}, {"ListeningId": 0, "ParameterID": 27, "Value": 190.51344299316406}, {"ListeningId": 0, "ParameterID": 28, "Value": 294.0946044921875}, {"ListeningId": 0, "ParameterID": 13, "Value": 0.9684741497039795}, {"ListeningId": 0, "ParameterID": 14, "Value": 0.9932456016540527}, {"ListeningId": 0, "ParameterID": 15, "Value": 0.9868314862251282}, {"ListeningId": 0, "ParameterID": 16, "Value": 0.9828503727912903}, {"ListeningId": 0, "ParameterID": 10, "Value": 50.16897201538086}, {"ListeningId": 0, "ParameterID": 11, "Value": 50.16897201538086}, {"ListeningId": 0, "ParameterID": 12, "Value": 50.16897201538086}, {"ListeningId": 0, "ParameterID": 32, "Value": 5988.18896484375}]}, {"ListeningId": 0, "MeterId": 8, "Timestamp": 1632424080, "listeningvalues": [{"ListeningId": 0, "ParameterID": 1, "Value": 230.1368865966797}, {"ListeningId": 0, "ParameterID": 2, "Value": 232.0247802734375}, {"ListeningId": 0, "ParameterID": 3, "Value": 230.61119079589844}, {"ListeningId": 0, "ParameterID": 4, "Value": 400.54388427734375}, {"ListeningId": 0, "ParameterID": 5, "Value": 401.0460205078125}, {"ListeningId": 0, "ParameterID": 6, "Value": 398.9068298339844}, {"ListeningId": 0, "ParameterID": 7, "Value": 2.253211259841919}, {"ListeningId": 0, "ParameterID": 8, "Value": 1.8659533262252808}, {"ListeningId": 0, "ParameterID": 9, "Value": 3.069647789001465}, {"ListeningId": 0, "ParameterID": 17, "Value": 508.63250732421875}, {"ListeningId": 0, "ParameterID": 18, "Value": 433.1919250488281}, {"ListeningId": 0, "ParameterID": 19, "Value": 683.1508178710938}, {"ListeningId": 0, "ParameterID": 20, "Value": 1625.17431640625}, {"ListeningId": 0, "ParameterID": 21, "Value": 519.0121459960938}, {"ListeningId": 0, "ParameterID": 22, "Value": 433.0191345214844}, {"ListeningId": 0, "ParameterID": 23, "Value": 709.2764282226562}, {"ListeningId": 0, "ParameterID": 24, "Value": 1660.4718017578125}, {"ListeningId": 0, "ParameterID": 25, "Value": 103.37882995605469}, {"ListeningId": 0, "ParameterID": 26, "Value": 0.0}, {"ListeningId": 0, "ParameterID": 27, "Value": 190.70928955078125}, {"ListeningId": 0, "ParameterID": 28, "Value": 294.1313171386719}, {"ListeningId": 0, "ParameterID": 13, "Value": 0.9684741497039795}, {"ListeningId": 0, "ParameterID": 14, "Value": 0.9932456016540527}, {"ListeningId": 0, "ParameterID": 15, "Value": 0.9868314862251282}, {"ListeningId": 0, "ParameterID": 16, "Value": 0.9828503727912903}, {"ListeningId": 0, "ParameterID": 10, "Value": 50.16897201538086}, {"ListeningId": 0, "ParameterID": 11, "Value": 50.16897201538086}, {"ListeningId": 0, "ParameterID": 12, "Value": 50.16897201538086}, {"ListeningId": 0, "ParameterID": 32, "Value": 5988.18896484375}]}, {"ListeningId": 0, "MeterId": 9, "Timestamp": 1632424080, "listeningvalues": [{"ListeningId": 0, "ParameterID": 1, "Value": 231.00985717773438}, {"ListeningId": 0, "ParameterID": 2, "Value": 231.90786743164062}, {"ListeningId": 0, "ParameterID": 3, "Value": 230.30470275878906}, {"ListeningId": 0, "ParameterID": 4, "Value": 401.0144958496094}, {"ListeningId": 0, "ParameterID": 5, "Value": 400.3545837402344}, {"ListeningId": 0, "ParameterID": 6, "Value": 399.95343017578125}, {"ListeningId": 0, "ParameterID": 7, "Value": 2.4530177116394043}, {"ListeningId": 0, "ParameterID": 8, "Value": 2.053115129470825}, {"ListeningId": 0, "ParameterID": 9, "Value": 2.951477289199829}, {"ListeningId": 0, "ParameterID": 17, "Value": 545.8499145507812}, {"ListeningId": 0, "ParameterID": 18, "Value": 474.4219970703125}, {"ListeningId": 0, "ParameterID": 19, "Value": 662.4007568359375}, {"ListeningId": 0, "ParameterID": 20, "Value": 1680.7525634765625}, {"ListeningId": 0, "ParameterID": 21, "Value": 567.0747680664062}, {"ListeningId": 0, "ParameterID": 22, "Value": 475.95684814453125}, {"ListeningId": 0, "ParameterID": 23, "Value": 679.915771484375}, {"ListeningId": 0, "ParameterID": 24, "Value": 1724.5693359375}, {"ListeningId": 0, "ParameterID": 25, "Value": 156.58084106445312}, {"ListeningId": 0, "ParameterID": 26, "Value": 42.183555603027344}, {"ListeningId": 0, "ParameterID": 27, "Value": 155.04470825195312}, {"ListeningId": 0, "ParameterID": 28, "Value": 353.8939514160156}, {"ListeningId": 0, "ParameterID": 13, "Value": 0.985162079334259}, {"ListeningId": 0, "ParameterID": 14, "Value": 0.9906338453292847}, {"ListeningId": 0, "ParameterID": 15, "Value": 0.9430968165397644}, {"ListeningId": 0, "ParameterID": 16, "Value": 0.9729642868041992}, {"ListeningId": 0, "ParameterID": 10, "Value": 50.16897201538086}, {"ListeningId": 0, "ParameterID": 11, "Value": 50.16897201538086}, {"ListeningId": 0, "ParameterID": 12, "Value": 50.16897201538086}, {"ListeningId": 0, "ParameterID": 32, "Value": 5991.83740234375}]}, {"ListeningId": 0, "MeterId": 10, "Timestamp": 1632424080, "listeningvalues": [{"ListeningId": 0, "ParameterID": 1, "Value": 231.29913330078125}, {"ListeningId": 0, "ParameterID": 2, "Value": 232.8973846435547}, {"ListeningId": 0, "ParameterID": 3, "Value": 230.74298095703125}, {"ListeningId": 0, "ParameterID": 4, "Value": 401.37347412109375}, {"ListeningId": 0, "ParameterID": 5, "Value": 401.7740783691406}, {"ListeningId": 0, "ParameterID": 6, "Value": 399.8960266113281}, {"ListeningId": 0, "ParameterID": 7, "Value": 2.493051290512085}, {"ListeningId": 0, "ParameterID": 8, "Value": 1.8631483316421509}, {"ListeningId": 0, "ParameterID": 9, "Value": 2.916477680206299}, {"ListeningId": 0, "ParameterID": 17, "Value": 551.1348266601562}, {"ListeningId": 0, "ParameterID": 18, "Value": 433.0736999511719}, {"ListeningId": 0, "ParameterID": 19, "Value": 665.3006591796875}, {"ListeningId": 0, "ParameterID": 20, "Value": 1650.3758544921875}, {"ListeningId": 0, "ParameterID": 21, "Value": 576.315185546875}, {"ListeningId": 0, "ParameterID": 22, "Value": 433.3853759765625}, {"ListeningId": 0, "ParameterID": 23, "Value": 673.0708618164062}, {"ListeningId": 0, "ParameterID": 24, "Value": 1684.981201171875}, {"ListeningId": 0, "ParameterID": 25, "Value": 166.4408721923828}, {"ListeningId": 0, "ParameterID": 26, "Value": 26.164152145385742}, {"ListeningId": 0, "ParameterID": 27, "Value": 107.52853393554688}, {"ListeningId": 0, "ParameterID": 28, "Value": 300.1794738769531}, {"ListeningId": 0, "ParameterID": 13, "Value": 0.9798684120178223}, {"ListeningId": 0, "ParameterID": 14, "Value": 0.9975736737251282}, {"ListeningId": 0, "ParameterID": 15, "Value": 0.9458152055740356}, {"ListeningId": 0, "ParameterID": 16, "Value": 0.974419116973877}, {"ListeningId": 0, "ParameterID": 10, "Value": 50.16897201538086}, {"ListeningId": 0, "ParameterID": 11, "Value": 50.16897201538086}, {"ListeningId": 0, "ParameterID": 12, "Value": 50.16897201538086}, {"ListeningId": 0, "ParameterID": 32, "Value": 7569.8525390625}]}, {"ListeningId": 0, "MeterId": 11, "Timestamp": 1632424080, "listeningvalues": [{"ListeningId": 0, "ParameterID": 1, "Value": 231.137939453125}, {"ListeningId": 0, "ParameterID": 2, "Value": 232.0808868408203}, {"ListeningId": 0, "ParameterID": 3, "Value": 230.7526397705078}, {"ListeningId": 0, "ParameterID": 4, "Value": 401.44757080078125}, {"ListeningId": 0, "ParameterID": 5, "Value": 400.9163818359375}, {"ListeningId": 0, "ParameterID": 6, "Value": 400.0155334472656}, {"ListeningId": 0, "ParameterID": 7, "Value": 2.424492120742798}, {"ListeningId": 0, "ParameterID": 8, "Value": 1.9612449407577515}, {"ListeningId": 0, "ParameterID": 9, "Value": 3.0896060466766357}, {"ListeningId": 0, "ParameterID": 17, "Value": 541.9542846679688}, {"ListeningId": 0, "ParameterID": 18, "Value": 455.1674499511719}, {"ListeningId": 0, "ParameterID": 19, "Value": 684.540283203125}, {"ListeningId": 0, "ParameterID": 20, "Value": 1681.6619873046875}, {"ListeningId": 0, "ParameterID": 21, "Value": 560.39208984375}, {"ListeningId": 0, "ParameterID": 22, "Value": 455.1674499511719}, {"ListeningId": 0, "ParameterID": 23, "Value": 712.9347534179688}, {"ListeningId": 0, "ParameterID": 24, "Value": 1728.494384765625}, {"ListeningId": 0, "ParameterID": 25, "Value": 142.5652313232422}, {"ListeningId": 0, "ParameterID": 26, "Value": 0.0}, {"ListeningId": 0, "ParameterID": 27, "Value": 199.19979858398438}, {"ListeningId": 0, "ParameterID": 28, "Value": 341.7650146484375}, {"ListeningId": 0, "ParameterID": 13, "Value": 0.9670984148979187}, {"ListeningId": 0, "ParameterID": 14, "Value": 1.0}, {"ListeningId": 0, "ParameterID": 15, "Value": 0.9601724147796631}, {"ListeningId": 0, "ParameterID": 16, "Value": 0.9757569432258606}, {"ListeningId": 0, "ParameterID": 10, "Value": 50.16712188720703}, {"ListeningId": 0, "ParameterID": 11, "Value": 50.16712188720703}, {"ListeningId": 0, "ParameterID": 12, "Value": 50.16712188720703}, {"ListeningId": 0, "ParameterID": 32, "Value": 5981.73291015625}]}, {"ListeningId": 0, "MeterId": 12, "Timestamp": 1632424080, "listeningvalues": [{"ListeningId": 0, "ParameterID": 1, "Value": 230.95079040527344}, {"ListeningId": 0, "ParameterID": 2, "Value": 231.83197021484375}, {"ListeningId": 0, "ParameterID": 3, "Value": 230.630615234375}, {"ListeningId": 0, "ParameterID": 4, "Value": 400.9217834472656}, {"ListeningId": 0, "ParameterID": 5, "Value": 400.3963928222656}, {"ListeningId": 0, "ParameterID": 6, "Value": 399.4421081542969}, {"ListeningId": 0, "ParameterID": 7, "Value": 2.302621603012085}, {"ListeningId": 0, "ParameterID": 8, "Value": 1.9756078720092773}, {"ListeningId": 0, "ParameterID": 9, "Value": 2.819746255874634}, {"ListeningId": 0, "ParameterID": 17, "Value": 508.91802978515625}, {"ListeningId": 0, "ParameterID": 18, "Value": 457.94793701171875}, {"ListeningId": 0, "ParameterID": 19, "Value": 643.3811645507812}, {"ListeningId": 0, "ParameterID": 20, "Value": 1611.2470703125}, {"ListeningId": 0, "ParameterID": 21, "Value": 531.2237548828125}, {"ListeningId": 0, "ParameterID": 22, "Value": 457.7011413574219}, {"ListeningId": 0, "ParameterID": 23, "Value": 649.6737670898438}, {"ListeningId": 0, "ParameterID": 24, "Value": 1640.9576416015625}, {"ListeningId": 0, "ParameterID": 25, "Value": 153.8291473388672}, {"ListeningId": 0, "ParameterID": 26, "Value": 0.0}, {"ListeningId": 0, "ParameterID": 27, "Value": 96.99593353271484}, {"ListeningId": 0, "ParameterID": 28, "Value": 250.7329864501953}, {"ListeningId": 0, "ParameterID": 13, "Value": 0.9871566891670227}, {"ListeningId": 0, "ParameterID": 14, "Value": 0.9967985153198242}, {"ListeningId": 0, "ParameterID": 15, "Value": 0.9502044916152954}, {"ListeningId": 0, "ParameterID": 16, "Value": 0.9780532717704773}, {"ListeningId": 0, "ParameterID": 10, "Value": 50.16712188720703}, {"ListeningId": 0, "ParameterID": 11, "Value": 50.16712188720703}, {"ListeningId": 0, "ParameterID": 12, "Value": 50.16712188720703}, {"ListeningId": 0, "ParameterID": 32, "Value": 5982.14697265625}]}]