[{"ListeningId": 0, "MeterId": 1, "Timestamp": 1632425400, "listeningvalues": [{"ListeningId": 0, "ParameterID": 1, "Value": 231.43185424804688}, {"ListeningId": 0, "ParameterID": 2, "Value": 231.85504150390625}, {"ListeningId": 0, "ParameterID": 3, "Value": 231.10899353027344}, {"ListeningId": 0, "ParameterID": 4, "Value": 401.3525695800781}, {"ListeningId": 0, "ParameterID": 5, "Value": 401.21759033203125}, {"ListeningId": 0, "ParameterID": 6, "Value": 400.78033447265625}, {"ListeningId": 0, "ParameterID": 7, "Value": 2.291959762573242}, {"ListeningId": 0, "ParameterID": 8, "Value": 2.1521735191345215}, {"ListeningId": 0, "ParameterID": 9, "Value": 2.802835702896118}, {"ListeningId": 0, "ParameterID": 17, "Value": 513.586181640625}, {"ListeningId": 0, "ParameterID": 18, "Value": 498.9922790527344}, {"ListeningId": 0, "ParameterID": 19, "Value": 638.839599609375}, {"ListeningId": 0, "ParameterID": 20, "Value": 1651.4180908203125}, {"ListeningId": 0, "ParameterID": 21, "Value": 530.4324951171875}, {"ListeningId": 0, "ParameterID": 22, "Value": 498.9922790527344}, {"ListeningId": 0, "ParameterID": 23, "Value": 647.7605590820312}, {"ListeningId": 0, "ParameterID": 24, "Value": 1677.185302734375}, {"ListeningId": 0, "ParameterID": 25, "Value": 132.61917114257812}, {"ListeningId": 0, "ParameterID": 26, "Value": 0.0}, {"ListeningId": 0, "ParameterID": 27, "Value": 107.13411712646484}, {"ListeningId": 0, "ParameterID": 28, "Value": 239.7532958984375}, {"ListeningId": 0, "ParameterID": 13, "Value": 0.9914756417274475}, {"ListeningId": 0, "ParameterID": 14, "Value": 0.9863027334213257}, {"ListeningId": 0, "ParameterID": 15, "Value": 0.9498656988143921}, {"ListeningId": 0, "ParameterID": 16, "Value": 0.9758813977241516}, {"ListeningId": 0, "ParameterID": 10, "Value": 50.0643424987793}, {"ListeningId": 0, "ParameterID": 11, "Value": 50.0643424987793}, {"ListeningId": 0, "ParameterID": 12, "Value": 50.0643424987793}, {"ListeningId": 0, "ParameterID": 32, "Value": 6583.03173828125}]}, {"ListeningId": 0, "MeterId": 2, "Timestamp": 1632425400, "listeningvalues": [{"ListeningId": 0, "ParameterID": 1, "Value": 230.3301544189453}, {"ListeningId": 0, "ParameterID": 2, "Value": 232.4871063232422}, {"ListeningId": 0, "ParameterID": 3, "Value": 230.9211883544922}, {"ListeningId": 0, "ParameterID": 4, "Value": 401.180419921875}, {"ListeningId": 0, "ParameterID": 5, "Value": 401.1910705566406}, {"ListeningId": 0, "ParameterID": 6, "Value": 399.7146911621094}, {"ListeningId": 0, "ParameterID": 7, "Value": 2.3465185165405273}, {"ListeningId": 0, "ParameterID": 8, "Value": 2.0091278553009033}, {"ListeningId": 0, "ParameterID": 9, "Value": 2.9181251525878906}, {"ListeningId": 0, "ParameterID": 17, "Value": 528.3715209960938}, {"ListeningId": 0, "ParameterID": 18, "Value": 467.0963134765625}, {"ListeningId": 0, "ParameterID": 19, "Value": 666.9286499023438}, {"ListeningId": 0, "ParameterID": 20, "Value": 1662.396484375}, {"ListeningId": 0, "ParameterID": 21, "Value": 540.4739990234375}, {"ListeningId": 0, "ParameterID": 22, "Value": 467.0963134765625}, {"ListeningId": 0, "ParameterID": 23, "Value": 673.85693359375}, {"ListeningId": 0, "ParameterID": 24, "Value": 1681.42724609375}, {"ListeningId": 0, "ParameterID": 25, "Value": 113.73516082763672}, {"ListeningId": 0, "ParameterID": 26, "Value": 0.0}, {"ListeningId": 0, "ParameterID": 27, "Value": 96.38124084472656}, {"ListeningId": 0, "ParameterID": 28, "Value": 210.11639404296875}, {"ListeningId": 0, "ParameterID": 13, "Value": 0.9776076078414917}, {"ListeningId": 0, "ParameterID": 14, "Value": 1.0}, {"ListeningId": 0, "ParameterID": 15, "Value": 0.989718496799469}, {"ListeningId": 0, "ParameterID": 16, "Value": 0.9891087412834167}, {"ListeningId": 0, "ParameterID": 10, "Value": 50.037689208984375}, {"ListeningId": 0, "ParameterID": 11, "Value": 50.037689208984375}, {"ListeningId": 0, "ParameterID": 12, "Value": 50.037689208984375}, {"ListeningId": 0, "ParameterID": 32, "Value": 6589.0703125}]}, {"ListeningId": 0, "MeterId": 3, "Timestamp": 1632425400, "listeningvalues": [{"ListeningId": 0, "ParameterID": 1, "Value": 231.0189666748047}, {"ListeningId": 0, "ParameterID": 2, "Value": 232.87574768066406}, {"ListeningId": 0, "ParameterID": 3, "Value": 230.53883361816406}, {"ListeningId": 0, "ParameterID": 4, "Value": 401.50518798828125}, {"ListeningId": 0, "ParameterID": 5, "Value": 401.2346496582031}, {"ListeningId": 0, "ParameterID": 6, "Value": 400.0503845214844}, {"ListeningId": 0, "ParameterID": 7, "Value": 2.651456117630005}, {"ListeningId": 0, "ParameterID": 8, "Value": 2.115309238433838}, {"ListeningId": 0, "ParameterID": 9, "Value": 2.895137071609497}, {"ListeningId": 0, "ParameterID": 17, "Value": 608.1027221679688}, {"ListeningId": 0, "ParameterID": 18, "Value": 488.45343017578125}, {"ListeningId": 0, "ParameterID": 19, "Value": 633.7146606445312}, {"ListeningId": 0, "ParameterID": 20, "Value": 1730.445556640625}, {"ListeningId": 0, "ParameterID": 21, "Value": 612.3739013671875}, {"ListeningId": 0, "ParameterID": 22, "Value": 492.0146789550781}, {"ListeningId": 0, "ParameterID": 23, "Value": 667.1287231445312}, {"ListeningId": 0, "ParameterID": 24, "Value": 1770.421142578125}, {"ListeningId": 0, "ParameterID": 25, "Value": 72.8963851928711}, {"ListeningId": 0, "ParameterID": 26, "Value": 58.1087532043457}, {"ListeningId": 0, "ParameterID": 27, "Value": 207.9747772216797}, {"ListeningId": 0, "ParameterID": 28, "Value": 338.9888610839844}, {"ListeningId": 0, "ParameterID": 13, "Value": 0.9847701787948608}, {"ListeningId": 0, "ParameterID": 14, "Value": 1.0}, {"ListeningId": 0, "ParameterID": 15, "Value": 0.9815114140510559}, {"ListeningId": 0, "ParameterID": 16, "Value": 0.9887605309486389}, {"ListeningId": 0, "ParameterID": 10, "Value": 50.037689208984375}, {"ListeningId": 0, "ParameterID": 11, "Value": 50.037689208984375}, {"ListeningId": 0, "ParameterID": 12, "Value": 50.037689208984375}, {"ListeningId": 0, "ParameterID": 32, "Value": 6590.599609375}]}, {"ListeningId": 0, "MeterId": 4, "Timestamp": 1632425400, "listeningvalues": [{"ListeningId": 0, "ParameterID": 1, "Value": 231.43728637695312}, {"ListeningId": 0, "ParameterID": 2, "Value": 232.46429443359375}, {"ListeningId": 0, "ParameterID": 3, "Value": 230.43080139160156}, {"ListeningId": 0, "ParameterID": 4, "Value": 402.28045654296875}, {"ListeningId": 0, "ParameterID": 5, "Value": 401.027099609375}, {"ListeningId": 0, "ParameterID": 6, "Value": 400.1118469238281}, {"ListeningId": 0, "ParameterID": 7, "Value": 2.2741858959198}, {"ListeningId": 0, "ParameterID": 8, "Value": 2.110828161239624}, {"ListeningId": 0, "ParameterID": 9, "Value": 2.893035888671875}, {"ListeningId": 0, "ParameterID": 17, "Value": 507.57794189453125}, {"ListeningId": 0, "ParameterID": 18, "Value": 491.1694641113281}, {"ListeningId": 0, "ParameterID": 19, "Value": 646.8426513671875}, {"ListeningId": 0, "ParameterID": 20, "Value": 1644.0743408203125}, {"ListeningId": 0, "ParameterID": 21, "Value": 526.4716796875}, {"ListeningId": 0, "ParameterID": 22, "Value": 490.7760314941406}, {"ListeningId": 0, "ParameterID": 23, "Value": 666.4393920898438}, {"ListeningId": 0, "ParameterID": 24, "Value": 1683.736572265625}, {"ListeningId": 0, "ParameterID": 25, "Value": 141.81211853027344}, {"ListeningId": 0, "ParameterID": 26, "Value": 0.0}, {"ListeningId": 0, "ParameterID": 27, "Value": 164.74192810058594}, {"ListeningId": 0, "ParameterID": 28, "Value": 306.77679443359375}, {"ListeningId": 0, "ParameterID": 13, "Value": 0.9701941609382629}, {"ListeningId": 0, "ParameterID": 14, "Value": 1.0}, {"ListeningId": 0, "ParameterID": 15, "Value": 0.9878126382827759}, {"ListeningId": 0, "ParameterID": 16, "Value": 0.9860022664070129}, {"ListeningId": 0, "ParameterID": 10, "Value": 50.037689208984375}, {"ListeningId": 0, "ParameterID": 11, "Value": 50.037689208984375}, {"ListeningId": 0, "ParameterID": 12, "Value": 50.037689208984375}, {"ListeningId": 0, "ParameterID": 32, "Value": 6589.6572265625}]}, {"ListeningId": 0, "MeterId": 5, "Timestamp": 1632425400, "listeningvalues": [{"ListeningId": 0, "ParameterID": 1, "Value": 230.4317626953125}, {"ListeningId": 0, "ParameterID": 2, "Value": 232.43748474121094}, {"ListeningId": 0, "ParameterID": 3, "Value": 230.2062530517578}, {"ListeningId": 0, "ParameterID": 4, "Value": 401.1986999511719}, {"ListeningId": 0, "ParameterID": 5, "Value": 400.58367919921875}, {"ListeningId": 0, "ParameterID": 6, "Value": 398.6282958984375}, {"ListeningId": 0, "ParameterID": 7, "Value": 2.5642929077148438}, {"ListeningId": 0, "ParameterID": 8, "Value": 2.2056384086608887}, {"ListeningId": 0, "ParameterID": 9, "Value": 2.7788760662078857}, {"ListeningId": 0, "ParameterID": 17, "Value": 574.3884887695312}, {"ListeningId": 0, "ParameterID": 18, "Value": 512.2628784179688}, {"ListeningId": 0, "ParameterID": 19, "Value": 619.8638916015625}, {"ListeningId": 0, "ParameterID": 20, "Value": 1706.253662109375}, {"ListeningId": 0, "ParameterID": 21, "Value": 590.1954956054688}, {"ListeningId": 0, "ParameterID": 22, "Value": 512.1768798828125}, {"ListeningId": 0, "ParameterID": 23, "Value": 639.451416015625}, {"ListeningId": 0, "ParameterID": 24, "Value": 1741.081298828125}, {"ListeningId": 0, "ParameterID": 25, "Value": 139.61793518066406}, {"ListeningId": 0, "ParameterID": 26, "Value": 3.889226198196411}, {"ListeningId": 0, "ParameterID": 27, "Value": 153.30894470214844}, {"ListeningId": 0, "ParameterID": 28, "Value": 297.1033020019531}, {"ListeningId": 0, "ParameterID": 13, "Value": 0.9823415875434875}, {"ListeningId": 0, "ParameterID": 14, "Value": 1.0}, {"ListeningId": 0, "ParameterID": 15, "Value": 0.9818997383117676}, {"ListeningId": 0, "ParameterID": 16, "Value": 0.9880804419517517}, {"ListeningId": 0, "ParameterID": 10, "Value": 50.037689208984375}, {"ListeningId": 0, "ParameterID": 11, "Value": 50.037689208984375}, {"ListeningId": 0, "ParameterID": 12, "Value": 50.037689208984375}, {"ListeningId": 0, "ParameterID": 32, "Value": 6587.23486328125}]}, {"ListeningId": 0, "MeterId": 6, "Timestamp": 1632425400, "listeningvalues": [{"ListeningId": 0, "ParameterID": 1, "Value": 231.58314514160156}, {"ListeningId": 0, "ParameterID": 2, "Value": 231.74017333984375}, {"ListeningId": 0, "ParameterID": 3, "Value": 229.8453826904297}, {"ListeningId": 0, "ParameterID": 4, "Value": 401.21661376953125}, {"ListeningId": 0, "ParameterID": 5, "Value": 399.8666076660156}, {"ListeningId": 0, "ParameterID": 6, "Value": 399.2996826171875}, {"ListeningId": 0, "ParameterID": 7, "Value": 2.6752572059631348}, {"ListeningId": 0, "ParameterID": 8, "Value": 2.0282299518585205}, {"ListeningId": 0, "ParameterID": 9, "Value": 2.844010353088379}, {"ListeningId": 0, "ParameterID": 17, "Value": 612.8911743164062}, {"ListeningId": 0, "ParameterID": 18, "Value": 463.3287048339844}, {"ListeningId": 0, "ParameterID": 19, "Value": 624.8810424804688}, {"ListeningId": 0, "ParameterID": 20, "Value": 1703.110107421875}, {"ListeningId": 0, "ParameterID": 21, "Value": 620.1500244140625}, {"ListeningId": 0, "ParameterID": 22, "Value": 470.3965148925781}, {"ListeningId": 0, "ParameterID": 23, "Value": 654.3417358398438}, {"ListeningId": 0, "ParameterID": 24, "Value": 1744.493896484375}, {"ListeningId": 0, "ParameterID": 25, "Value": 94.1820297241211}, {"ListeningId": 0, "ParameterID": 26, "Value": 77.3668441772461}, {"ListeningId": 0, "ParameterID": 27, "Value": 191.0775146484375}, {"ListeningId": 0, "ParameterID": 28, "Value": 363.01373291015625}, {"ListeningId": 0, "ParameterID": 13, "Value": 0.967494547367096}, {"ListeningId": 0, "ParameterID": 14, "Value": 1.0}, {"ListeningId": 0, "ParameterID": 15, "Value": 0.9479445815086365}, {"ListeningId": 0, "ParameterID": 16, "Value": 0.9718130230903625}, {"ListeningId": 0, "ParameterID": 10, "Value": 50.037689208984375}, {"ListeningId": 0, "ParameterID": 11, "Value": 50.037689208984375}, {"ListeningId": 0, "ParameterID": 12, "Value": 50.037689208984375}, {"ListeningId": 0, "ParameterID": 32, "Value": 6588.37841796875}]}, {"ListeningId": 0, "MeterId": 7, "Timestamp": 1632425400, "listeningvalues": [{"ListeningId": 0, "ParameterID": 1, "Value": 231.08738708496094}, {"ListeningId": 0, "ParameterID": 2, "Value": 232.48782348632812}, {"ListeningId": 0, "ParameterID": 3, "Value": 230.16648864746094}, {"ListeningId": 0, "ParameterID": 4, "Value": 401.7874450683594}, {"ListeningId": 0, "ParameterID": 5, "Value": 400.779296875}, {"ListeningId": 0, "ParameterID": 6, "Value": 399.5712585449219}, {"ListeningId": 0, "ParameterID": 7, "Value": 2.307813882827759}, {"ListeningId": 0, "ParameterID": 8, "Value": 1.9505560398101807}, {"ListeningId": 0, "ParameterID": 9, "Value": 2.990933656692505}, {"ListeningId": 0, "ParameterID": 17, "Value": 516.2896728515625}, {"ListeningId": 0, "ParameterID": 18, "Value": 448.9320373535156}, {"ListeningId": 0, "ParameterID": 19, "Value": 673.0052490234375}, {"ListeningId": 0, "ParameterID": 20, "Value": 1638.2269287109375}, {"ListeningId": 0, "ParameterID": 21, "Value": 533.3067016601562}, {"ListeningId": 0, "ParameterID": 22, "Value": 453.48052978515625}, {"ListeningId": 0, "ParameterID": 23, "Value": 688.4127197265625}, {"ListeningId": 0, "ParameterID": 24, "Value": 1675.199951171875}, {"ListeningId": 0, "ParameterID": 25, "Value": 133.64505004882812}, {"ListeningId": 0, "ParameterID": 26, "Value": 64.06734466552734}, {"ListeningId": 0, "ParameterID": 27, "Value": 144.8309326171875}, {"ListeningId": 0, "ParameterID": 28, "Value": 342.5433349609375}, {"ListeningId": 0, "ParameterID": 13, "Value": 0.9680914878845215}, {"ListeningId": 0, "ParameterID": 14, "Value": 0.989969789981842}, {"ListeningId": 0, "ParameterID": 15, "Value": 0.9776188135147095}, {"ListeningId": 0, "ParameterID": 16, "Value": 0.9785599708557129}, {"ListeningId": 0, "ParameterID": 10, "Value": 50.12486267089844}, {"ListeningId": 0, "ParameterID": 11, "Value": 50.12486267089844}, {"ListeningId": 0, "ParameterID": 12, "Value": 50.12486267089844}, {"ListeningId": 0, "ParameterID": 32, "Value": 6591.37744140625}]}, {"ListeningId": 0, "MeterId": 8, "Timestamp": 1632425400, "listeningvalues": [{"ListeningId": 0, "ParameterID": 1, "Value": 231.20388793945312}, {"ListeningId": 0, "ParameterID": 2, "Value": 232.33267211914062}, {"ListeningId": 0, "ParameterID": 3, "Value": 230.13650512695312}, {"ListeningId": 0, "ParameterID": 4, "Value": 401.11053466796875}, {"ListeningId": 0, "ParameterID": 5, "Value": 400.6326904296875}, {"ListeningId": 0, "ParameterID": 6, "Value": 399.2106628417969}, {"ListeningId": 0, "ParameterID": 7, "Value": 2.309004306793213}, {"ListeningId": 0, "ParameterID": 8, "Value": 1.9505507946014404}, {"ListeningId": 0, "ParameterID": 9, "Value": 2.9906163215637207}, {"ListeningId": 0, "ParameterID": 17, "Value": 516.1632690429688}, {"ListeningId": 0, "ParameterID": 18, "Value": 448.9805908203125}, {"ListeningId": 0, "ParameterID": 19, "Value": 672.6901245117188}, {"ListeningId": 0, "ParameterID": 20, "Value": 1637.8116455078125}, {"ListeningId": 0, "ParameterID": 21, "Value": 533.52392578125}, {"ListeningId": 0, "ParameterID": 22, "Value": 453.270751953125}, {"ListeningId": 0, "ParameterID": 23, "Value": 688.9564819335938}, {"ListeningId": 0, "ParameterID": 24, "Value": 1676.8333740234375}, {"ListeningId": 0, "ParameterID": 25, "Value": 133.71734619140625}, {"ListeningId": 0, "ParameterID": 26, "Value": 64.06377410888672}, {"ListeningId": 0, "ParameterID": 27, "Value": 144.8453826904297}, {"ListeningId": 0, "ParameterID": 28, "Value": 342.3190612792969}, {"ListeningId": 0, "ParameterID": 13, "Value": 0.993761420249939}, {"ListeningId": 0, "ParameterID": 14, "Value": 1.0}, {"ListeningId": 0, "ParameterID": 15, "Value": 0.9575295448303223}, {"ListeningId": 0, "ParameterID": 16, "Value": 0.9837636947631836}, {"ListeningId": 0, "ParameterID": 10, "Value": 50.12486267089844}, {"ListeningId": 0, "ParameterID": 11, "Value": 50.12486267089844}, {"ListeningId": 0, "ParameterID": 12, "Value": 50.12486267089844}, {"ListeningId": 0, "ParameterID": 32, "Value": 6591.83349609375}]}, {"ListeningId": 0, "MeterId": 9, "Timestamp": 1632425400, "listeningvalues": [{"ListeningId": 0, "ParameterID": 1, "Value": 231.66358947753906}, {"ListeningId": 0, "ParameterID": 2, "Value": 232.1236572265625}, {"ListeningId": 0, "ParameterID": 3, "Value": 229.9003448486328}, {"ListeningId": 0, "ParameterID": 4, "Value": 401.7352600097656}, {"ListeningId": 0, "ParameterID": 5, "Value": 400.2985534667969}, {"ListeningId": 0, "ParameterID": 6, "Value": 399.5972595214844}, {"ListeningId": 0, "ParameterID": 7, "Value": 2.4989802837371826}, {"ListeningId": 0, "ParameterID": 8, "Value": 2.007795572280884}, {"ListeningId": 0, "ParameterID": 9, "Value": 2.8133978843688965}, {"ListeningId": 0, "ParameterID": 17, "Value": 559.1002197265625}, {"ListeningId": 0, "ParameterID": 18, "Value": 465.9773254394531}, {"ListeningId": 0, "ParameterID": 19, "Value": 627.106201171875}, {"ListeningId": 0, "ParameterID": 20, "Value": 1650.968994140625}, {"ListeningId": 0, "ParameterID": 21, "Value": 578.84326171875}, {"ListeningId": 0, "ParameterID": 22, "Value": 465.88330078125}, {"ListeningId": 0, "ParameterID": 23, "Value": 647.2242431640625}, {"ListeningId": 0, "ParameterID": 24, "Value": 1689.5255126953125}, {"ListeningId": 0, "ParameterID": 25, "Value": 148.24671936035156}, {"ListeningId": 0, "ParameterID": 26, "Value": 0.0}, {"ListeningId": 0, "ParameterID": 27, "Value": 161.00100708007812}, {"ListeningId": 0, "ParameterID": 28, "Value": 309.0921630859375}, {"ListeningId": 0, "ParameterID": 13, "Value": 0.9575261473655701}, {"ListeningId": 0, "ParameterID": 14, "Value": 0.9988670349121094}, {"ListeningId": 0, "ParameterID": 15, "Value": 0.9536728262901306}, {"ListeningId": 0, "ParameterID": 16, "Value": 0.9700220227241516}, {"ListeningId": 0, "ParameterID": 10, "Value": 50.12486267089844}, {"ListeningId": 0, "ParameterID": 11, "Value": 50.12486267089844}, {"ListeningId": 0, "ParameterID": 12, "Value": 50.12486267089844}, {"ListeningId": 0, "ParameterID": 32, "Value": 6594.7509765625}]}, {"ListeningId": 0, "MeterId": 10, "Timestamp": 1632425400, "listeningvalues": [{"ListeningId": 0, "ParameterID": 1, "Value": 231.71461486816406}, {"ListeningId": 0, "ParameterID": 2, "Value": 232.46755981445312}, {"ListeningId": 0, "ParameterID": 3, "Value": 230.425048828125}, {"ListeningId": 0, "ParameterID": 4, "Value": 401.9591064453125}, {"ListeningId": 0, "ParameterID": 5, "Value": 400.9000244140625}, {"ListeningId": 0, "ParameterID": 6, "Value": 400.4966735839844}, {"ListeningId": 0, "ParameterID": 7, "Value": 2.6620285511016846}, {"ListeningId": 0, "ParameterID": 8, "Value": 1.8583027124404907}, {"ListeningId": 0, "ParameterID": 9, "Value": 3.1101231575012207}, {"ListeningId": 0, "ParameterID": 17, "Value": 607.3857421875}, {"ListeningId": 0, "ParameterID": 18, "Value": 431.5814514160156}, {"ListeningId": 0, "ParameterID": 19, "Value": 680.8682861328125}, {"ListeningId": 0, "ParameterID": 20, "Value": 1719.1824951171875}, {"ListeningId": 0, "ParameterID": 21, "Value": 615.6637573242188}, {"ListeningId": 0, "ParameterID": 22, "Value": 431.29986572265625}, {"ListeningId": 0, "ParameterID": 23, "Value": 716.73193359375}, {"ListeningId": 0, "ParameterID": 24, "Value": 1763.82421875}, {"ListeningId": 0, "ParameterID": 25, "Value": 105.04608917236328}, {"ListeningId": 0, "ParameterID": 26, "Value": 0.0}, {"ListeningId": 0, "ParameterID": 27, "Value": 223.48451232910156}, {"ListeningId": 0, "ParameterID": 28, "Value": 328.5315856933594}, {"ListeningId": 0, "ParameterID": 13, "Value": 0.9713361263275146}, {"ListeningId": 0, "ParameterID": 14, "Value": 1.0}, {"ListeningId": 0, "ParameterID": 15, "Value": 0.9487884044647217}, {"ListeningId": 0, "ParameterID": 16, "Value": 0.9733748435974121}, {"ListeningId": 0, "ParameterID": 10, "Value": 50.12486267089844}, {"ListeningId": 0, "ParameterID": 11, "Value": 50.12486267089844}, {"ListeningId": 0, "ParameterID": 12, "Value": 50.12486267089844}, {"ListeningId": 0, "ParameterID": 32, "Value": 8172.7626953125}]}, {"ListeningId": 0, "MeterId": 11, "Timestamp": 1632425400, "listeningvalues": [{"ListeningId": 0, "ParameterID": 1, "Value": 231.24102783203125}, {"ListeningId": 0, "ParameterID": 2, "Value": 231.41627502441406}, {"ListeningId": 0, "ParameterID": 3, "Value": 229.93963623046875}, {"ListeningId": 0, "ParameterID": 4, "Value": 400.6775817871094}, {"ListeningId": 0, "ParameterID": 5, "Value": 399.3906555175781}, {"ListeningId": 0, "ParameterID": 6, "Value": 399.9223327636719}, {"ListeningId": 0, "ParameterID": 7, "Value": 2.557009696960449}, {"ListeningId": 0, "ParameterID": 8, "Value": 2.0850894451141357}, {"ListeningId": 0, "ParameterID": 9, "Value": 2.7330739498138428}, {"ListeningId": 0, "ParameterID": 17, "Value": 572.162353515625}, {"ListeningId": 0, "ParameterID": 18, "Value": 482.6258850097656}, {"ListeningId": 0, "ParameterID": 19, "Value": 600.5682983398438}, {"ListeningId": 0, "ParameterID": 20, "Value": 1655.7939453125}, {"ListeningId": 0, "ParameterID": 21, "Value": 592.2425537109375}, {"ListeningId": 0, "ParameterID": 22, "Value": 482.18048095703125}, {"ListeningId": 0, "ParameterID": 23, "Value": 628.4147338867188}, {"ListeningId": 0, "ParameterID": 24, "Value": 1703.177734375}, {"ListeningId": 0, "ParameterID": 25, "Value": 153.36175537109375}, {"ListeningId": 0, "ParameterID": 26, "Value": 12.706840515136719}, {"ListeningId": 0, "ParameterID": 27, "Value": 184.94822692871094}, {"ListeningId": 0, "ParameterID": 28, "Value": 351.5348205566406}, {"ListeningId": 0, "ParameterID": 13, "Value": 0.9949198961257935}, {"ListeningId": 0, "ParameterID": 14, "Value": 1.0}, {"ListeningId": 0, "ParameterID": 15, "Value": 0.9478568434715271}, {"ListeningId": 0, "ParameterID": 16, "Value": 0.9809255599975586}, {"ListeningId": 0, "ParameterID": 10, "Value": 50.12486267089844}, {"ListeningId": 0, "ParameterID": 11, "Value": 50.12486267089844}, {"ListeningId": 0, "ParameterID": 12, "Value": 50.12486267089844}, {"ListeningId": 0, "ParameterID": 32, "Value": 6584.45263671875}]}, {"ListeningId": 0, "MeterId": 12, "Timestamp": 1632425400, "listeningvalues": [{"ListeningId": 0, "ParameterID": 1, "Value": 230.5743865966797}, {"ListeningId": 0, "ParameterID": 2, "Value": 232.13018798828125}, {"ListeningId": 0, "ParameterID": 3, "Value": 230.57177734375}, {"ListeningId": 0, "ParameterID": 4, "Value": 400.3678894042969}, {"ListeningId": 0, "ParameterID": 5, "Value": 400.6097717285156}, {"ListeningId": 0, "ParameterID": 6, "Value": 399.6175231933594}, {"ListeningId": 0, "ParameterID": 7, "Value": 2.6545522212982178}, {"ListeningId": 0, "ParameterID": 8, "Value": 1.8108673095703125}, {"ListeningId": 0, "ParameterID": 9, "Value": 3.0033771991729736}, {"ListeningId": 0, "ParameterID": 17, "Value": 586.9022216796875}, {"ListeningId": 0, "ParameterID": 18, "Value": 420.3569641113281}, {"ListeningId": 0, "ParameterID": 19, "Value": 684.9334716796875}, {"ListeningId": 0, "ParameterID": 20, "Value": 1692.192626953125}, {"ListeningId": 0, "ParameterID": 21, "Value": 612.07177734375}, {"ListeningId": 0, "ParameterID": 22, "Value": 420.3569641113281}, {"ListeningId": 0, "ParameterID": 23, "Value": 692.4940185546875}, {"ListeningId": 0, "ParameterID": 24, "Value": 1724.9227294921875}, {"ListeningId": 0, "ParameterID": 25, "Value": 173.71717834472656}, {"ListeningId": 0, "ParameterID": 26, "Value": 0.0}, {"ListeningId": 0, "ParameterID": 27, "Value": 102.04946899414062}, {"ListeningId": 0, "ParameterID": 28, "Value": 275.76666259765625}, {"ListeningId": 0, "ParameterID": 13, "Value": 0.9588780999183655}, {"ListeningId": 0, "ParameterID": 14, "Value": 1.0}, {"ListeningId": 0, "ParameterID": 15, "Value": 0.9890821576118469}, {"ListeningId": 0, "ParameterID": 16, "Value": 0.9826533794403076}, {"ListeningId": 0, "ParameterID": 10, "Value": 50.16147232055664}, {"ListeningId": 0, "ParameterID": 11, "Value": 50.16147232055664}, {"ListeningId": 0, "ParameterID": 12, "Value": 50.16147232055664}, {"ListeningId": 0, "ParameterID": 32, "Value": 6583.943359375}]}]