[{"ListeningId": 0, "MeterId": 1, "Timestamp": 1632424920, "listeningvalues": [{"ListeningId": 0, "ParameterID": 1, "Value": 231.01580810546875}, {"ListeningId": 0, "ParameterID": 2, "Value": 232.54981994628906}, {"ListeningId": 0, "ParameterID": 3, "Value": 230.0225830078125}, {"ListeningId": 0, "ParameterID": 4, "Value": 401.4064636230469}, {"ListeningId": 0, "ParameterID": 5, "Value": 400.50665283203125}, {"ListeningId": 0, "ParameterID": 6, "Value": 399.144287109375}, {"ListeningId": 0, "ParameterID": 7, "Value": 2.3610756397247314}, {"ListeningId": 0, "ParameterID": 8, "Value": 1.7676995992660522}, {"ListeningId": 0, "ParameterID": 9, "Value": 2.83722186088562}, {"ListeningId": 0, "ParameterID": 17, "Value": 523.835693359375}, {"ListeningId": 0, "ParameterID": 18, "Value": 411.0782165527344}, {"ListeningId": 0, "ParameterID": 19, "Value": 645.2200317382812}, {"ListeningId": 0, "ParameterID": 20, "Value": 1580.134033203125}, {"ListeningId": 0, "ParameterID": 21, "Value": 545.44580078125}, {"ListeningId": 0, "ParameterID": 22, "Value": 411.0782165527344}, {"ListeningId": 0, "ParameterID": 23, "Value": 652.6251220703125}, {"ListeningId": 0, "ParameterID": 24, "Value": 1609.149169921875}, {"ListeningId": 0, "ParameterID": 25, "Value": 152.0107879638672}, {"ListeningId": 0, "ParameterID": 26, "Value": 0.0}, {"ListeningId": 0, "ParameterID": 27, "Value": 98.03411102294922}, {"ListeningId": 0, "ParameterID": 28, "Value": 250.04489135742188}, {"ListeningId": 0, "ParameterID": 13, "Value": 0.9834011793136597}, {"ListeningId": 0, "ParameterID": 14, "Value": 0.9977622628211975}, {"ListeningId": 0, "ParameterID": 15, "Value": 0.9865934252738953}, {"ListeningId": 0, "ParameterID": 16, "Value": 0.9892523288726807}, {"ListeningId": 0, "ParameterID": 10, "Value": 50.025081634521484}, {"ListeningId": 0, "ParameterID": 11, "Value": 50.025081634521484}, {"ListeningId": 0, "ParameterID": 12, "Value": 50.025081634521484}, {"ListeningId": 0, "ParameterID": 32, "Value": 6363.7490234375}]}, {"ListeningId": 0, "MeterId": 2, "Timestamp": 1632424920, "listeningvalues": [{"ListeningId": 0, "ParameterID": 1, "Value": 230.1856689453125}, {"ListeningId": 0, "ParameterID": 2, "Value": 231.9984588623047}, {"ListeningId": 0, "ParameterID": 3, "Value": 230.93832397460938}, {"ListeningId": 0, "ParameterID": 4, "Value": 400.73565673828125}, {"ListeningId": 0, "ParameterID": 5, "Value": 401.2466735839844}, {"ListeningId": 0, "ParameterID": 6, "Value": 399.2159729003906}, {"ListeningId": 0, "ParameterID": 7, "Value": 2.531534433364868}, {"ListeningId": 0, "ParameterID": 8, "Value": 2.1175639629364014}, {"ListeningId": 0, "ParameterID": 9, "Value": 2.9810385704040527}, {"ListeningId": 0, "ParameterID": 17, "Value": 559.510986328125}, {"ListeningId": 0, "ParameterID": 18, "Value": 491.52545166015625}, {"ListeningId": 0, "ParameterID": 19, "Value": 657.3507080078125}, {"ListeningId": 0, "ParameterID": 20, "Value": 1707.6558837890625}, {"ListeningId": 0, "ParameterID": 21, "Value": 582.9540405273438}, {"ListeningId": 0, "ParameterID": 22, "Value": 491.5501708984375}, {"ListeningId": 0, "ParameterID": 23, "Value": 687.8162841796875}, {"ListeningId": 0, "ParameterID": 24, "Value": 1762.8262939453125}, {"ListeningId": 0, "ParameterID": 25, "Value": 163.01068115234375}, {"ListeningId": 0, "ParameterID": 26, "Value": 0.0}, {"ListeningId": 0, "ParameterID": 27, "Value": 204.8954315185547}, {"ListeningId": 0, "ParameterID": 28, "Value": 367.7974853515625}, {"ListeningId": 0, "ParameterID": 13, "Value": 0.9942771792411804}, {"ListeningId": 0, "ParameterID": 14, "Value": 0.998420238494873}, {"ListeningId": 0, "ParameterID": 15, "Value": 0.9412367343902588}, {"ListeningId": 0, "ParameterID": 16, "Value": 0.9779780507087708}, {"ListeningId": 0, "ParameterID": 10, "Value": 50.025081634521484}, {"ListeningId": 0, "ParameterID": 11, "Value": 50.025081634521484}, {"ListeningId": 0, "ParameterID": 12, "Value": 50.025081634521484}, {"ListeningId": 0, "ParameterID": 32, "Value": 6369.4443359375}]}, {"ListeningId": 0, "MeterId": 3, "Timestamp": 1632424920, "listeningvalues": [{"ListeningId": 0, "ParameterID": 1, "Value": 230.9579620361328}, {"ListeningId": 0, "ParameterID": 2, "Value": 232.33718872070312}, {"ListeningId": 0, "ParameterID": 3, "Value": 230.1477813720703}, {"ListeningId": 0, "ParameterID": 4, "Value": 401.1977844238281}, {"ListeningId": 0, "ParameterID": 5, "Value": 400.0423889160156}, {"ListeningId": 0, "ParameterID": 6, "Value": 399.1222839355469}, {"ListeningId": 0, "ParameterID": 7, "Value": 2.687502861022949}, {"ListeningId": 0, "ParameterID": 8, "Value": 2.1813457012176514}, {"ListeningId": 0, "ParameterID": 9, "Value": 2.7936224937438965}, {"ListeningId": 0, "ParameterID": 17, "Value": 617.0385131835938}, {"ListeningId": 0, "ParameterID": 18, "Value": 506.40631103515625}, {"ListeningId": 0, "ParameterID": 19, "Value": 625.4487915039062}, {"ListeningId": 0, "ParameterID": 20, "Value": 1751.0301513671875}, {"ListeningId": 0, "ParameterID": 21, "Value": 619.0297241210938}, {"ListeningId": 0, "ParameterID": 22, "Value": 506.626708984375}, {"ListeningId": 0, "ParameterID": 23, "Value": 642.7221069335938}, {"ListeningId": 0, "ParameterID": 24, "Value": 1770.0009765625}, {"ListeningId": 0, "ParameterID": 25, "Value": 49.38621520996094}, {"ListeningId": 0, "ParameterID": 26, "Value": 0.0}, {"ListeningId": 0, "ParameterID": 27, "Value": 145.36964416503906}, {"ListeningId": 0, "ParameterID": 28, "Value": 194.82260131835938}, {"ListeningId": 0, "ParameterID": 13, "Value": 0.9906748533248901}, {"ListeningId": 0, "ParameterID": 14, "Value": 0.9890176057815552}, {"ListeningId": 0, "ParameterID": 15, "Value": 0.9822636842727661}, {"ListeningId": 0, "ParameterID": 16, "Value": 0.9873186945915222}, {"ListeningId": 0, "ParameterID": 10, "Value": 50.025081634521484}, {"ListeningId": 0, "ParameterID": 11, "Value": 50.025081634521484}, {"ListeningId": 0, "ParameterID": 12, "Value": 50.025081634521484}, {"ListeningId": 0, "ParameterID": 32, "Value": 6370.69287109375}]}, {"ListeningId": 0, "MeterId": 4, "Timestamp": 1632424920, "listeningvalues": [{"ListeningId": 0, "ParameterID": 1, "Value": 230.98631286621094}, {"ListeningId": 0, "ParameterID": 2, "Value": 232.72073364257812}, {"ListeningId": 0, "ParameterID": 3, "Value": 230.80369567871094}, {"ListeningId": 0, "ParameterID": 4, "Value": 401.8402099609375}, {"ListeningId": 0, "ParameterID": 5, "Value": 401.5334167480469}, {"ListeningId": 0, "ParameterID": 6, "Value": 400.1390075683594}, {"ListeningId": 0, "ParameterID": 7, "Value": 2.3932645320892334}, {"ListeningId": 0, "ParameterID": 8, "Value": 2.014521837234497}, {"ListeningId": 0, "ParameterID": 9, "Value": 2.713097333908081}, {"ListeningId": 0, "ParameterID": 17, "Value": 537.7008666992188}, {"ListeningId": 0, "ParameterID": 18, "Value": 468.8210144042969}, {"ListeningId": 0, "ParameterID": 19, "Value": 612.8291015625}, {"ListeningId": 0, "ParameterID": 20, "Value": 1619.3509521484375}, {"ListeningId": 0, "ParameterID": 21, "Value": 552.8113403320312}, {"ListeningId": 0, "ParameterID": 22, "Value": 468.8210144042969}, {"ListeningId": 0, "ParameterID": 23, "Value": 626.19287109375}, {"ListeningId": 0, "ParameterID": 24, "Value": 1647.8251953125}, {"ListeningId": 0, "ParameterID": 25, "Value": 128.3672637939453}, {"ListeningId": 0, "ParameterID": 26, "Value": 0.0}, {"ListeningId": 0, "ParameterID": 27, "Value": 128.67788696289062}, {"ListeningId": 0, "ParameterID": 28, "Value": 257.045166015625}, {"ListeningId": 0, "ParameterID": 13, "Value": 0.9726661443710327}, {"ListeningId": 0, "ParameterID": 14, "Value": 1.0}, {"ListeningId": 0, "ParameterID": 15, "Value": 0.9786587357521057}, {"ListeningId": 0, "ParameterID": 16, "Value": 0.9837749600410461}, {"ListeningId": 0, "ParameterID": 10, "Value": 50.0861930847168}, {"ListeningId": 0, "ParameterID": 11, "Value": 50.0861930847168}, {"ListeningId": 0, "ParameterID": 12, "Value": 50.0861930847168}, {"ListeningId": 0, "ParameterID": 32, "Value": 6370.00732421875}]}, {"ListeningId": 0, "MeterId": 5, "Timestamp": 1632424920, "listeningvalues": [{"ListeningId": 0, "ParameterID": 1, "Value": 230.44354248046875}, {"ListeningId": 0, "ParameterID": 2, "Value": 231.3484649658203}, {"ListeningId": 0, "ParameterID": 3, "Value": 229.87229919433594}, {"ListeningId": 0, "ParameterID": 4, "Value": 399.9717712402344}, {"ListeningId": 0, "ParameterID": 5, "Value": 398.98907470703125}, {"ListeningId": 0, "ParameterID": 6, "Value": 398.7279052734375}, {"ListeningId": 0, "ParameterID": 7, "Value": 2.6285393238067627}, {"ListeningId": 0, "ParameterID": 8, "Value": 1.7504866123199463}, {"ListeningId": 0, "ParameterID": 9, "Value": 3.000685930252075}, {"ListeningId": 0, "ParameterID": 17, "Value": 580.5160522460938}, {"ListeningId": 0, "ParameterID": 18, "Value": 405.53900146484375}, {"ListeningId": 0, "ParameterID": 19, "Value": 672.134521484375}, {"ListeningId": 0, "ParameterID": 20, "Value": 1657.39697265625}, {"ListeningId": 0, "ParameterID": 21, "Value": 606.2999877929688}, {"ListeningId": 0, "ParameterID": 22, "Value": 405.2811279296875}, {"ListeningId": 0, "ParameterID": 23, "Value": 689.5447387695312}, {"ListeningId": 0, "ParameterID": 24, "Value": 1699.46142578125}, {"ListeningId": 0, "ParameterID": 25, "Value": 172.74549865722656}, {"ListeningId": 0, "ParameterID": 26, "Value": 0.0}, {"ListeningId": 0, "ParameterID": 27, "Value": 157.79090881347656}, {"ListeningId": 0, "ParameterID": 28, "Value": 330.617919921875}, {"ListeningId": 0, "ParameterID": 13, "Value": 0.9585094451904297}, {"ListeningId": 0, "ParameterID": 14, "Value": 1.0}, {"ListeningId": 0, "ParameterID": 15, "Value": 0.9735088348388672}, {"ListeningId": 0, "ParameterID": 16, "Value": 0.9773394465446472}, {"ListeningId": 0, "ParameterID": 10, "Value": 50.0861930847168}, {"ListeningId": 0, "ParameterID": 11, "Value": 50.0861930847168}, {"ListeningId": 0, "ParameterID": 12, "Value": 50.0861930847168}, {"ListeningId": 0, "ParameterID": 32, "Value": 6367.87939453125}]}, {"ListeningId": 0, "MeterId": 6, "Timestamp": 1632424920, "listeningvalues": [{"ListeningId": 0, "ParameterID": 1, "Value": 231.15565490722656}, {"ListeningId": 0, "ParameterID": 2, "Value": 232.5407257080078}, {"ListeningId": 0, "ParameterID": 3, "Value": 230.24462890625}, {"ListeningId": 0, "ParameterID": 4, "Value": 401.58111572265625}, {"ListeningId": 0, "ParameterID": 5, "Value": 401.00701904296875}, {"ListeningId": 0, "ParameterID": 6, "Value": 399.4875793457031}, {"ListeningId": 0, "ParameterID": 7, "Value": 2.382824420928955}, {"ListeningId": 0, "ParameterID": 8, "Value": 1.8571364879608154}, {"ListeningId": 0, "ParameterID": 9, "Value": 3.1186859607696533}, {"ListeningId": 0, "ParameterID": 17, "Value": 527.4664916992188}, {"ListeningId": 0, "ParameterID": 18, "Value": 426.4222412109375}, {"ListeningId": 0, "ParameterID": 19, "Value": 678.4926147460938}, {"ListeningId": 0, "ParameterID": 20, "Value": 1634.123291015625}, {"ListeningId": 0, "ParameterID": 21, "Value": 551.4981689453125}, {"ListeningId": 0, "ParameterID": 22, "Value": 431.5177001953125}, {"ListeningId": 0, "ParameterID": 23, "Value": 718.2869262695312}, {"ListeningId": 0, "ParameterID": 24, "Value": 1701.4794921875}, {"ListeningId": 0, "ParameterID": 25, "Value": 158.70541381835938}, {"ListeningId": 0, "ParameterID": 26, "Value": 68.1589126586914}, {"ListeningId": 0, "ParameterID": 27, "Value": 231.9244384765625}, {"ListeningId": 0, "ParameterID": 28, "Value": 458.19647216796875}, {"ListeningId": 0, "ParameterID": 13, "Value": 0.9819667935371399}, {"ListeningId": 0, "ParameterID": 14, "Value": 1.0}, {"ListeningId": 0, "ParameterID": 15, "Value": 0.9647440314292908}, {"ListeningId": 0, "ParameterID": 16, "Value": 0.982236921787262}, {"ListeningId": 0, "ParameterID": 10, "Value": 50.0861930847168}, {"ListeningId": 0, "ParameterID": 11, "Value": 50.0861930847168}, {"ListeningId": 0, "ParameterID": 12, "Value": 50.0861930847168}, {"ListeningId": 0, "ParameterID": 32, "Value": 6369.46728515625}]}, {"ListeningId": 0, "MeterId": 7, "Timestamp": 1632424920, "listeningvalues": [{"ListeningId": 0, "ParameterID": 1, "Value": 230.82334899902344}, {"ListeningId": 0, "ParameterID": 2, "Value": 232.3415069580078}, {"ListeningId": 0, "ParameterID": 3, "Value": 230.24832153320312}, {"ListeningId": 0, "ParameterID": 4, "Value": 401.1929626464844}, {"ListeningId": 0, "ParameterID": 5, "Value": 400.4652404785156}, {"ListeningId": 0, "ParameterID": 6, "Value": 398.93414306640625}, {"ListeningId": 0, "ParameterID": 7, "Value": 2.713644504547119}, {"ListeningId": 0, "ParameterID": 8, "Value": 2.230567693710327}, {"ListeningId": 0, "ParameterID": 9, "Value": 2.7581701278686523}, {"ListeningId": 0, "ParameterID": 17, "Value": 608.6395874023438}, {"ListeningId": 0, "ParameterID": 18, "Value": 518.2910766601562}, {"ListeningId": 0, "ParameterID": 19, "Value": 608.5380249023438}, {"ListeningId": 0, "ParameterID": 20, "Value": 1735.652587890625}, {"ListeningId": 0, "ParameterID": 21, "Value": 625.9993896484375}, {"ListeningId": 0, "ParameterID": 22, "Value": 517.7787475585938}, {"ListeningId": 0, "ParameterID": 23, "Value": 634.1773681640625}, {"ListeningId": 0, "ParameterID": 24, "Value": 1781.2119140625}, {"ListeningId": 0, "ParameterID": 25, "Value": 146.0615692138672}, {"ListeningId": 0, "ParameterID": 26, "Value": 0.0}, {"ListeningId": 0, "ParameterID": 27, "Value": 181.4352264404297}, {"ListeningId": 0, "ParameterID": 28, "Value": 327.583251953125}, {"ListeningId": 0, "ParameterID": 13, "Value": 0.9834139943122864}, {"ListeningId": 0, "ParameterID": 14, "Value": 1.0}, {"ListeningId": 0, "ParameterID": 15, "Value": 0.9849950671195984}, {"ListeningId": 0, "ParameterID": 16, "Value": 0.9894697070121765}, {"ListeningId": 0, "ParameterID": 10, "Value": 50.0861930847168}, {"ListeningId": 0, "ParameterID": 11, "Value": 50.0861930847168}, {"ListeningId": 0, "ParameterID": 12, "Value": 50.0861930847168}, {"ListeningId": 0, "ParameterID": 32, "Value": 6371.92333984375}]}, {"ListeningId": 0, "MeterId": 8, "Timestamp": 1632424920, "listeningvalues": [{"ListeningId": 0, "ParameterID": 1, "Value": 230.56385803222656}, {"ListeningId": 0, "ParameterID": 2, "Value": 232.30506896972656}, {"ListeningId": 0, "ParameterID": 3, "Value": 230.4461212158203}, {"ListeningId": 0, "ParameterID": 4, "Value": 401.068359375}, {"ListeningId": 0, "ParameterID": 5, "Value": 400.6228332519531}, {"ListeningId": 0, "ParameterID": 6, "Value": 399.3189392089844}, {"ListeningId": 0, "ParameterID": 7, "Value": 2.7140703201293945}, {"ListeningId": 0, "ParameterID": 8, "Value": 2.230018138885498}, {"ListeningId": 0, "ParameterID": 9, "Value": 2.756838798522949}, {"ListeningId": 0, "ParameterID": 17, "Value": 609.298095703125}, {"ListeningId": 0, "ParameterID": 18, "Value": 518.305908203125}, {"ListeningId": 0, "ParameterID": 19, "Value": 607.569580078125}, {"ListeningId": 0, "ParameterID": 20, "Value": 1737.2733154296875}, {"ListeningId": 0, "ParameterID": 21, "Value": 626.708251953125}, {"ListeningId": 0, "ParameterID": 22, "Value": 518.1219482421875}, {"ListeningId": 0, "ParameterID": 23, "Value": 634.2338256835938}, {"ListeningId": 0, "ParameterID": 24, "Value": 1778.241943359375}, {"ListeningId": 0, "ParameterID": 25, "Value": 146.21548461914062}, {"ListeningId": 0, "ParameterID": 26, "Value": 0.0}, {"ListeningId": 0, "ParameterID": 27, "Value": 181.47792053222656}, {"ListeningId": 0, "ParameterID": 28, "Value": 327.7130432128906}, {"ListeningId": 0, "ParameterID": 13, "Value": 0.9834139943122864}, {"ListeningId": 0, "ParameterID": 14, "Value": 1.0}, {"ListeningId": 0, "ParameterID": 15, "Value": 0.9849950671195984}, {"ListeningId": 0, "ParameterID": 16, "Value": 0.9894697070121765}, {"ListeningId": 0, "ParameterID": 10, "Value": 50.0861930847168}, {"ListeningId": 0, "ParameterID": 11, "Value": 50.0861930847168}, {"ListeningId": 0, "ParameterID": 12, "Value": 50.0861930847168}, {"ListeningId": 0, "ParameterID": 32, "Value": 6371.92333984375}]}, {"ListeningId": 0, "MeterId": 9, "Timestamp": 1632424920, "listeningvalues": [{"ListeningId": 0, "ParameterID": 1, "Value": 231.68035888671875}, {"ListeningId": 0, "ParameterID": 2, "Value": 231.9294891357422}, {"ListeningId": 0, "ParameterID": 3, "Value": 230.44725036621094}, {"ListeningId": 0, "ParameterID": 4, "Value": 401.4104309082031}, {"ListeningId": 0, "ParameterID": 5, "Value": 400.63525390625}, {"ListeningId": 0, "ParameterID": 6, "Value": 400.02032470703125}, {"ListeningId": 0, "ParameterID": 7, "Value": 2.4079666137695312}, {"ListeningId": 0, "ParameterID": 8, "Value": 2.183431625366211}, {"ListeningId": 0, "ParameterID": 9, "Value": 2.8622617721557617}, {"ListeningId": 0, "ParameterID": 17, "Value": 539.0263061523438}, {"ListeningId": 0, "ParameterID": 18, "Value": 506.4021911621094}, {"ListeningId": 0, "ParameterID": 19, "Value": 622.8142700195312}, {"ListeningId": 0, "ParameterID": 20, "Value": 1668.24267578125}, {"ListeningId": 0, "ParameterID": 21, "Value": 557.8785400390625}, {"ListeningId": 0, "ParameterID": 22, "Value": 506.4021911621094}, {"ListeningId": 0, "ParameterID": 23, "Value": 659.600341796875}, {"ListeningId": 0, "ParameterID": 24, "Value": 1723.881103515625}, {"ListeningId": 0, "ParameterID": 25, "Value": 143.80238342285156}, {"ListeningId": 0, "ParameterID": 26, "Value": 0.0}, {"ListeningId": 0, "ParameterID": 27, "Value": 217.19805908203125}, {"ListeningId": 0, "ParameterID": 28, "Value": 361.00042724609375}, {"ListeningId": 0, "ParameterID": 13, "Value": 0.9662072658538818}, {"ListeningId": 0, "ParameterID": 14, "Value": 1.0}, {"ListeningId": 0, "ParameterID": 15, "Value": 0.944229781627655}, {"ListeningId": 0, "ParameterID": 16, "Value": 0.9701457023620605}, {"ListeningId": 0, "ParameterID": 10, "Value": 50.08906555175781}, {"ListeningId": 0, "ParameterID": 11, "Value": 50.08906555175781}, {"ListeningId": 0, "ParameterID": 12, "Value": 50.08906555175781}, {"ListeningId": 0, "ParameterID": 32, "Value": 6375.12939453125}]}, {"ListeningId": 0, "MeterId": 10, "Timestamp": 1632424920, "listeningvalues": [{"ListeningId": 0, "ParameterID": 1, "Value": 231.19577026367188}, {"ListeningId": 0, "ParameterID": 2, "Value": 231.93527221679688}, {"ListeningId": 0, "ParameterID": 3, "Value": 230.75326538085938}, {"ListeningId": 0, "ParameterID": 4, "Value": 401.4690856933594}, {"ListeningId": 0, "ParameterID": 5, "Value": 400.4564514160156}, {"ListeningId": 0, "ParameterID": 6, "Value": 400.2029724121094}, {"ListeningId": 0, "ParameterID": 7, "Value": 2.5885372161865234}, {"ListeningId": 0, "ParameterID": 8, "Value": 2.0348105430603027}, {"ListeningId": 0, "ParameterID": 9, "Value": 2.6485257148742676}, {"ListeningId": 0, "ParameterID": 17, "Value": 588.991455078125}, {"ListeningId": 0, "ParameterID": 18, "Value": 471.15875244140625}, {"ListeningId": 0, "ParameterID": 19, "Value": 594.8875122070312}, {"ListeningId": 0, "ParameterID": 20, "Value": 1653.6319580078125}, {"ListeningId": 0, "ParameterID": 21, "Value": 598.5404663085938}, {"ListeningId": 0, "ParameterID": 22, "Value": 472.11004638671875}, {"ListeningId": 0, "ParameterID": 23, "Value": 611.8738403320312}, {"ListeningId": 0, "ParameterID": 24, "Value": 1683.0654296875}, {"ListeningId": 0, "ParameterID": 25, "Value": 109.26110076904297}, {"ListeningId": 0, "ParameterID": 26, "Value": 32.56053924560547}, {"ListeningId": 0, "ParameterID": 27, "Value": 144.60610961914062}, {"ListeningId": 0, "ParameterID": 28, "Value": 286.1480712890625}, {"ListeningId": 0, "ParameterID": 13, "Value": 0.9832277894020081}, {"ListeningId": 0, "ParameterID": 14, "Value": 0.9976181983947754}, {"ListeningId": 0, "ParameterID": 15, "Value": 0.9716548323631287}, {"ListeningId": 0, "ParameterID": 16, "Value": 0.9841669201850891}, {"ListeningId": 0, "ParameterID": 10, "Value": 50.08906555175781}, {"ListeningId": 0, "ParameterID": 11, "Value": 50.08906555175781}, {"ListeningId": 0, "ParameterID": 12, "Value": 50.08906555175781}, {"ListeningId": 0, "ParameterID": 32, "Value": 7953.51708984375}]}, {"ListeningId": 0, "MeterId": 11, "Timestamp": 1632424920, "listeningvalues": [{"ListeningId": 0, "ParameterID": 1, "Value": 230.23675537109375}, {"ListeningId": 0, "ParameterID": 2, "Value": 232.09381103515625}, {"ListeningId": 0, "ParameterID": 3, "Value": 230.91229248046875}, {"ListeningId": 0, "ParameterID": 4, "Value": 400.208984375}, {"ListeningId": 0, "ParameterID": 5, "Value": 401.0649719238281}, {"ListeningId": 0, "ParameterID": 6, "Value": 399.4267272949219}, {"ListeningId": 0, "ParameterID": 7, "Value": 2.598661422729492}, {"ListeningId": 0, "ParameterID": 8, "Value": 1.9760290384292603}, {"ListeningId": 0, "ParameterID": 9, "Value": 2.8510522842407227}, {"ListeningId": 0, "ParameterID": 17, "Value": 587.196044921875}, {"ListeningId": 0, "ParameterID": 18, "Value": 457.81475830078125}, {"ListeningId": 0, "ParameterID": 19, "Value": 647.2130126953125}, {"ListeningId": 0, "ParameterID": 20, "Value": 1693.5230712890625}, {"ListeningId": 0, "ParameterID": 21, "Value": 599.152099609375}, {"ListeningId": 0, "ParameterID": 22, "Value": 457.9907531738281}, {"ListeningId": 0, "ParameterID": 23, "Value": 657.8595581054688}, {"ListeningId": 0, "ParameterID": 24, "Value": 1714.77587890625}, {"ListeningId": 0, "ParameterID": 25, "Value": 117.89556884765625}, {"ListeningId": 0, "ParameterID": 26, "Value": 7.9757585525512695}, {"ListeningId": 0, "ParameterID": 27, "Value": 116.2027816772461}, {"ListeningId": 0, "ParameterID": 28, "Value": 242.00180053710938}, {"ListeningId": 0, "ParameterID": 13, "Value": 0.9695453643798828}, {"ListeningId": 0, "ParameterID": 14, "Value": 1.0}, {"ListeningId": 0, "ParameterID": 15, "Value": 0.9645311832427979}, {"ListeningId": 0, "ParameterID": 16, "Value": 0.978025496006012}, {"ListeningId": 0, "ParameterID": 10, "Value": 50.08906555175781}, {"ListeningId": 0, "ParameterID": 11, "Value": 50.08906555175781}, {"ListeningId": 0, "ParameterID": 12, "Value": 50.08906555175781}, {"ListeningId": 0, "ParameterID": 32, "Value": 6365.13232421875}]}, {"ListeningId": 0, "MeterId": 12, "Timestamp": 1632424920, "listeningvalues": [{"ListeningId": 0, "ParameterID": 1, "Value": 230.8625030517578}, {"ListeningId": 0, "ParameterID": 2, "Value": 231.2890625}, {"ListeningId": 0, "ParameterID": 3, "Value": 230.10379028320312}, {"ListeningId": 0, "ParameterID": 4, "Value": 400.09979248046875}, {"ListeningId": 0, "ParameterID": 5, "Value": 399.6360168457031}, {"ListeningId": 0, "ParameterID": 6, "Value": 398.8907470703125}, {"ListeningId": 0, "ParameterID": 7, "Value": 2.4101481437683105}, {"ListeningId": 0, "ParameterID": 8, "Value": 1.7998645305633545}, {"ListeningId": 0, "ParameterID": 9, "Value": 2.93330454826355}, {"ListeningId": 0, "ParameterID": 17, "Value": 538.1625366210938}, {"ListeningId": 0, "ParameterID": 18, "Value": 416.5262451171875}, {"ListeningId": 0, "ParameterID": 19, "Value": 644.3729248046875}, {"ListeningId": 0, "ParameterID": 20, "Value": 1600.7978515625}, {"ListeningId": 0, "ParameterID": 21, "Value": 556.72705078125}, {"ListeningId": 0, "ParameterID": 22, "Value": 416.90924072265625}, {"ListeningId": 0, "ParameterID": 23, "Value": 674.9258422851562}, {"ListeningId": 0, "ParameterID": 24, "Value": 1648.24365234375}, {"ListeningId": 0, "ParameterID": 25, "Value": 142.1171875}, {"ListeningId": 0, "ParameterID": 26, "Value": 0.0}, {"ListeningId": 0, "ParameterID": 27, "Value": 198.7561492919922}, {"ListeningId": 0, "ParameterID": 28, "Value": 341.2541809082031}, {"ListeningId": 0, "ParameterID": 13, "Value": 0.9645397663116455}, {"ListeningId": 0, "ParameterID": 14, "Value": 1.0}, {"ListeningId": 0, "ParameterID": 15, "Value": 0.9519355893135071}, {"ListeningId": 0, "ParameterID": 16, "Value": 0.9721584320068359}, {"ListeningId": 0, "ParameterID": 10, "Value": 50.08906555175781}, {"ListeningId": 0, "ParameterID": 11, "Value": 50.08906555175781}, {"ListeningId": 0, "ParameterID": 12, "Value": 50.08906555175781}, {"ListeningId": 0, "ParameterID": 32, "Value": 6365.47607421875}]}]