[{"ListeningId": 0, "MeterId": 1, "Timestamp": 1632425880, "listeningvalues": [{"ListeningId": 0, "ParameterID": 1, "Value": 230.76593017578125}, {"ListeningId": 0, "ParameterID": 2, "Value": 231.90379333496094}, {"ListeningId": 0, "ParameterID": 3, "Value": 230.3994903564453}, {"ListeningId": 0, "ParameterID": 4, "Value": 400.4854736328125}, {"ListeningId": 0, "ParameterID": 5, "Value": 400.31280517578125}, {"ListeningId": 0, "ParameterID": 6, "Value": 399.33526611328125}, {"ListeningId": 0, "ParameterID": 7, "Value": 2.6810190677642822}, {"ListeningId": 0, "ParameterID": 8, "Value": 2.176175832748413}, {"ListeningId": 0, "ParameterID": 9, "Value": 2.692497491836548}, {"ListeningId": 0, "ParameterID": 17, "Value": 609.0025634765625}, {"ListeningId": 0, "ParameterID": 18, "Value": 502.01092529296875}, {"ListeningId": 0, "ParameterID": 19, "Value": 583.9852294921875}, {"ListeningId": 0, "ParameterID": 20, "Value": 1694.9986572265625}, {"ListeningId": 0, "ParameterID": 21, "Value": 618.6878662109375}, {"ListeningId": 0, "ParameterID": 22, "Value": 504.6634216308594}, {"ListeningId": 0, "ParameterID": 23, "Value": 620.3500366210938}, {"ListeningId": 0, "ParameterID": 24, "Value": 1743.701416015625}, {"ListeningId": 0, "ParameterID": 25, "Value": 109.04385375976562}, {"ListeningId": 0, "ParameterID": 26, "Value": 51.674007415771484}, {"ListeningId": 0, "ParameterID": 27, "Value": 209.2735137939453}, {"ListeningId": 0, "ParameterID": 28, "Value": 369.99139404296875}, {"ListeningId": 0, "ParameterID": 13, "Value": 0.9843453764915466}, {"ListeningId": 0, "ParameterID": 14, "Value": 0.9947440028190613}, {"ListeningId": 0, "ParameterID": 15, "Value": 0.9413802027702332}, {"ListeningId": 0, "ParameterID": 16, "Value": 0.9734898209571838}, {"ListeningId": 0, "ParameterID": 10, "Value": 50.11656951904297}, {"ListeningId": 0, "ParameterID": 11, "Value": 50.11656951904297}, {"ListeningId": 0, "ParameterID": 12, "Value": 50.11656951904297}, {"ListeningId": 0, "ParameterID": 32, "Value": 6802.8583984375}]}, {"ListeningId": 0, "MeterId": 2, "Timestamp": 1632425880, "listeningvalues": [{"ListeningId": 0, "ParameterID": 1, "Value": 231.2079620361328}, {"ListeningId": 0, "ParameterID": 2, "Value": 231.82559204101562}, {"ListeningId": 0, "ParameterID": 3, "Value": 231.0526580810547}, {"ListeningId": 0, "ParameterID": 4, "Value": 401.3505554199219}, {"ListeningId": 0, "ParameterID": 5, "Value": 401.2305908203125}, {"ListeningId": 0, "ParameterID": 6, "Value": 400.74810791015625}, {"ListeningId": 0, "ParameterID": 7, "Value": 2.6850812435150146}, {"ListeningId": 0, "ParameterID": 8, "Value": 1.832965612411499}, {"ListeningId": 0, "ParameterID": 9, "Value": 2.702057361602783}, {"ListeningId": 0, "ParameterID": 17, "Value": 601.4365844726562}, {"ListeningId": 0, "ParameterID": 18, "Value": 421.646728515625}, {"ListeningId": 0, "ParameterID": 19, "Value": 605.2599487304688}, {"ListeningId": 0, "ParameterID": 20, "Value": 1627.2340087890625}, {"ListeningId": 0, "ParameterID": 21, "Value": 621.6868896484375}, {"ListeningId": 0, "ParameterID": 22, "Value": 425.1104736328125}, {"ListeningId": 0, "ParameterID": 23, "Value": 624.83154296875}, {"ListeningId": 0, "ParameterID": 24, "Value": 1671.324951171875}, {"ListeningId": 0, "ParameterID": 25, "Value": 155.17686462402344}, {"ListeningId": 0, "ParameterID": 26, "Value": 51.03171157836914}, {"ListeningId": 0, "ParameterID": 27, "Value": 157.07496643066406}, {"ListeningId": 0, "ParameterID": 28, "Value": 363.7073669433594}, {"ListeningId": 0, "ParameterID": 13, "Value": 0.9923197627067566}, {"ListeningId": 0, "ParameterID": 14, "Value": 1.0}, {"ListeningId": 0, "ParameterID": 15, "Value": 0.9587029814720154}, {"ListeningId": 0, "ParameterID": 16, "Value": 0.9836742877960205}, {"ListeningId": 0, "ParameterID": 10, "Value": 50.11656951904297}, {"ListeningId": 0, "ParameterID": 11, "Value": 50.11656951904297}, {"ListeningId": 0, "ParameterID": 12, "Value": 50.11656951904297}, {"ListeningId": 0, "ParameterID": 32, "Value": 6808.3251953125}]}, {"ListeningId": 0, "MeterId": 3, "Timestamp": 1632425880, "listeningvalues": [{"ListeningId": 0, "ParameterID": 1, "Value": 230.7632293701172}, {"ListeningId": 0, "ParameterID": 2, "Value": 231.533203125}, {"ListeningId": 0, "ParameterID": 3, "Value": 230.49998474121094}, {"ListeningId": 0, "ParameterID": 4, "Value": 399.9469909667969}, {"ListeningId": 0, "ParameterID": 5, "Value": 399.7355041503906}, {"ListeningId": 0, "ParameterID": 6, "Value": 399.40374755859375}, {"ListeningId": 0, "ParameterID": 7, "Value": 2.251678705215454}, {"ListeningId": 0, "ParameterID": 8, "Value": 2.1338353157043457}, {"ListeningId": 0, "ParameterID": 9, "Value": 2.6480700969696045}, {"ListeningId": 0, "ParameterID": 17, "Value": 505.9174499511719}, {"ListeningId": 0, "ParameterID": 18, "Value": 493.7670593261719}, {"ListeningId": 0, "ParameterID": 19, "Value": 579.787841796875}, {"ListeningId": 0, "ParameterID": 20, "Value": 1578.8819580078125}, {"ListeningId": 0, "ParameterID": 21, "Value": 518.5391845703125}, {"ListeningId": 0, "ParameterID": 22, "Value": 493.4209289550781}, {"ListeningId": 0, "ParameterID": 23, "Value": 610.6488647460938}, {"ListeningId": 0, "ParameterID": 24, "Value": 1622.2313232421875}, {"ListeningId": 0, "ParameterID": 25, "Value": 114.53043365478516}, {"ListeningId": 0, "ParameterID": 26, "Value": 0.0}, {"ListeningId": 0, "ParameterID": 27, "Value": 190.06158447265625}, {"ListeningId": 0, "ParameterID": 28, "Value": 304.7597961425781}, {"ListeningId": 0, "ParameterID": 13, "Value": 0.9960179328918457}, {"ListeningId": 0, "ParameterID": 14, "Value": 0.9869088530540466}, {"ListeningId": 0, "ParameterID": 15, "Value": 0.9525192379951477}, {"ListeningId": 0, "ParameterID": 16, "Value": 0.9784820079803467}, {"ListeningId": 0, "ParameterID": 10, "Value": 50.11656951904297}, {"ListeningId": 0, "ParameterID": 11, "Value": 50.11656951904297}, {"ListeningId": 0, "ParameterID": 12, "Value": 50.11656951904297}, {"ListeningId": 0, "ParameterID": 32, "Value": 6809.6728515625}]}, {"ListeningId": 0, "MeterId": 4, "Timestamp": 1632425880, "listeningvalues": [{"ListeningId": 0, "ParameterID": 1, "Value": 231.05633544921875}, {"ListeningId": 0, "ParameterID": 2, "Value": 231.9705352783203}, {"ListeningId": 0, "ParameterID": 3, "Value": 230.9611358642578}, {"ListeningId": 0, "ParameterID": 4, "Value": 401.4676818847656}, {"ListeningId": 0, "ParameterID": 5, "Value": 400.94964599609375}, {"ListeningId": 0, "ParameterID": 6, "Value": 400.5286560058594}, {"ListeningId": 0, "ParameterID": 7, "Value": 2.474332094192505}, {"ListeningId": 0, "ParameterID": 8, "Value": 1.9424021244049072}, {"ListeningId": 0, "ParameterID": 9, "Value": 3.033827304840088}, {"ListeningId": 0, "ParameterID": 17, "Value": 554.9523315429688}, {"ListeningId": 0, "ParameterID": 18, "Value": 450.72491455078125}, {"ListeningId": 0, "ParameterID": 19, "Value": 683.0115966796875}, {"ListeningId": 0, "ParameterID": 20, "Value": 1689.12841796875}, {"ListeningId": 0, "ParameterID": 21, "Value": 571.09326171875}, {"ListeningId": 0, "ParameterID": 22, "Value": 451.1912536621094}, {"ListeningId": 0, "ParameterID": 23, "Value": 701.20556640625}, {"ListeningId": 0, "ParameterID": 24, "Value": 1722.2293701171875}, {"ListeningId": 0, "ParameterID": 25, "Value": 137.391845703125}, {"ListeningId": 0, "ParameterID": 26, "Value": 0.0}, {"ListeningId": 0, "ParameterID": 27, "Value": 156.6509246826172}, {"ListeningId": 0, "ParameterID": 28, "Value": 294.1183776855469}, {"ListeningId": 0, "ParameterID": 13, "Value": 0.9632452130317688}, {"ListeningId": 0, "ParameterID": 14, "Value": 1.0}, {"ListeningId": 0, "ParameterID": 15, "Value": 0.9712436199188232}, {"ListeningId": 0, "ParameterID": 16, "Value": 0.978162944316864}, {"ListeningId": 0, "ParameterID": 10, "Value": 50.11656951904297}, {"ListeningId": 0, "ParameterID": 11, "Value": 50.11656951904297}, {"ListeningId": 0, "ParameterID": 12, "Value": 50.11656951904297}, {"ListeningId": 0, "ParameterID": 32, "Value": 6808.9521484375}]}, {"ListeningId": 0, "MeterId": 5, "Timestamp": 1632425880, "listeningvalues": [{"ListeningId": 0, "ParameterID": 1, "Value": 231.35702514648438}, {"ListeningId": 0, "ParameterID": 2, "Value": 232.6643524169922}, {"ListeningId": 0, "ParameterID": 3, "Value": 229.99099731445312}, {"ListeningId": 0, "ParameterID": 4, "Value": 401.7320861816406}, {"ListeningId": 0, "ParameterID": 5, "Value": 400.38629150390625}, {"ListeningId": 0, "ParameterID": 6, "Value": 399.4444580078125}, {"ListeningId": 0, "ParameterID": 7, "Value": 2.7102935314178467}, {"ListeningId": 0, "ParameterID": 8, "Value": 1.9100052118301392}, {"ListeningId": 0, "ParameterID": 9, "Value": 2.863924980163574}, {"ListeningId": 0, "ParameterID": 17, "Value": 611.6710205078125}, {"ListeningId": 0, "ParameterID": 18, "Value": 442.4428405761719}, {"ListeningId": 0, "ParameterID": 19, "Value": 637.8839111328125}, {"ListeningId": 0, "ParameterID": 20, "Value": 1691.997802734375}, {"ListeningId": 0, "ParameterID": 21, "Value": 627.0454711914062}, {"ListeningId": 0, "ParameterID": 22, "Value": 444.39013671875}, {"ListeningId": 0, "ParameterID": 23, "Value": 658.6769409179688}, {"ListeningId": 0, "ParameterID": 24, "Value": 1730.112548828125}, {"ListeningId": 0, "ParameterID": 25, "Value": 138.0021514892578}, {"ListeningId": 0, "ParameterID": 26, "Value": 41.55624771118164}, {"ListeningId": 0, "ParameterID": 27, "Value": 164.19329833984375}, {"ListeningId": 0, "ParameterID": 28, "Value": 343.751708984375}, {"ListeningId": 0, "ParameterID": 13, "Value": 0.9754810929298401}, {"ListeningId": 0, "ParameterID": 14, "Value": 0.9956180453300476}, {"ListeningId": 0, "ParameterID": 15, "Value": 0.9684321284294128}, {"ListeningId": 0, "ParameterID": 16, "Value": 0.97984379529953}, {"ListeningId": 0, "ParameterID": 10, "Value": 50.119937896728516}, {"ListeningId": 0, "ParameterID": 11, "Value": 50.119937896728516}, {"ListeningId": 0, "ParameterID": 12, "Value": 50.119937896728516}, {"ListeningId": 0, "ParameterID": 32, "Value": 6807.44677734375}]}, {"ListeningId": 0, "MeterId": 6, "Timestamp": 1632425880, "listeningvalues": [{"ListeningId": 0, "ParameterID": 1, "Value": 231.15792846679688}, {"ListeningId": 0, "ParameterID": 2, "Value": 231.873046875}, {"ListeningId": 0, "ParameterID": 3, "Value": 230.3324432373047}, {"ListeningId": 0, "ParameterID": 4, "Value": 400.78533935546875}, {"ListeningId": 0, "ParameterID": 5, "Value": 400.3107604980469}, {"ListeningId": 0, "ParameterID": 6, "Value": 399.7746887207031}, {"ListeningId": 0, "ParameterID": 7, "Value": 2.3481268882751465}, {"ListeningId": 0, "ParameterID": 8, "Value": 1.991582989692688}, {"ListeningId": 0, "ParameterID": 9, "Value": 2.9947597980499268}, {"ListeningId": 0, "ParameterID": 17, "Value": 535.2615356445312}, {"ListeningId": 0, "ParameterID": 18, "Value": 461.9439392089844}, {"ListeningId": 0, "ParameterID": 19, "Value": 651.1860961914062}, {"ListeningId": 0, "ParameterID": 20, "Value": 1647.3837890625}, {"ListeningId": 0, "ParameterID": 21, "Value": 542.2907104492188}, {"ListeningId": 0, "ParameterID": 22, "Value": 461.44866943359375}, {"ListeningId": 0, "ParameterID": 23, "Value": 689.211669921875}, {"ListeningId": 0, "ParameterID": 24, "Value": 1692.7774658203125}, {"ListeningId": 0, "ParameterID": 25, "Value": 92.08648681640625}, {"ListeningId": 0, "ParameterID": 26, "Value": 0.0}, {"ListeningId": 0, "ParameterID": 27, "Value": 226.77340698242188}, {"ListeningId": 0, "ParameterID": 28, "Value": 318.5503234863281}, {"ListeningId": 0, "ParameterID": 13, "Value": 0.985514223575592}, {"ListeningId": 0, "ParameterID": 14, "Value": 1.0}, {"ListeningId": 0, "ParameterID": 15, "Value": 0.9443976283073425}, {"ListeningId": 0, "ParameterID": 16, "Value": 0.9766373038291931}, {"ListeningId": 0, "ParameterID": 10, "Value": 50.119937896728516}, {"ListeningId": 0, "ParameterID": 11, "Value": 50.119937896728516}, {"ListeningId": 0, "ParameterID": 12, "Value": 50.119937896728516}, {"ListeningId": 0, "ParameterID": 32, "Value": 6807.818359375}]}, {"ListeningId": 0, "MeterId": 7, "Timestamp": 1632425880, "listeningvalues": [{"ListeningId": 0, "ParameterID": 1, "Value": 230.90643310546875}, {"ListeningId": 0, "ParameterID": 2, "Value": 232.04722595214844}, {"ListeningId": 0, "ParameterID": 3, "Value": 230.3738250732422}, {"ListeningId": 0, "ParameterID": 4, "Value": 401.2801513671875}, {"ListeningId": 0, "ParameterID": 5, "Value": 400.18206787109375}, {"ListeningId": 0, "ParameterID": 6, "Value": 400.0538024902344}, {"ListeningId": 0, "ParameterID": 7, "Value": 2.615928888320923}, {"ListeningId": 0, "ParameterID": 8, "Value": 1.8807082176208496}, {"ListeningId": 0, "ParameterID": 9, "Value": 2.7903590202331543}, {"ListeningId": 0, "ParameterID": 17, "Value": 600.54345703125}, {"ListeningId": 0, "ParameterID": 18, "Value": 435.7669677734375}, {"ListeningId": 0, "ParameterID": 19, "Value": 634.0013427734375}, {"ListeningId": 0, "ParameterID": 20, "Value": 1669.9312744140625}, {"ListeningId": 0, "ParameterID": 21, "Value": 605.5244140625}, {"ListeningId": 0, "ParameterID": 22, "Value": 436.06866455078125}, {"ListeningId": 0, "ParameterID": 23, "Value": 642.1991577148438}, {"ListeningId": 0, "ParameterID": 24, "Value": 1683.8060302734375}, {"ListeningId": 0, "ParameterID": 25, "Value": 71.57981872558594}, {"ListeningId": 0, "ParameterID": 26, "Value": 0.0}, {"ListeningId": 0, "ParameterID": 27, "Value": 104.24903869628906}, {"ListeningId": 0, "ParameterID": 28, "Value": 175.8773651123047}, {"ListeningId": 0, "ParameterID": 13, "Value": 0.9787557125091553}, {"ListeningId": 0, "ParameterID": 14, "Value": 1.0}, {"ListeningId": 0, "ParameterID": 15, "Value": 0.9522766470909119}, {"ListeningId": 0, "ParameterID": 16, "Value": 0.9770107865333557}, {"ListeningId": 0, "ParameterID": 10, "Value": 50.119937896728516}, {"ListeningId": 0, "ParameterID": 11, "Value": 50.119937896728516}, {"ListeningId": 0, "ParameterID": 12, "Value": 50.119937896728516}, {"ListeningId": 0, "ParameterID": 32, "Value": 6811.40234375}]}, {"ListeningId": 0, "MeterId": 8, "Timestamp": 1632425880, "listeningvalues": [{"ListeningId": 0, "ParameterID": 1, "Value": 230.99417114257812}, {"ListeningId": 0, "ParameterID": 2, "Value": 231.7978973388672}, {"ListeningId": 0, "ParameterID": 3, "Value": 230.49978637695312}, {"ListeningId": 0, "ParameterID": 4, "Value": 400.9497985839844}, {"ListeningId": 0, "ParameterID": 5, "Value": 400.48455810546875}, {"ListeningId": 0, "ParameterID": 6, "Value": 399.4560241699219}, {"ListeningId": 0, "ParameterID": 7, "Value": 2.618216037750244}, {"ListeningId": 0, "ParameterID": 8, "Value": 1.881523847579956}, {"ListeningId": 0, "ParameterID": 9, "Value": 2.7874457836151123}, {"ListeningId": 0, "ParameterID": 17, "Value": 601.0986938476562}, {"ListeningId": 0, "ParameterID": 18, "Value": 436.0911865234375}, {"ListeningId": 0, "ParameterID": 19, "Value": 633.9219360351562}, {"ListeningId": 0, "ParameterID": 20, "Value": 1671.881591796875}, {"ListeningId": 0, "ParameterID": 21, "Value": 604.690185546875}, {"ListeningId": 0, "ParameterID": 22, "Value": 436.00048828125}, {"ListeningId": 0, "ParameterID": 23, "Value": 643.1227416992188}, {"ListeningId": 0, "ParameterID": 24, "Value": 1684.7791748046875}, {"ListeningId": 0, "ParameterID": 25, "Value": 71.51065063476562}, {"ListeningId": 0, "ParameterID": 26, "Value": 0.0}, {"ListeningId": 0, "ParameterID": 27, "Value": 104.25507354736328}, {"ListeningId": 0, "ParameterID": 28, "Value": 175.7675323486328}, {"ListeningId": 0, "ParameterID": 13, "Value": 0.9787557125091553}, {"ListeningId": 0, "ParameterID": 14, "Value": 1.0}, {"ListeningId": 0, "ParameterID": 15, "Value": 0.9522766470909119}, {"ListeningId": 0, "ParameterID": 16, "Value": 0.9770107865333557}, {"ListeningId": 0, "ParameterID": 10, "Value": 50.119937896728516}, {"ListeningId": 0, "ParameterID": 11, "Value": 50.119937896728516}, {"ListeningId": 0, "ParameterID": 12, "Value": 50.119937896728516}, {"ListeningId": 0, "ParameterID": 32, "Value": 6811.40234375}]}, {"ListeningId": 0, "MeterId": 9, "Timestamp": 1632425880, "listeningvalues": [{"ListeningId": 0, "ParameterID": 1, "Value": 231.36929321289062}, {"ListeningId": 0, "ParameterID": 2, "Value": 231.49021911621094}, {"ListeningId": 0, "ParameterID": 3, "Value": 230.3896026611328}, {"ListeningId": 0, "ParameterID": 4, "Value": 401.2912902832031}, {"ListeningId": 0, "ParameterID": 5, "Value": 399.7908630371094}, {"ListeningId": 0, "ParameterID": 6, "Value": 399.79180908203125}, {"ListeningId": 0, "ParameterID": 7, "Value": 2.531790256500244}, {"ListeningId": 0, "ParameterID": 8, "Value": 2.0749013423919678}, {"ListeningId": 0, "ParameterID": 9, "Value": 2.9691097736358643}, {"ListeningId": 0, "ParameterID": 17, "Value": 582.6065673828125}, {"ListeningId": 0, "ParameterID": 18, "Value": 481.36968994140625}, {"ListeningId": 0, "ParameterID": 19, "Value": 651.236083984375}, {"ListeningId": 0, "ParameterID": 20, "Value": 1714.7713623046875}, {"ListeningId": 0, "ParameterID": 21, "Value": 586.290283203125}, {"ListeningId": 0, "ParameterID": 22, "Value": 481.38043212890625}, {"ListeningId": 0, "ParameterID": 23, "Value": 684.4186401367188}, {"ListeningId": 0, "ParameterID": 24, "Value": 1752.921875}, {"ListeningId": 0, "ParameterID": 25, "Value": 63.076393127441406}, {"ListeningId": 0, "ParameterID": 26, "Value": 0.0}, {"ListeningId": 0, "ParameterID": 27, "Value": 211.9810791015625}, {"ListeningId": 0, "ParameterID": 28, "Value": 275.16729736328125}, {"ListeningId": 0, "ParameterID": 13, "Value": 0.9719422459602356}, {"ListeningId": 0, "ParameterID": 14, "Value": 1.0}, {"ListeningId": 0, "ParameterID": 15, "Value": 0.9459143877029419}, {"ListeningId": 0, "ParameterID": 16, "Value": 0.9726188778877258}, {"ListeningId": 0, "ParameterID": 10, "Value": 50.119937896728516}, {"ListeningId": 0, "ParameterID": 11, "Value": 50.119937896728516}, {"ListeningId": 0, "ParameterID": 12, "Value": 50.119937896728516}, {"ListeningId": 0, "ParameterID": 32, "Value": 6813.81591796875}]}, {"ListeningId": 0, "MeterId": 10, "Timestamp": 1632425880, "listeningvalues": [{"ListeningId": 0, "ParameterID": 1, "Value": 230.43844604492188}, {"ListeningId": 0, "ParameterID": 2, "Value": 231.50489807128906}, {"ListeningId": 0, "ParameterID": 3, "Value": 230.27928161621094}, {"ListeningId": 0, "ParameterID": 4, "Value": 400.25830078125}, {"ListeningId": 0, "ParameterID": 5, "Value": 400.3107604980469}, {"ListeningId": 0, "ParameterID": 6, "Value": 399.26959228515625}, {"ListeningId": 0, "ParameterID": 7, "Value": 2.472367286682129}, {"ListeningId": 0, "ParameterID": 8, "Value": 2.13659405708313}, {"ListeningId": 0, "ParameterID": 9, "Value": 3.018765926361084}, {"ListeningId": 0, "ParameterID": 17, "Value": 566.307373046875}, {"ListeningId": 0, "ParameterID": 18, "Value": 494.6319885253906}, {"ListeningId": 0, "ParameterID": 19, "Value": 666.0550537109375}, {"ListeningId": 0, "ParameterID": 20, "Value": 1726.994384765625}, {"ListeningId": 0, "ParameterID": 21, "Value": 569.7284545898438}, {"ListeningId": 0, "ParameterID": 22, "Value": 494.6319885253906}, {"ListeningId": 0, "ParameterID": 23, "Value": 695.1592407226562}, {"ListeningId": 0, "ParameterID": 24, "Value": 1759.519775390625}, {"ListeningId": 0, "ParameterID": 25, "Value": 62.341548919677734}, {"ListeningId": 0, "ParameterID": 26, "Value": 0.0}, {"ListeningId": 0, "ParameterID": 27, "Value": 199.04026794433594}, {"ListeningId": 0, "ParameterID": 28, "Value": 261.3818054199219}, {"ListeningId": 0, "ParameterID": 13, "Value": 0.993995189666748}, {"ListeningId": 0, "ParameterID": 14, "Value": 1.0}, {"ListeningId": 0, "ParameterID": 15, "Value": 0.9581330418586731}, {"ListeningId": 0, "ParameterID": 16, "Value": 0.9840427041053772}, {"ListeningId": 0, "ParameterID": 10, "Value": 50.069068908691406}, {"ListeningId": 0, "ParameterID": 11, "Value": 50.069068908691406}, {"ListeningId": 0, "ParameterID": 12, "Value": 50.069068908691406}, {"ListeningId": 0, "ParameterID": 32, "Value": 8391.548828125}]}, {"ListeningId": 0, "MeterId": 11, "Timestamp": 1632425880, "listeningvalues": [{"ListeningId": 0, "ParameterID": 1, "Value": 231.4723663330078}, {"ListeningId": 0, "ParameterID": 2, "Value": 232.16635131835938}, {"ListeningId": 0, "ParameterID": 3, "Value": 231.08470153808594}, {"ListeningId": 0, "ParameterID": 4, "Value": 401.12353515625}, {"ListeningId": 0, "ParameterID": 5, "Value": 400.97222900390625}, {"ListeningId": 0, "ParameterID": 6, "Value": 400.4873962402344}, {"ListeningId": 0, "ParameterID": 7, "Value": 2.274479389190674}, {"ListeningId": 0, "ParameterID": 8, "Value": 2.112433910369873}, {"ListeningId": 0, "ParameterID": 9, "Value": 2.7805867195129395}, {"ListeningId": 0, "ParameterID": 17, "Value": 510.2870178222656}, {"ListeningId": 0, "ParameterID": 18, "Value": 489.45196533203125}, {"ListeningId": 0, "ParameterID": 19, "Value": 619.3587646484375}, {"ListeningId": 0, "ParameterID": 20, "Value": 1618.283447265625}, {"ListeningId": 0, "ParameterID": 21, "Value": 526.1947631835938}, {"ListeningId": 0, "ParameterID": 22, "Value": 489.55426025390625}, {"ListeningId": 0, "ParameterID": 23, "Value": 642.6297607421875}, {"ListeningId": 0, "ParameterID": 24, "Value": 1657.61962890625}, {"ListeningId": 0, "ParameterID": 25, "Value": 131.3921661376953}, {"ListeningId": 0, "ParameterID": 26, "Value": 0.0}, {"ListeningId": 0, "ParameterID": 27, "Value": 171.03012084960938}, {"ListeningId": 0, "ParameterID": 28, "Value": 302.31219482421875}, {"ListeningId": 0, "ParameterID": 13, "Value": 0.9683856964111328}, {"ListeningId": 0, "ParameterID": 14, "Value": 1.0}, {"ListeningId": 0, "ParameterID": 15, "Value": 0.9638872146606445}, {"ListeningId": 0, "ParameterID": 16, "Value": 0.9774243235588074}, {"ListeningId": 0, "ParameterID": 10, "Value": 50.069068908691406}, {"ListeningId": 0, "ParameterID": 11, "Value": 50.069068908691406}, {"ListeningId": 0, "ParameterID": 12, "Value": 50.069068908691406}, {"ListeningId": 0, "ParameterID": 32, "Value": 6804.041015625}]}, {"ListeningId": 0, "MeterId": 12, "Timestamp": 1632425880, "listeningvalues": [{"ListeningId": 0, "ParameterID": 1, "Value": 231.1961212158203}, {"ListeningId": 0, "ParameterID": 2, "Value": 232.2725067138672}, {"ListeningId": 0, "ParameterID": 3, "Value": 230.83192443847656}, {"ListeningId": 0, "ParameterID": 4, "Value": 401.447509765625}, {"ListeningId": 0, "ParameterID": 5, "Value": 401.07012939453125}, {"ListeningId": 0, "ParameterID": 6, "Value": 399.6247253417969}, {"ListeningId": 0, "ParameterID": 7, "Value": 2.360710382461548}, {"ListeningId": 0, "ParameterID": 8, "Value": 1.9074089527130127}, {"ListeningId": 0, "ParameterID": 9, "Value": 2.7594423294067383}, {"ListeningId": 0, "ParameterID": 17, "Value": 535.8902587890625}, {"ListeningId": 0, "ParameterID": 18, "Value": 442.7233581542969}, {"ListeningId": 0, "ParameterID": 19, "Value": 600.7794189453125}, {"ListeningId": 0, "ParameterID": 20, "Value": 1580.3018798828125}, {"ListeningId": 0, "ParameterID": 21, "Value": 545.837646484375}, {"ListeningId": 0, "ParameterID": 22, "Value": 443.06591796875}, {"ListeningId": 0, "ParameterID": 23, "Value": 635.732666015625}, {"ListeningId": 0, "ParameterID": 24, "Value": 1625.7171630859375}, {"ListeningId": 0, "ParameterID": 25, "Value": 102.63343048095703}, {"ListeningId": 0, "ParameterID": 26, "Value": 0.0}, {"ListeningId": 0, "ParameterID": 27, "Value": 208.63475036621094}, {"ListeningId": 0, "ParameterID": 28, "Value": 310.99066162109375}, {"ListeningId": 0, "ParameterID": 13, "Value": 0.9579796195030212}, {"ListeningId": 0, "ParameterID": 14, "Value": 1.0}, {"ListeningId": 0, "ParameterID": 15, "Value": 0.9461615681648254}, {"ListeningId": 0, "ParameterID": 16, "Value": 0.9680470824241638}, {"ListeningId": 0, "ParameterID": 10, "Value": 50.069068908691406}, {"ListeningId": 0, "ParameterID": 11, "Value": 50.069068908691406}, {"ListeningId": 0, "ParameterID": 12, "Value": 50.069068908691406}, {"ListeningId": 0, "ParameterID": 32, "Value": 6803.123046875}]}]