[{"ListeningId": 0, "MeterId": 1, "Timestamp": 1632424260, "listeningvalues": [{"ListeningId": 0, "ParameterID": 1, "Value": 230.23178100585938}, {"ListeningId": 0, "ParameterID": 2, "Value": 231.44407653808594}, {"ListeningId": 0, "ParameterID": 3, "Value": 230.3185272216797}, {"ListeningId": 0, "ParameterID": 4, "Value": 400.208984375}, {"ListeningId": 0, "ParameterID": 5, "Value": 400.25341796875}, {"ListeningId": 0, "ParameterID": 6, "Value": 398.638916015625}, {"ListeningId": 0, "ParameterID": 7, "Value": 2.241276979446411}, {"ListeningId": 0, "ParameterID": 8, "Value": 2.1082961559295654}, {"ListeningId": 0, "ParameterID": 9, "Value": 2.89137601852417}, {"ListeningId": 0, "ParameterID": 17, "Value": 510.9722900390625}, {"ListeningId": 0, "ParameterID": 18, "Value": 487.9526672363281}, {"ListeningId": 0, "ParameterID": 19, "Value": 637.4535522460938}, {"ListeningId": 0, "ParameterID": 20, "Value": 1636.37841796875}, {"ListeningId": 0, "ParameterID": 21, "Value": 516.01318359375}, {"ListeningId": 0, "ParameterID": 22, "Value": 487.9526672363281}, {"ListeningId": 0, "ParameterID": 23, "Value": 665.9374389648438}, {"ListeningId": 0, "ParameterID": 24, "Value": 1669.9033203125}, {"ListeningId": 0, "ParameterID": 25, "Value": 71.95072174072266}, {"ListeningId": 0, "ParameterID": 26, "Value": 0.0}, {"ListeningId": 0, "ParameterID": 27, "Value": 192.68019104003906}, {"ListeningId": 0, "ParameterID": 28, "Value": 264.63092041015625}, {"ListeningId": 0, "ParameterID": 13, "Value": 0.9639928936958313}, {"ListeningId": 0, "ParameterID": 14, "Value": 1.0}, {"ListeningId": 0, "ParameterID": 15, "Value": 0.9650797247886658}, {"ListeningId": 0, "ParameterID": 16, "Value": 0.9763575196266174}, {"ListeningId": 0, "ParameterID": 10, "Value": 50.11000061035156}, {"ListeningId": 0, "ParameterID": 11, "Value": 50.11000061035156}, {"ListeningId": 0, "ParameterID": 12, "Value": 50.11000061035156}, {"ListeningId": 0, "ParameterID": 32, "Value": 6062.62060546875}]}, {"ListeningId": 0, "MeterId": 2, "Timestamp": 1632424260, "listeningvalues": [{"ListeningId": 0, "ParameterID": 1, "Value": 231.33815002441406}, {"ListeningId": 0, "ParameterID": 2, "Value": 232.341796875}, {"ListeningId": 0, "ParameterID": 3, "Value": 230.99574279785156}, {"ListeningId": 0, "ParameterID": 4, "Value": 401.6844482421875}, {"ListeningId": 0, "ParameterID": 5, "Value": 401.3216247558594}, {"ListeningId": 0, "ParameterID": 6, "Value": 400.796630859375}, {"ListeningId": 0, "ParameterID": 7, "Value": 2.490773916244507}, {"ListeningId": 0, "ParameterID": 8, "Value": 2.208634614944458}, {"ListeningId": 0, "ParameterID": 9, "Value": 2.901278018951416}, {"ListeningId": 0, "ParameterID": 17, "Value": 562.3034057617188}, {"ListeningId": 0, "ParameterID": 18, "Value": 513.524658203125}, {"ListeningId": 0, "ParameterID": 19, "Value": 652.2257690429688}, {"ListeningId": 0, "ParameterID": 20, "Value": 1726.3880615234375}, {"ListeningId": 0, "ParameterID": 21, "Value": 575.7303466796875}, {"ListeningId": 0, "ParameterID": 22, "Value": 512.6281127929688}, {"ListeningId": 0, "ParameterID": 23, "Value": 671.0962524414062}, {"ListeningId": 0, "ParameterID": 24, "Value": 1761.03173828125}, {"ListeningId": 0, "ParameterID": 25, "Value": 123.50385284423828}, {"ListeningId": 0, "ParameterID": 26, "Value": 0.0}, {"ListeningId": 0, "ParameterID": 27, "Value": 159.31137084960938}, {"ListeningId": 0, "ParameterID": 28, "Value": 282.6789245605469}, {"ListeningId": 0, "ParameterID": 13, "Value": 0.975186288356781}, {"ListeningId": 0, "ParameterID": 14, "Value": 0.9969224333763123}, {"ListeningId": 0, "ParameterID": 15, "Value": 0.9520050287246704}, {"ListeningId": 0, "ParameterID": 16, "Value": 0.9747045636177063}, {"ListeningId": 0, "ParameterID": 10, "Value": 50.11000061035156}, {"ListeningId": 0, "ParameterID": 11, "Value": 50.11000061035156}, {"ListeningId": 0, "ParameterID": 12, "Value": 50.11000061035156}, {"ListeningId": 0, "ParameterID": 32, "Value": 6067.90283203125}]}, {"ListeningId": 0, "MeterId": 3, "Timestamp": 1632424260, "listeningvalues": [{"ListeningId": 0, "ParameterID": 1, "Value": 230.92591857910156}, {"ListeningId": 0, "ParameterID": 2, "Value": 231.3756866455078}, {"ListeningId": 0, "ParameterID": 3, "Value": 230.74029541015625}, {"ListeningId": 0, "ParameterID": 4, "Value": 400.2473449707031}, {"ListeningId": 0, "ParameterID": 5, "Value": 400.4313049316406}, {"ListeningId": 0, "ParameterID": 6, "Value": 399.334716796875}, {"ListeningId": 0, "ParameterID": 7, "Value": 2.2736377716064453}, {"ListeningId": 0, "ParameterID": 8, "Value": 2.064823865890503}, {"ListeningId": 0, "ParameterID": 9, "Value": 2.6685287952423096}, {"ListeningId": 0, "ParameterID": 17, "Value": 507.53424072265625}, {"ListeningId": 0, "ParameterID": 18, "Value": 477.5774230957031}, {"ListeningId": 0, "ParameterID": 19, "Value": 579.9724731445312}, {"ListeningId": 0, "ParameterID": 20, "Value": 1565.0726318359375}, {"ListeningId": 0, "ParameterID": 21, "Value": 525.2996215820312}, {"ListeningId": 0, "ParameterID": 22, "Value": 477.3162841796875}, {"ListeningId": 0, "ParameterID": 23, "Value": 615.4578857421875}, {"ListeningId": 0, "ParameterID": 24, "Value": 1620.7034912109375}, {"ListeningId": 0, "ParameterID": 25, "Value": 137.01808166503906}, {"ListeningId": 0, "ParameterID": 26, "Value": 0.0}, {"ListeningId": 0, "ParameterID": 27, "Value": 208.4252166748047}, {"ListeningId": 0, "ParameterID": 28, "Value": 345.511474609375}, {"ListeningId": 0, "ParameterID": 13, "Value": 0.9840304255485535}, {"ListeningId": 0, "ParameterID": 14, "Value": 0.9916653633117676}, {"ListeningId": 0, "ParameterID": 15, "Value": 0.9797322154045105}, {"ListeningId": 0, "ParameterID": 16, "Value": 0.985142707824707}, {"ListeningId": 0, "ParameterID": 10, "Value": 50.11000061035156}, {"ListeningId": 0, "ParameterID": 11, "Value": 50.11000061035156}, {"ListeningId": 0, "ParameterID": 12, "Value": 50.11000061035156}, {"ListeningId": 0, "ParameterID": 32, "Value": 6069.7783203125}]}, {"ListeningId": 0, "MeterId": 4, "Timestamp": 1632424260, "listeningvalues": [{"ListeningId": 0, "ParameterID": 1, "Value": 231.56204223632812}, {"ListeningId": 0, "ParameterID": 2, "Value": 232.63929748535156}, {"ListeningId": 0, "ParameterID": 3, "Value": 230.80996704101562}, {"ListeningId": 0, "ParameterID": 4, "Value": 402.00372314453125}, {"ListeningId": 0, "ParameterID": 5, "Value": 401.32244873046875}, {"ListeningId": 0, "ParameterID": 6, "Value": 400.6749267578125}, {"ListeningId": 0, "ParameterID": 7, "Value": 2.4645087718963623}, {"ListeningId": 0, "ParameterID": 8, "Value": 1.865975260734558}, {"ListeningId": 0, "ParameterID": 9, "Value": 2.8889575004577637}, {"ListeningId": 0, "ParameterID": 17, "Value": 567.1487426757812}, {"ListeningId": 0, "ParameterID": 18, "Value": 428.900390625}, {"ListeningId": 0, "ParameterID": 19, "Value": 658.56982421875}, {"ListeningId": 0, "ParameterID": 20, "Value": 1654.618896484375}, {"ListeningId": 0, "ParameterID": 21, "Value": 570.6867065429688}, {"ListeningId": 0, "ParameterID": 22, "Value": 434.09918212890625}, {"ListeningId": 0, "ParameterID": 23, "Value": 666.8001708984375}, {"ListeningId": 0, "ParameterID": 24, "Value": 1671.5860595703125}, {"ListeningId": 0, "ParameterID": 25, "Value": 63.44781494140625}, {"ListeningId": 0, "ParameterID": 26, "Value": 66.981689453125}, {"ListeningId": 0, "ParameterID": 27, "Value": 104.44256591796875}, {"ListeningId": 0, "ParameterID": 28, "Value": 234.8720703125}, {"ListeningId": 0, "ParameterID": 13, "Value": 0.9938004612922668}, {"ListeningId": 0, "ParameterID": 14, "Value": 0.9880239367485046}, {"ListeningId": 0, "ParameterID": 15, "Value": 0.9876569509506226}, {"ListeningId": 0, "ParameterID": 16, "Value": 0.9898271560668945}, {"ListeningId": 0, "ParameterID": 10, "Value": 50.166988372802734}, {"ListeningId": 0, "ParameterID": 11, "Value": 50.166988372802734}, {"ListeningId": 0, "ParameterID": 12, "Value": 50.166988372802734}, {"ListeningId": 0, "ParameterID": 32, "Value": 6068.60302734375}]}, {"ListeningId": 0, "MeterId": 5, "Timestamp": 1632424260, "listeningvalues": [{"ListeningId": 0, "ParameterID": 1, "Value": 230.57470703125}, {"ListeningId": 0, "ParameterID": 2, "Value": 231.4282989501953}, {"ListeningId": 0, "ParameterID": 3, "Value": 231.2291717529297}, {"ListeningId": 0, "ParameterID": 4, "Value": 400.6021728515625}, {"ListeningId": 0, "ParameterID": 5, "Value": 400.22589111328125}, {"ListeningId": 0, "ParameterID": 6, "Value": 399.72607421875}, {"ListeningId": 0, "ParameterID": 7, "Value": 2.263544797897339}, {"ListeningId": 0, "ParameterID": 8, "Value": 1.7395731210708618}, {"ListeningId": 0, "ParameterID": 9, "Value": 3.0006067752838135}, {"ListeningId": 0, "ParameterID": 17, "Value": 502.6883850097656}, {"ListeningId": 0, "ParameterID": 18, "Value": 402.8746643066406}, {"ListeningId": 0, "ParameterID": 19, "Value": 668.2529907226562}, {"ListeningId": 0, "ParameterID": 20, "Value": 1574.8671875}, {"ListeningId": 0, "ParameterID": 21, "Value": 522.2322387695312}, {"ListeningId": 0, "ParameterID": 22, "Value": 402.4862060546875}, {"ListeningId": 0, "ParameterID": 23, "Value": 694.5191650390625}, {"ListeningId": 0, "ParameterID": 24, "Value": 1618.064453125}, {"ListeningId": 0, "ParameterID": 25, "Value": 141.65101623535156}, {"ListeningId": 0, "ParameterID": 26, "Value": 0.0}, {"ListeningId": 0, "ParameterID": 27, "Value": 186.6901092529297}, {"ListeningId": 0, "ParameterID": 28, "Value": 328.7855529785156}, {"ListeningId": 0, "ParameterID": 13, "Value": 0.9832009673118591}, {"ListeningId": 0, "ParameterID": 14, "Value": 1.0}, {"ListeningId": 0, "ParameterID": 15, "Value": 0.9446921348571777}, {"ListeningId": 0, "ParameterID": 16, "Value": 0.975964367389679}, {"ListeningId": 0, "ParameterID": 10, "Value": 50.166988372802734}, {"ListeningId": 0, "ParameterID": 11, "Value": 50.166988372802734}, {"ListeningId": 0, "ParameterID": 12, "Value": 50.166988372802734}, {"ListeningId": 0, "ParameterID": 32, "Value": 6066.60888671875}]}, {"ListeningId": 0, "MeterId": 6, "Timestamp": 1632424260, "listeningvalues": [{"ListeningId": 0, "ParameterID": 1, "Value": 230.62657165527344}, {"ListeningId": 0, "ParameterID": 2, "Value": 232.5575408935547}, {"ListeningId": 0, "ParameterID": 3, "Value": 230.83055114746094}, {"ListeningId": 0, "ParameterID": 4, "Value": 401.0533142089844}, {"ListeningId": 0, "ParameterID": 5, "Value": 401.31060791015625}, {"ListeningId": 0, "ParameterID": 6, "Value": 400.1673278808594}, {"ListeningId": 0, "ParameterID": 7, "Value": 2.4362494945526123}, {"ListeningId": 0, "ParameterID": 8, "Value": 1.9499458074569702}, {"ListeningId": 0, "ParameterID": 9, "Value": 2.722846031188965}, {"ListeningId": 0, "ParameterID": 17, "Value": 538.5939331054688}, {"ListeningId": 0, "ParameterID": 18, "Value": 448.0940856933594}, {"ListeningId": 0, "ParameterID": 19, "Value": 593.2377319335938}, {"ListeningId": 0, "ParameterID": 20, "Value": 1577.79541015625}, {"ListeningId": 0, "ParameterID": 21, "Value": 561.9498901367188}, {"ListeningId": 0, "ParameterID": 22, "Value": 452.4882507324219}, {"ListeningId": 0, "ParameterID": 23, "Value": 629.64697265625}, {"ListeningId": 0, "ParameterID": 24, "Value": 1645.662841796875}, {"ListeningId": 0, "ParameterID": 25, "Value": 162.81307983398438}, {"ListeningId": 0, "ParameterID": 26, "Value": 66.75282287597656}, {"ListeningId": 0, "ParameterID": 27, "Value": 209.82920837402344}, {"ListeningId": 0, "ParameterID": 28, "Value": 439.5825500488281}, {"ListeningId": 0, "ParameterID": 13, "Value": 0.963041365146637}, {"ListeningId": 0, "ParameterID": 14, "Value": 1.0}, {"ListeningId": 0, "ParameterID": 15, "Value": 0.9634721875190735}, {"ListeningId": 0, "ParameterID": 16, "Value": 0.975504457950592}, {"ListeningId": 0, "ParameterID": 10, "Value": 50.166988372802734}, {"ListeningId": 0, "ParameterID": 11, "Value": 50.166988372802734}, {"ListeningId": 0, "ParameterID": 12, "Value": 50.166988372802734}, {"ListeningId": 0, "ParameterID": 32, "Value": 6067.81591796875}]}, {"ListeningId": 0, "MeterId": 7, "Timestamp": 1632424260, "listeningvalues": [{"ListeningId": 0, "ParameterID": 1, "Value": 230.47857666015625}, {"ListeningId": 0, "ParameterID": 2, "Value": 231.4581298828125}, {"ListeningId": 0, "ParameterID": 3, "Value": 230.5094451904297}, {"ListeningId": 0, "ParameterID": 4, "Value": 399.7995910644531}, {"ListeningId": 0, "ParameterID": 5, "Value": 400.0183410644531}, {"ListeningId": 0, "ParameterID": 6, "Value": 398.89349365234375}, {"ListeningId": 0, "ParameterID": 7, "Value": 2.4206631183624268}, {"ListeningId": 0, "ParameterID": 8, "Value": 1.9454933404922485}, {"ListeningId": 0, "ParameterID": 9, "Value": 2.8199527263641357}, {"ListeningId": 0, "ParameterID": 17, "Value": 537.0007934570312}, {"ListeningId": 0, "ParameterID": 18, "Value": 449.93701171875}, {"ListeningId": 0, "ParameterID": 19, "Value": 636.5005493164062}, {"ListeningId": 0, "ParameterID": 20, "Value": 1622.076904296875}, {"ListeningId": 0, "ParameterID": 21, "Value": 557.7191162109375}, {"ListeningId": 0, "ParameterID": 22, "Value": 450.55938720703125}, {"ListeningId": 0, "ParameterID": 23, "Value": 649.8773803710938}, {"ListeningId": 0, "ParameterID": 24, "Value": 1657.8389892578125}, {"ListeningId": 0, "ParameterID": 25, "Value": 152.62013244628906}, {"ListeningId": 0, "ParameterID": 26, "Value": 30.33932113647461}, {"ListeningId": 0, "ParameterID": 27, "Value": 135.8479461669922}, {"ListeningId": 0, "ParameterID": 28, "Value": 318.6118469238281}, {"ListeningId": 0, "ParameterID": 13, "Value": 0.9620757699012756}, {"ListeningId": 0, "ParameterID": 14, "Value": 1.0}, {"ListeningId": 0, "ParameterID": 15, "Value": 0.9880682229995728}, {"ListeningId": 0, "ParameterID": 16, "Value": 0.9833812713623047}, {"ListeningId": 0, "ParameterID": 10, "Value": 50.166988372802734}, {"ListeningId": 0, "ParameterID": 11, "Value": 50.166988372802734}, {"ListeningId": 0, "ParameterID": 12, "Value": 50.166988372802734}, {"ListeningId": 0, "ParameterID": 32, "Value": 6070.00732421875}]}, {"ListeningId": 0, "MeterId": 8, "Timestamp": 1632424260, "listeningvalues": [{"ListeningId": 0, "ParameterID": 1, "Value": 230.48739624023438}, {"ListeningId": 0, "ParameterID": 2, "Value": 231.46304321289062}, {"ListeningId": 0, "ParameterID": 3, "Value": 230.54031372070312}, {"ListeningId": 0, "ParameterID": 4, "Value": 400.2005920410156}, {"ListeningId": 0, "ParameterID": 5, "Value": 400.161376953125}, {"ListeningId": 0, "ParameterID": 6, "Value": 399.0640563964844}, {"ListeningId": 0, "ParameterID": 7, "Value": 2.4243295192718506}, {"ListeningId": 0, "ParameterID": 8, "Value": 1.9455082416534424}, {"ListeningId": 0, "ParameterID": 9, "Value": 2.8202192783355713}, {"ListeningId": 0, "ParameterID": 17, "Value": 536.6742553710938}, {"ListeningId": 0, "ParameterID": 18, "Value": 449.8379821777344}, {"ListeningId": 0, "ParameterID": 19, "Value": 636.2879028320312}, {"ListeningId": 0, "ParameterID": 20, "Value": 1623.597412109375}, {"ListeningId": 0, "ParameterID": 21, "Value": 558.1950073242188}, {"ListeningId": 0, "ParameterID": 22, "Value": 450.61370849609375}, {"ListeningId": 0, "ParameterID": 23, "Value": 650.7966918945312}, {"ListeningId": 0, "ParameterID": 24, "Value": 1660.448486328125}, {"ListeningId": 0, "ParameterID": 25, "Value": 152.58145141601562}, {"ListeningId": 0, "ParameterID": 26, "Value": 30.30059051513672}, {"ListeningId": 0, "ParameterID": 27, "Value": 135.80563354492188}, {"ListeningId": 0, "ParameterID": 28, "Value": 319.1502990722656}, {"ListeningId": 0, "ParameterID": 13, "Value": 0.9620757699012756}, {"ListeningId": 0, "ParameterID": 14, "Value": 1.0}, {"ListeningId": 0, "ParameterID": 15, "Value": 0.9880682229995728}, {"ListeningId": 0, "ParameterID": 16, "Value": 0.9833812713623047}, {"ListeningId": 0, "ParameterID": 10, "Value": 50.166988372802734}, {"ListeningId": 0, "ParameterID": 11, "Value": 50.166988372802734}, {"ListeningId": 0, "ParameterID": 12, "Value": 50.166988372802734}, {"ListeningId": 0, "ParameterID": 32, "Value": 6070.00732421875}]}, {"ListeningId": 0, "MeterId": 9, "Timestamp": 1632424260, "listeningvalues": [{"ListeningId": 0, "ParameterID": 1, "Value": 230.55868530273438}, {"ListeningId": 0, "ParameterID": 2, "Value": 231.89529418945312}, {"ListeningId": 0, "ParameterID": 3, "Value": 230.9153289794922}, {"ListeningId": 0, "ParameterID": 4, "Value": 400.39788818359375}, {"ListeningId": 0, "ParameterID": 5, "Value": 401.0401306152344}, {"ListeningId": 0, "ParameterID": 6, "Value": 399.9568786621094}, {"ListeningId": 0, "ParameterID": 7, "Value": 2.30550217628479}, {"ListeningId": 0, "ParameterID": 8, "Value": 2.0384252071380615}, {"ListeningId": 0, "ParameterID": 9, "Value": 3.11148738861084}, {"ListeningId": 0, "ParameterID": 17, "Value": 514.9158935546875}, {"ListeningId": 0, "ParameterID": 18, "Value": 472.7012023925781}, {"ListeningId": 0, "ParameterID": 19, "Value": 679.2442626953125}, {"ListeningId": 0, "ParameterID": 20, "Value": 1666.861328125}, {"ListeningId": 0, "ParameterID": 21, "Value": 531.5535278320312}, {"ListeningId": 0, "ParameterID": 22, "Value": 472.7012023925781}, {"ListeningId": 0, "ParameterID": 23, "Value": 718.4901123046875}, {"ListeningId": 0, "ParameterID": 24, "Value": 1722.744873046875}, {"ListeningId": 0, "ParameterID": 25, "Value": 131.94992065429688}, {"ListeningId": 0, "ParameterID": 26, "Value": 0.0}, {"ListeningId": 0, "ParameterID": 27, "Value": 234.21197509765625}, {"ListeningId": 0, "ParameterID": 28, "Value": 366.1618957519531}, {"ListeningId": 0, "ParameterID": 13, "Value": 0.9686999917030334}, {"ListeningId": 0, "ParameterID": 14, "Value": 1.0}, {"ListeningId": 0, "ParameterID": 15, "Value": 0.9453772902488708}, {"ListeningId": 0, "ParameterID": 16, "Value": 0.9713590741157532}, {"ListeningId": 0, "ParameterID": 10, "Value": 50.15884780883789}, {"ListeningId": 0, "ParameterID": 11, "Value": 50.15884780883789}, {"ListeningId": 0, "ParameterID": 12, "Value": 50.15884780883789}, {"ListeningId": 0, "ParameterID": 32, "Value": 6073.91455078125}]}, {"ListeningId": 0, "MeterId": 10, "Timestamp": 1632424260, "listeningvalues": [{"ListeningId": 0, "ParameterID": 1, "Value": 230.7604522705078}, {"ListeningId": 0, "ParameterID": 2, "Value": 232.7925567626953}, {"ListeningId": 0, "ParameterID": 3, "Value": 230.62081909179688}, {"ListeningId": 0, "ParameterID": 4, "Value": 401.4984130859375}, {"ListeningId": 0, "ParameterID": 5, "Value": 401.1826171875}, {"ListeningId": 0, "ParameterID": 6, "Value": 399.7579345703125}, {"ListeningId": 0, "ParameterID": 7, "Value": 2.4494845867156982}, {"ListeningId": 0, "ParameterID": 8, "Value": 1.7607536315917969}, {"ListeningId": 0, "ParameterID": 9, "Value": 2.860743284225464}, {"ListeningId": 0, "ParameterID": 17, "Value": 546.2183227539062}, {"ListeningId": 0, "ParameterID": 18, "Value": 405.91168212890625}, {"ListeningId": 0, "ParameterID": 19, "Value": 633.7428588867188}, {"ListeningId": 0, "ParameterID": 20, "Value": 1585.6561279296875}, {"ListeningId": 0, "ParameterID": 21, "Value": 564.1814575195312}, {"ListeningId": 0, "ParameterID": 22, "Value": 409.820068359375}, {"ListeningId": 0, "ParameterID": 23, "Value": 659.56591796875}, {"ListeningId": 0, "ParameterID": 24, "Value": 1632.9229736328125}, {"ListeningId": 0, "ParameterID": 25, "Value": 143.60707092285156}, {"ListeningId": 0, "ParameterID": 26, "Value": 51.89408493041992}, {"ListeningId": 0, "ParameterID": 27, "Value": 182.79859924316406}, {"ListeningId": 0, "ParameterID": 28, "Value": 377.781005859375}, {"ListeningId": 0, "ParameterID": 13, "Value": 0.9878208041191101}, {"ListeningId": 0, "ParameterID": 14, "Value": 1.0}, {"ListeningId": 0, "ParameterID": 15, "Value": 0.9623628854751587}, {"ListeningId": 0, "ParameterID": 16, "Value": 0.9833946228027344}, {"ListeningId": 0, "ParameterID": 10, "Value": 50.15884780883789}, {"ListeningId": 0, "ParameterID": 11, "Value": 50.15884780883789}, {"ListeningId": 0, "ParameterID": 12, "Value": 50.15884780883789}, {"ListeningId": 0, "ParameterID": 32, "Value": 7652.38818359375}]}, {"ListeningId": 0, "MeterId": 11, "Timestamp": 1632424260, "listeningvalues": [{"ListeningId": 0, "ParameterID": 1, "Value": 231.19891357421875}, {"ListeningId": 0, "ParameterID": 2, "Value": 231.6075897216797}, {"ListeningId": 0, "ParameterID": 3, "Value": 230.47959899902344}, {"ListeningId": 0, "ParameterID": 4, "Value": 400.5695495605469}, {"ListeningId": 0, "ParameterID": 5, "Value": 399.9507141113281}, {"ListeningId": 0, "ParameterID": 6, "Value": 400.16015625}, {"ListeningId": 0, "ParameterID": 7, "Value": 2.2485177516937256}, {"ListeningId": 0, "ParameterID": 8, "Value": 1.8416447639465332}, {"ListeningId": 0, "ParameterID": 9, "Value": 2.7302260398864746}, {"ListeningId": 0, "ParameterID": 17, "Value": 515.4174194335938}, {"ListeningId": 0, "ParameterID": 18, "Value": 422.2127685546875}, {"ListeningId": 0, "ParameterID": 19, "Value": 607.6260986328125}, {"ListeningId": 0, "ParameterID": 20, "Value": 1544.3968505859375}, {"ListeningId": 0, "ParameterID": 21, "Value": 519.944091796875}, {"ListeningId": 0, "ParameterID": 22, "Value": 426.2252502441406}, {"ListeningId": 0, "ParameterID": 23, "Value": 628.667724609375}, {"ListeningId": 0, "ParameterID": 24, "Value": 1576.1163330078125}, {"ListeningId": 0, "ParameterID": 25, "Value": 69.37117767333984}, {"ListeningId": 0, "ParameterID": 26, "Value": 59.4671630859375}, {"ListeningId": 0, "ParameterID": 27, "Value": 158.59786987304688}, {"ListeningId": 0, "ParameterID": 28, "Value": 287.5065612792969}, {"ListeningId": 0, "ParameterID": 13, "Value": 0.9785915017127991}, {"ListeningId": 0, "ParameterID": 14, "Value": 1.0}, {"ListeningId": 0, "ParameterID": 15, "Value": 0.9547905921936035}, {"ListeningId": 0, "ParameterID": 16, "Value": 0.9777939915657043}, {"ListeningId": 0, "ParameterID": 10, "Value": 50.15884780883789}, {"ListeningId": 0, "ParameterID": 11, "Value": 50.15884780883789}, {"ListeningId": 0, "ParameterID": 12, "Value": 50.15884780883789}, {"ListeningId": 0, "ParameterID": 32, "Value": 6064.015625}]}, {"ListeningId": 0, "MeterId": 12, "Timestamp": 1632424260, "listeningvalues": [{"ListeningId": 0, "ParameterID": 1, "Value": 230.52557373046875}, {"ListeningId": 0, "ParameterID": 2, "Value": 231.89842224121094}, {"ListeningId": 0, "ParameterID": 3, "Value": 230.93313598632812}, {"ListeningId": 0, "ParameterID": 4, "Value": 400.58447265625}, {"ListeningId": 0, "ParameterID": 5, "Value": 400.8570556640625}, {"ListeningId": 0, "ParameterID": 6, "Value": 399.71893310546875}, {"ListeningId": 0, "ParameterID": 7, "Value": 2.435004472732544}, {"ListeningId": 0, "ParameterID": 8, "Value": 1.8687127828598022}, {"ListeningId": 0, "ParameterID": 9, "Value": 2.9487831592559814}, {"ListeningId": 0, "ParameterID": 17, "Value": 544.5277709960938}, {"ListeningId": 0, "ParameterID": 18, "Value": 433.38153076171875}, {"ListeningId": 0, "ParameterID": 19, "Value": 664.120361328125}, {"ListeningId": 0, "ParameterID": 20, "Value": 1641.9925537109375}, {"ListeningId": 0, "ParameterID": 21, "Value": 561.1513061523438}, {"ListeningId": 0, "ParameterID": 22, "Value": 433.3426208496094}, {"ListeningId": 0, "ParameterID": 23, "Value": 680.568115234375}, {"ListeningId": 0, "ParameterID": 24, "Value": 1673.9639892578125}, {"ListeningId": 0, "ParameterID": 25, "Value": 136.53150939941406}, {"ListeningId": 0, "ParameterID": 26, "Value": 0.0}, {"ListeningId": 0, "ParameterID": 27, "Value": 150.3374481201172}, {"ListeningId": 0, "ParameterID": 28, "Value": 286.6827087402344}, {"ListeningId": 0, "ParameterID": 13, "Value": 0.9634875059127808}, {"ListeningId": 0, "ParameterID": 14, "Value": 0.9978342652320862}, {"ListeningId": 0, "ParameterID": 15, "Value": 0.9440619349479675}, {"ListeningId": 0, "ParameterID": 16, "Value": 0.968461275100708}, {"ListeningId": 0, "ParameterID": 10, "Value": 50.15884780883789}, {"ListeningId": 0, "ParameterID": 11, "Value": 50.15884780883789}, {"ListeningId": 0, "ParameterID": 12, "Value": 50.15884780883789}, {"ListeningId": 0, "ParameterID": 32, "Value": 6064.15380859375}]}]