[{"ListeningId": 0, "MeterId": 1, "Timestamp": 1632425280, "listeningvalues": [{"ListeningId": 0, "ParameterID": 1, "Value": 231.5365447998047}, {"ListeningId": 0, "ParameterID": 2, "Value": 232.2272491455078}, {"ListeningId": 0, "ParameterID": 3, "Value": 230.9217987060547}, {"ListeningId": 0, "ParameterID": 4, "Value": 401.6324157714844}, {"ListeningId": 0, "ParameterID": 5, "Value": 401.301513671875}, {"ListeningId": 0, "ParameterID": 6, "Value": 400.3631896972656}, {"ListeningId": 0, "ParameterID": 7, "Value": 2.3918607234954834}, {"ListeningId": 0, "ParameterID": 8, "Value": 1.8302539587020874}, {"ListeningId": 0, "ParameterID": 9, "Value": 2.721947431564331}, {"ListeningId": 0, "ParameterID": 17, "Value": 532.2144775390625}, {"ListeningId": 0, "ParameterID": 18, "Value": 425.03485107421875}, {"ListeningId": 0, "ParameterID": 19, "Value": 593.1632080078125}, {"ListeningId": 0, "ParameterID": 20, "Value": 1550.41259765625}, {"ListeningId": 0, "ParameterID": 21, "Value": 553.8031616210938}, {"ListeningId": 0, "ParameterID": 22, "Value": 425.03485107421875}, {"ListeningId": 0, "ParameterID": 23, "Value": 628.5570068359375}, {"ListeningId": 0, "ParameterID": 24, "Value": 1607.39501953125}, {"ListeningId": 0, "ParameterID": 25, "Value": 153.11984252929688}, {"ListeningId": 0, "ParameterID": 26, "Value": 0.0}, {"ListeningId": 0, "ParameterID": 27, "Value": 207.94544982910156}, {"ListeningId": 0, "ParameterID": 28, "Value": 361.0653076171875}, {"ListeningId": 0, "ParameterID": 13, "Value": 0.961017370223999}, {"ListeningId": 0, "ParameterID": 14, "Value": 1.0}, {"ListeningId": 0, "ParameterID": 15, "Value": 0.9436904191970825}, {"ListeningId": 0, "ParameterID": 16, "Value": 0.968235969543457}, {"ListeningId": 0, "ParameterID": 10, "Value": 50.02947235107422}, {"ListeningId": 0, "ParameterID": 11, "Value": 50.02947235107422}, {"ListeningId": 0, "ParameterID": 12, "Value": 50.02947235107422}, {"ListeningId": 0, "ParameterID": 32, "Value": 6528.14794921875}]}, {"ListeningId": 0, "MeterId": 2, "Timestamp": 1632425280, "listeningvalues": [{"ListeningId": 0, "ParameterID": 1, "Value": 230.50973510742188}, {"ListeningId": 0, "ParameterID": 2, "Value": 231.63340759277344}, {"ListeningId": 0, "ParameterID": 3, "Value": 230.31504821777344}, {"ListeningId": 0, "ParameterID": 4, "Value": 400.0474853515625}, {"ListeningId": 0, "ParameterID": 5, "Value": 400.1746520996094}, {"ListeningId": 0, "ParameterID": 6, "Value": 399.01300048828125}, {"ListeningId": 0, "ParameterID": 7, "Value": 2.294713020324707}, {"ListeningId": 0, "ParameterID": 8, "Value": 2.0629141330718994}, {"ListeningId": 0, "ParameterID": 9, "Value": 3.092848062515259}, {"ListeningId": 0, "ParameterID": 17, "Value": 525.2771606445312}, {"ListeningId": 0, "ParameterID": 18, "Value": 477.9237060546875}, {"ListeningId": 0, "ParameterID": 19, "Value": 690.8577270507812}, {"ListeningId": 0, "ParameterID": 20, "Value": 1696.2464599609375}, {"ListeningId": 0, "ParameterID": 21, "Value": 528.973388671875}, {"ListeningId": 0, "ParameterID": 22, "Value": 478.5845031738281}, {"ListeningId": 0, "ParameterID": 23, "Value": 712.148681640625}, {"ListeningId": 0, "ParameterID": 24, "Value": 1719.05322265625}, {"ListeningId": 0, "ParameterID": 25, "Value": 60.205665588378906}, {"ListeningId": 0, "ParameterID": 26, "Value": 0.0}, {"ListeningId": 0, "ParameterID": 27, "Value": 172.1196746826172}, {"ListeningId": 0, "ParameterID": 28, "Value": 232.02499389648438}, {"ListeningId": 0, "ParameterID": 13, "Value": 0.9935026168823242}, {"ListeningId": 0, "ParameterID": 14, "Value": 1.0}, {"ListeningId": 0, "ParameterID": 15, "Value": 0.9704387187957764}, {"ListeningId": 0, "ParameterID": 16, "Value": 0.9879804253578186}, {"ListeningId": 0, "ParameterID": 10, "Value": 50.02947235107422}, {"ListeningId": 0, "ParameterID": 11, "Value": 50.02947235107422}, {"ListeningId": 0, "ParameterID": 12, "Value": 50.02947235107422}, {"ListeningId": 0, "ParameterID": 32, "Value": 6534.28369140625}]}, {"ListeningId": 0, "MeterId": 3, "Timestamp": 1632425280, "listeningvalues": [{"ListeningId": 0, "ParameterID": 1, "Value": 230.2634735107422}, {"ListeningId": 0, "ParameterID": 2, "Value": 231.1199951171875}, {"ListeningId": 0, "ParameterID": 3, "Value": 229.91629028320312}, {"ListeningId": 0, "ParameterID": 4, "Value": 399.9189147949219}, {"ListeningId": 0, "ParameterID": 5, "Value": 399.7042236328125}, {"ListeningId": 0, "ParameterID": 6, "Value": 398.0560302734375}, {"ListeningId": 0, "ParameterID": 7, "Value": 2.5670652389526367}, {"ListeningId": 0, "ParameterID": 8, "Value": 2.0932986736297607}, {"ListeningId": 0, "ParameterID": 9, "Value": 2.805424928665161}, {"ListeningId": 0, "ParameterID": 17, "Value": 575.2142944335938}, {"ListeningId": 0, "ParameterID": 18, "Value": 481.6404113769531}, {"ListeningId": 0, "ParameterID": 19, "Value": 630.813232421875}, {"ListeningId": 0, "ParameterID": 20, "Value": 1687.2802734375}, {"ListeningId": 0, "ParameterID": 21, "Value": 591.03125}, {"ListeningId": 0, "ParameterID": 22, "Value": 484.54766845703125}, {"ListeningId": 0, "ParameterID": 23, "Value": 644.3005981445312}, {"ListeningId": 0, "ParameterID": 24, "Value": 1721.18798828125}, {"ListeningId": 0, "ParameterID": 25, "Value": 135.04891967773438}, {"ListeningId": 0, "ParameterID": 26, "Value": 52.43168640136719}, {"ListeningId": 0, "ParameterID": 27, "Value": 134.82432556152344}, {"ListeningId": 0, "ParameterID": 28, "Value": 321.9595642089844}, {"ListeningId": 0, "ParameterID": 13, "Value": 0.9786232709884644}, {"ListeningId": 0, "ParameterID": 14, "Value": 0.9932284951210022}, {"ListeningId": 0, "ParameterID": 15, "Value": 0.9579400420188904}, {"ListeningId": 0, "ParameterID": 16, "Value": 0.9765973091125488}, {"ListeningId": 0, "ParameterID": 10, "Value": 50.02947235107422}, {"ListeningId": 0, "ParameterID": 11, "Value": 50.02947235107422}, {"ListeningId": 0, "ParameterID": 12, "Value": 50.02947235107422}, {"ListeningId": 0, "ParameterID": 32, "Value": 6535.66845703125}]}, {"ListeningId": 0, "MeterId": 4, "Timestamp": 1632425280, "listeningvalues": [{"ListeningId": 0, "ParameterID": 1, "Value": 230.90850830078125}, {"ListeningId": 0, "ParameterID": 2, "Value": 231.28810119628906}, {"ListeningId": 0, "ParameterID": 3, "Value": 230.74588012695312}, {"ListeningId": 0, "ParameterID": 4, "Value": 399.947265625}, {"ListeningId": 0, "ParameterID": 5, "Value": 400.6177673339844}, {"ListeningId": 0, "ParameterID": 6, "Value": 400.298095703125}, {"ListeningId": 0, "ParameterID": 7, "Value": 2.429011821746826}, {"ListeningId": 0, "ParameterID": 8, "Value": 1.7732748985290527}, {"ListeningId": 0, "ParameterID": 9, "Value": 2.8789710998535156}, {"ListeningId": 0, "ParameterID": 17, "Value": 543.9701538085938}, {"ListeningId": 0, "ParameterID": 18, "Value": 410.5890808105469}, {"ListeningId": 0, "ParameterID": 19, "Value": 648.54833984375}, {"ListeningId": 0, "ParameterID": 20, "Value": 1604.669189453125}, {"ListeningId": 0, "ParameterID": 21, "Value": 561.181884765625}, {"ListeningId": 0, "ParameterID": 22, "Value": 410.08929443359375}, {"ListeningId": 0, "ParameterID": 23, "Value": 664.7481689453125}, {"ListeningId": 0, "ParameterID": 24, "Value": 1637.58203125}, {"ListeningId": 0, "ParameterID": 25, "Value": 138.1685028076172}, {"ListeningId": 0, "ParameterID": 26, "Value": 0.0}, {"ListeningId": 0, "ParameterID": 27, "Value": 145.2985382080078}, {"ListeningId": 0, "ParameterID": 28, "Value": 283.2024230957031}, {"ListeningId": 0, "ParameterID": 13, "Value": 0.9819893836975098}, {"ListeningId": 0, "ParameterID": 14, "Value": 1.0}, {"ListeningId": 0, "ParameterID": 15, "Value": 0.9456771016120911}, {"ListeningId": 0, "ParameterID": 16, "Value": 0.9758887887001038}, {"ListeningId": 0, "ParameterID": 10, "Value": 50.02947235107422}, {"ListeningId": 0, "ParameterID": 11, "Value": 50.02947235107422}, {"ListeningId": 0, "ParameterID": 12, "Value": 50.02947235107422}, {"ListeningId": 0, "ParameterID": 32, "Value": 6534.88427734375}]}, {"ListeningId": 0, "MeterId": 5, "Timestamp": 1632425280, "listeningvalues": [{"ListeningId": 0, "ParameterID": 1, "Value": 230.88291931152344}, {"ListeningId": 0, "ParameterID": 2, "Value": 231.86073303222656}, {"ListeningId": 0, "ParameterID": 3, "Value": 230.06689453125}, {"ListeningId": 0, "ParameterID": 4, "Value": 400.5199279785156}, {"ListeningId": 0, "ParameterID": 5, "Value": 400.37994384765625}, {"ListeningId": 0, "ParameterID": 6, "Value": 399.49249267578125}, {"ListeningId": 0, "ParameterID": 7, "Value": 2.5258471965789795}, {"ListeningId": 0, "ParameterID": 8, "Value": 2.0843842029571533}, {"ListeningId": 0, "ParameterID": 9, "Value": 3.055567741394043}, {"ListeningId": 0, "ParameterID": 17, "Value": 567.4747314453125}, {"ListeningId": 0, "ParameterID": 18, "Value": 477.95147705078125}, {"ListeningId": 0, "ParameterID": 19, "Value": 694.7107543945312}, {"ListeningId": 0, "ParameterID": 20, "Value": 1741.3759765625}, {"ListeningId": 0, "ParameterID": 21, "Value": 582.2157592773438}, {"ListeningId": 0, "ParameterID": 22, "Value": 483.5965270996094}, {"ListeningId": 0, "ParameterID": 23, "Value": 702.99658203125}, {"ListeningId": 0, "ParameterID": 24, "Value": 1767.4766845703125}, {"ListeningId": 0, "ParameterID": 25, "Value": 131.4218292236328}, {"ListeningId": 0, "ParameterID": 26, "Value": 70.0831069946289}, {"ListeningId": 0, "ParameterID": 27, "Value": 113.30335998535156}, {"ListeningId": 0, "ParameterID": 28, "Value": 314.9220886230469}, {"ListeningId": 0, "ParameterID": 13, "Value": 0.9891196489334106}, {"ListeningId": 0, "ParameterID": 14, "Value": 1.0}, {"ListeningId": 0, "ParameterID": 15, "Value": 0.9890844821929932}, {"ListeningId": 0, "ParameterID": 16, "Value": 0.9927347302436829}, {"ListeningId": 0, "ParameterID": 10, "Value": 50.02947235107422}, {"ListeningId": 0, "ParameterID": 11, "Value": 50.02947235107422}, {"ListeningId": 0, "ParameterID": 12, "Value": 50.02947235107422}, {"ListeningId": 0, "ParameterID": 32, "Value": 6532.20556640625}]}, {"ListeningId": 0, "MeterId": 6, "Timestamp": 1632425280, "listeningvalues": [{"ListeningId": 0, "ParameterID": 1, "Value": 231.4586181640625}, {"ListeningId": 0, "ParameterID": 2, "Value": 232.041015625}, {"ListeningId": 0, "ParameterID": 3, "Value": 229.7582244873047}, {"ListeningId": 0, "ParameterID": 4, "Value": 401.22247314453125}, {"ListeningId": 0, "ParameterID": 5, "Value": 399.69439697265625}, {"ListeningId": 0, "ParameterID": 6, "Value": 399.21624755859375}, {"ListeningId": 0, "ParameterID": 7, "Value": 2.6316637992858887}, {"ListeningId": 0, "ParameterID": 8, "Value": 1.7848049402236938}, {"ListeningId": 0, "ParameterID": 9, "Value": 2.756364345550537}, {"ListeningId": 0, "ParameterID": 17, "Value": 586.9974975585938}, {"ListeningId": 0, "ParameterID": 18, "Value": 414.14794921875}, {"ListeningId": 0, "ParameterID": 19, "Value": 619.8883056640625}, {"ListeningId": 0, "ParameterID": 20, "Value": 1621.03369140625}, {"ListeningId": 0, "ParameterID": 21, "Value": 609.1212768554688}, {"ListeningId": 0, "ParameterID": 22, "Value": 414.14794921875}, {"ListeningId": 0, "ParameterID": 23, "Value": 633.29736328125}, {"ListeningId": 0, "ParameterID": 24, "Value": 1656.566650390625}, {"ListeningId": 0, "ParameterID": 25, "Value": 162.6734619140625}, {"ListeningId": 0, "ParameterID": 26, "Value": 0.0}, {"ListeningId": 0, "ParameterID": 27, "Value": 129.63047790527344}, {"ListeningId": 0, "ParameterID": 28, "Value": 292.303955078125}, {"ListeningId": 0, "ParameterID": 13, "Value": 0.9636791944503784}, {"ListeningId": 0, "ParameterID": 14, "Value": 1.0}, {"ListeningId": 0, "ParameterID": 15, "Value": 0.9788265824317932}, {"ListeningId": 0, "ParameterID": 16, "Value": 0.9808352589607239}, {"ListeningId": 0, "ParameterID": 10, "Value": 50.01216125488281}, {"ListeningId": 0, "ParameterID": 11, "Value": 50.01216125488281}, {"ListeningId": 0, "ParameterID": 12, "Value": 50.01216125488281}, {"ListeningId": 0, "ParameterID": 32, "Value": 6533.3427734375}]}, {"ListeningId": 0, "MeterId": 7, "Timestamp": 1632425280, "listeningvalues": [{"ListeningId": 0, "ParameterID": 1, "Value": 231.4713134765625}, {"ListeningId": 0, "ParameterID": 2, "Value": 232.0294189453125}, {"ListeningId": 0, "ParameterID": 3, "Value": 230.17971801757812}, {"ListeningId": 0, "ParameterID": 4, "Value": 401.37982177734375}, {"ListeningId": 0, "ParameterID": 5, "Value": 399.91497802734375}, {"ListeningId": 0, "ParameterID": 6, "Value": 399.37677001953125}, {"ListeningId": 0, "ParameterID": 7, "Value": 2.2567873001098633}, {"ListeningId": 0, "ParameterID": 8, "Value": 2.1502199172973633}, {"ListeningId": 0, "ParameterID": 9, "Value": 3.0423734188079834}, {"ListeningId": 0, "ParameterID": 17, "Value": 508.6435852050781}, {"ListeningId": 0, "ParameterID": 18, "Value": 498.7635803222656}, {"ListeningId": 0, "ParameterID": 19, "Value": 687.0733032226562}, {"ListeningId": 0, "ParameterID": 20, "Value": 1693.109130859375}, {"ListeningId": 0, "ParameterID": 21, "Value": 522.172607421875}, {"ListeningId": 0, "ParameterID": 22, "Value": 499.3081359863281}, {"ListeningId": 0, "ParameterID": 23, "Value": 700.0255126953125}, {"ListeningId": 0, "ParameterID": 24, "Value": 1720.9254150390625}, {"ListeningId": 0, "ParameterID": 25, "Value": 117.30887603759766}, {"ListeningId": 0, "ParameterID": 26, "Value": 0.0}, {"ListeningId": 0, "ParameterID": 27, "Value": 132.19403076171875}, {"ListeningId": 0, "ParameterID": 28, "Value": 249.31101989746094}, {"ListeningId": 0, "ParameterID": 13, "Value": 0.9743958711624146}, {"ListeningId": 0, "ParameterID": 14, "Value": 1.0}, {"ListeningId": 0, "ParameterID": 15, "Value": 0.9820141792297363}, {"ListeningId": 0, "ParameterID": 16, "Value": 0.9854699969291687}, {"ListeningId": 0, "ParameterID": 10, "Value": 50.01216125488281}, {"ListeningId": 0, "ParameterID": 11, "Value": 50.01216125488281}, {"ListeningId": 0, "ParameterID": 12, "Value": 50.01216125488281}, {"ListeningId": 0, "ParameterID": 32, "Value": 6537.1396484375}]}, {"ListeningId": 0, "MeterId": 8, "Timestamp": 1632425280, "listeningvalues": [{"ListeningId": 0, "ParameterID": 1, "Value": 231.453369140625}, {"ListeningId": 0, "ParameterID": 2, "Value": 231.897705078125}, {"ListeningId": 0, "ParameterID": 3, "Value": 230.0233612060547}, {"ListeningId": 0, "ParameterID": 4, "Value": 401.2223815917969}, {"ListeningId": 0, "ParameterID": 5, "Value": 399.9268493652344}, {"ListeningId": 0, "ParameterID": 6, "Value": 399.8722229003906}, {"ListeningId": 0, "ParameterID": 7, "Value": 2.2566723823547363}, {"ListeningId": 0, "ParameterID": 8, "Value": 2.1529250144958496}, {"ListeningId": 0, "ParameterID": 9, "Value": 3.043633222579956}, {"ListeningId": 0, "ParameterID": 17, "Value": 508.2759094238281}, {"ListeningId": 0, "ParameterID": 18, "Value": 498.6132507324219}, {"ListeningId": 0, "ParameterID": 19, "Value": 686.4585571289062}, {"ListeningId": 0, "ParameterID": 20, "Value": 1693.9794921875}, {"ListeningId": 0, "ParameterID": 21, "Value": 522.2942504882812}, {"ListeningId": 0, "ParameterID": 22, "Value": 499.0621337890625}, {"ListeningId": 0, "ParameterID": 23, "Value": 699.5640258789062}, {"ListeningId": 0, "ParameterID": 24, "Value": 1722.2423095703125}, {"ListeningId": 0, "ParameterID": 25, "Value": 117.28473663330078}, {"ListeningId": 0, "ParameterID": 26, "Value": 0.0}, {"ListeningId": 0, "ParameterID": 27, "Value": 132.08169555664062}, {"ListeningId": 0, "ParameterID": 28, "Value": 249.46240234375}, {"ListeningId": 0, "ParameterID": 13, "Value": 0.966005265712738}, {"ListeningId": 0, "ParameterID": 14, "Value": 0.9918283224105835}, {"ListeningId": 0, "ParameterID": 15, "Value": 0.9618547558784485}, {"ListeningId": 0, "ParameterID": 16, "Value": 0.9732294082641602}, {"ListeningId": 0, "ParameterID": 10, "Value": 50.01216125488281}, {"ListeningId": 0, "ParameterID": 11, "Value": 50.01216125488281}, {"ListeningId": 0, "ParameterID": 12, "Value": 50.01216125488281}, {"ListeningId": 0, "ParameterID": 32, "Value": 6537.1396484375}]}, {"ListeningId": 0, "MeterId": 9, "Timestamp": 1632425280, "listeningvalues": [{"ListeningId": 0, "ParameterID": 1, "Value": 231.18716430664062}, {"ListeningId": 0, "ParameterID": 2, "Value": 232.54779052734375}, {"ListeningId": 0, "ParameterID": 3, "Value": 230.70208740234375}, {"ListeningId": 0, "ParameterID": 4, "Value": 401.7190856933594}, {"ListeningId": 0, "ParameterID": 5, "Value": 401.1593017578125}, {"ListeningId": 0, "ParameterID": 6, "Value": 400.462158203125}, {"ListeningId": 0, "ParameterID": 7, "Value": 2.390263795852661}, {"ListeningId": 0, "ParameterID": 8, "Value": 2.1752398014068604}, {"ListeningId": 0, "ParameterID": 9, "Value": 2.834564447402954}, {"ListeningId": 0, "ParameterID": 17, "Value": 544.6544189453125}, {"ListeningId": 0, "ParameterID": 18, "Value": 506.3252258300781}, {"ListeningId": 0, "ParameterID": 19, "Value": 625.3073120117188}, {"ListeningId": 0, "ParameterID": 20, "Value": 1676.3521728515625}, {"ListeningId": 0, "ParameterID": 21, "Value": 552.09619140625}, {"ListeningId": 0, "ParameterID": 22, "Value": 506.2999267578125}, {"ListeningId": 0, "ParameterID": 23, "Value": 653.7613525390625}, {"ListeningId": 0, "ParameterID": 24, "Value": 1713.5172119140625}, {"ListeningId": 0, "ParameterID": 25, "Value": 91.47329711914062}, {"ListeningId": 0, "ParameterID": 26, "Value": 0.0}, {"ListeningId": 0, "ParameterID": 27, "Value": 194.33660888671875}, {"ListeningId": 0, "ParameterID": 28, "Value": 285.7641296386719}, {"ListeningId": 0, "ParameterID": 13, "Value": 0.9905667901039124}, {"ListeningId": 0, "ParameterID": 14, "Value": 0.986181914806366}, {"ListeningId": 0, "ParameterID": 15, "Value": 0.9593347311019897}, {"ListeningId": 0, "ParameterID": 16, "Value": 0.9786944389343262}, {"ListeningId": 0, "ParameterID": 10, "Value": 50.01216125488281}, {"ListeningId": 0, "ParameterID": 11, "Value": 50.01216125488281}, {"ListeningId": 0, "ParameterID": 12, "Value": 50.01216125488281}, {"ListeningId": 0, "ParameterID": 32, "Value": 6540.10546875}]}, {"ListeningId": 0, "MeterId": 10, "Timestamp": 1632425280, "listeningvalues": [{"ListeningId": 0, "ParameterID": 1, "Value": 230.96559143066406}, {"ListeningId": 0, "ParameterID": 2, "Value": 232.63865661621094}, {"ListeningId": 0, "ParameterID": 3, "Value": 229.94154357910156}, {"ListeningId": 0, "ParameterID": 4, "Value": 401.63360595703125}, {"ListeningId": 0, "ParameterID": 5, "Value": 400.30712890625}, {"ListeningId": 0, "ParameterID": 6, "Value": 399.043701171875}, {"ListeningId": 0, "ParameterID": 7, "Value": 2.2820687294006348}, {"ListeningId": 0, "ParameterID": 8, "Value": 1.906091332435608}, {"ListeningId": 0, "ParameterID": 9, "Value": 2.7624030113220215}, {"ListeningId": 0, "ParameterID": 17, "Value": 524.1944580078125}, {"ListeningId": 0, "ParameterID": 18, "Value": 437.4257507324219}, {"ListeningId": 0, "ParameterID": 19, "Value": 626.1389770507812}, {"ListeningId": 0, "ParameterID": 20, "Value": 1587.318359375}, {"ListeningId": 0, "ParameterID": 21, "Value": 527.1187133789062}, {"ListeningId": 0, "ParameterID": 22, "Value": 442.8518371582031}, {"ListeningId": 0, "ParameterID": 23, "Value": 635.4378662109375}, {"ListeningId": 0, "ParameterID": 24, "Value": 1605.7137451171875}, {"ListeningId": 0, "ParameterID": 25, "Value": 47.587432861328125}, {"ListeningId": 0, "ParameterID": 26, "Value": 71.28518676757812}, {"ListeningId": 0, "ParameterID": 27, "Value": 109.07627868652344}, {"ListeningId": 0, "ParameterID": 28, "Value": 228.0470733642578}, {"ListeningId": 0, "ParameterID": 13, "Value": 0.9884805679321289}, {"ListeningId": 0, "ParameterID": 14, "Value": 1.0}, {"ListeningId": 0, "ParameterID": 15, "Value": 0.963413417339325}, {"ListeningId": 0, "ParameterID": 16, "Value": 0.9839646816253662}, {"ListeningId": 0, "ParameterID": 10, "Value": 50.01216125488281}, {"ListeningId": 0, "ParameterID": 11, "Value": 50.01216125488281}, {"ListeningId": 0, "ParameterID": 12, "Value": 50.01216125488281}, {"ListeningId": 0, "ParameterID": 32, "Value": 8117.65380859375}]}, {"ListeningId": 0, "MeterId": 11, "Timestamp": 1632425280, "listeningvalues": [{"ListeningId": 0, "ParameterID": 1, "Value": 231.1109619140625}, {"ListeningId": 0, "ParameterID": 2, "Value": 231.79965209960938}, {"ListeningId": 0, "ParameterID": 3, "Value": 230.555908203125}, {"ListeningId": 0, "ParameterID": 4, "Value": 400.6336669921875}, {"ListeningId": 0, "ParameterID": 5, "Value": 400.45745849609375}, {"ListeningId": 0, "ParameterID": 6, "Value": 399.8212585449219}, {"ListeningId": 0, "ParameterID": 7, "Value": 2.4907848834991455}, {"ListeningId": 0, "ParameterID": 8, "Value": 1.9018950462341309}, {"ListeningId": 0, "ParameterID": 9, "Value": 3.0385265350341797}, {"ListeningId": 0, "ParameterID": 17, "Value": 559.753173828125}, {"ListeningId": 0, "ParameterID": 18, "Value": 440.8586120605469}, {"ListeningId": 0, "ParameterID": 19, "Value": 670.1898803710938}, {"ListeningId": 0, "ParameterID": 20, "Value": 1670.8017578125}, {"ListeningId": 0, "ParameterID": 21, "Value": 575.647705078125}, {"ListeningId": 0, "ParameterID": 22, "Value": 440.8586120605469}, {"ListeningId": 0, "ParameterID": 23, "Value": 700.5502319335938}, {"ListeningId": 0, "ParameterID": 24, "Value": 1717.056640625}, {"ListeningId": 0, "ParameterID": 25, "Value": 134.3378448486328}, {"ListeningId": 0, "ParameterID": 26, "Value": 0.0}, {"ListeningId": 0, "ParameterID": 27, "Value": 204.00038146972656}, {"ListeningId": 0, "ParameterID": 28, "Value": 338.3382263183594}, {"ListeningId": 0, "ParameterID": 13, "Value": 0.9723884463310242}, {"ListeningId": 0, "ParameterID": 14, "Value": 1.0}, {"ListeningId": 0, "ParameterID": 15, "Value": 0.956662118434906}, {"ListeningId": 0, "ParameterID": 16, "Value": 0.9763502478599548}, {"ListeningId": 0, "ParameterID": 10, "Value": 50.09137725830078}, {"ListeningId": 0, "ParameterID": 11, "Value": 50.09137725830078}, {"ListeningId": 0, "ParameterID": 12, "Value": 50.09137725830078}, {"ListeningId": 0, "ParameterID": 32, "Value": 6529.4111328125}]}, {"ListeningId": 0, "MeterId": 12, "Timestamp": 1632425280, "listeningvalues": [{"ListeningId": 0, "ParameterID": 1, "Value": 230.35537719726562}, {"ListeningId": 0, "ParameterID": 2, "Value": 232.39630126953125}, {"ListeningId": 0, "ParameterID": 3, "Value": 230.13526916503906}, {"ListeningId": 0, "ParameterID": 4, "Value": 400.5384216308594}, {"ListeningId": 0, "ParameterID": 5, "Value": 400.33575439453125}, {"ListeningId": 0, "ParameterID": 6, "Value": 399.17437744140625}, {"ListeningId": 0, "ParameterID": 7, "Value": 2.7003228664398193}, {"ListeningId": 0, "ParameterID": 8, "Value": 2.128796100616455}, {"ListeningId": 0, "ParameterID": 9, "Value": 2.7444045543670654}, {"ListeningId": 0, "ParameterID": 17, "Value": 611.870361328125}, {"ListeningId": 0, "ParameterID": 18, "Value": 495.1661682128906}, {"ListeningId": 0, "ParameterID": 19, "Value": 602.103271484375}, {"ListeningId": 0, "ParameterID": 20, "Value": 1709.239501953125}, {"ListeningId": 0, "ParameterID": 21, "Value": 621.8257446289062}, {"ListeningId": 0, "ParameterID": 22, "Value": 495.1297302246094}, {"ListeningId": 0, "ParameterID": 23, "Value": 630.5347900390625}, {"ListeningId": 0, "ParameterID": 24, "Value": 1749.0318603515625}, {"ListeningId": 0, "ParameterID": 25, "Value": 115.5584487915039}, {"ListeningId": 0, "ParameterID": 26, "Value": 0.0}, {"ListeningId": 0, "ParameterID": 27, "Value": 189.55673217773438}, {"ListeningId": 0, "ParameterID": 28, "Value": 304.7171936035156}, {"ListeningId": 0, "ParameterID": 13, "Value": 0.9826192855834961}, {"ListeningId": 0, "ParameterID": 14, "Value": 1.0}, {"ListeningId": 0, "ParameterID": 15, "Value": 0.953895628452301}, {"ListeningId": 0, "ParameterID": 16, "Value": 0.9788382649421692}, {"ListeningId": 0, "ParameterID": 10, "Value": 50.09137725830078}, {"ListeningId": 0, "ParameterID": 11, "Value": 50.09137725830078}, {"ListeningId": 0, "ParameterID": 12, "Value": 50.09137725830078}, {"ListeningId": 0, "ParameterID": 32, "Value": 6529.81787109375}]}]