[{"ListeningId": 0, "MeterId": 1, "Timestamp": 1632425580, "listeningvalues": [{"ListeningId": 0, "ParameterID": 1, "Value": 231.224853515625}, {"ListeningId": 0, "ParameterID": 2, "Value": 232.40133666992188}, {"ListeningId": 0, "ParameterID": 3, "Value": 231.07704162597656}, {"ListeningId": 0, "ParameterID": 4, "Value": 401.4219055175781}, {"ListeningId": 0, "ParameterID": 5, "Value": 401.6746826171875}, {"ListeningId": 0, "ParameterID": 6, "Value": 400.6556701660156}, {"ListeningId": 0, "ParameterID": 7, "Value": 2.6698646545410156}, {"ListeningId": 0, "ParameterID": 8, "Value": 2.233809232711792}, {"ListeningId": 0, "ParameterID": 9, "Value": 2.779123067855835}, {"ListeningId": 0, "ParameterID": 17, "Value": 593.4627075195312}, {"ListeningId": 0, "ParameterID": 18, "Value": 517.7406005859375}, {"ListeningId": 0, "ParameterID": 19, "Value": 631.3541259765625}, {"ListeningId": 0, "ParameterID": 20, "Value": 1742.5574951171875}, {"ListeningId": 0, "ParameterID": 21, "Value": 617.3390502929688}, {"ListeningId": 0, "ParameterID": 22, "Value": 519.1402587890625}, {"ListeningId": 0, "ParameterID": 23, "Value": 642.1915283203125}, {"ListeningId": 0, "ParameterID": 24, "Value": 1778.6707763671875}, {"ListeningId": 0, "ParameterID": 25, "Value": 170.02793884277344}, {"ListeningId": 0, "ParameterID": 26, "Value": 38.09527587890625}, {"ListeningId": 0, "ParameterID": 27, "Value": 117.48165130615234}, {"ListeningId": 0, "ParameterID": 28, "Value": 325.6048583984375}, {"ListeningId": 0, "ParameterID": 13, "Value": 0.9613237977027893}, {"ListeningId": 0, "ParameterID": 14, "Value": 0.9973039031028748}, {"ListeningId": 0, "ParameterID": 15, "Value": 0.983124315738678}, {"ListeningId": 0, "ParameterID": 16, "Value": 0.9805839657783508}, {"ListeningId": 0, "ParameterID": 10, "Value": 50.0484619140625}, {"ListeningId": 0, "ParameterID": 11, "Value": 50.0484619140625}, {"ListeningId": 0, "ParameterID": 12, "Value": 50.0484619140625}, {"ListeningId": 0, "ParameterID": 32, "Value": 6665.2333984375}]}, {"ListeningId": 0, "MeterId": 2, "Timestamp": 1632425580, "listeningvalues": [{"ListeningId": 0, "ParameterID": 1, "Value": 231.5511932373047}, {"ListeningId": 0, "ParameterID": 2, "Value": 232.38644409179688}, {"ListeningId": 0, "ParameterID": 3, "Value": 231.0478973388672}, {"ListeningId": 0, "ParameterID": 4, "Value": 401.5357971191406}, {"ListeningId": 0, "ParameterID": 5, "Value": 401.07568359375}, {"ListeningId": 0, "ParameterID": 6, "Value": 400.0697326660156}, {"ListeningId": 0, "ParameterID": 7, "Value": 2.6267311573028564}, {"ListeningId": 0, "ParameterID": 8, "Value": 2.1952366828918457}, {"ListeningId": 0, "ParameterID": 9, "Value": 2.727339506149292}, {"ListeningId": 0, "ParameterID": 17, "Value": 605.7389526367188}, {"ListeningId": 0, "ParameterID": 18, "Value": 510.0513916015625}, {"ListeningId": 0, "ParameterID": 19, "Value": 600.6444091796875}, {"ListeningId": 0, "ParameterID": 20, "Value": 1716.4156494140625}, {"ListeningId": 0, "ParameterID": 21, "Value": 608.42333984375}, {"ListeningId": 0, "ParameterID": 22, "Value": 510.6740417480469}, {"ListeningId": 0, "ParameterID": 23, "Value": 629.9462280273438}, {"ListeningId": 0, "ParameterID": 24, "Value": 1747.0458984375}, {"ListeningId": 0, "ParameterID": 25, "Value": 59.40114212036133}, {"ListeningId": 0, "ParameterID": 26, "Value": 0.0}, {"ListeningId": 0, "ParameterID": 27, "Value": 190.41650390625}, {"ListeningId": 0, "ParameterID": 28, "Value": 249.90830993652344}, {"ListeningId": 0, "ParameterID": 13, "Value": 0.9676477313041687}, {"ListeningId": 0, "ParameterID": 14, "Value": 1.0}, {"ListeningId": 0, "ParameterID": 15, "Value": 0.952582597732544}, {"ListeningId": 0, "ParameterID": 16, "Value": 0.9734101295471191}, {"ListeningId": 0, "ParameterID": 10, "Value": 50.0484619140625}, {"ListeningId": 0, "ParameterID": 11, "Value": 50.0484619140625}, {"ListeningId": 0, "ParameterID": 12, "Value": 50.0484619140625}, {"ListeningId": 0, "ParameterID": 32, "Value": 6671.50634765625}]}, {"ListeningId": 0, "MeterId": 3, "Timestamp": 1632425580, "listeningvalues": [{"ListeningId": 0, "ParameterID": 1, "Value": 231.14108276367188}, {"ListeningId": 0, "ParameterID": 2, "Value": 231.41087341308594}, {"ListeningId": 0, "ParameterID": 3, "Value": 229.88587951660156}, {"ListeningId": 0, "ParameterID": 4, "Value": 400.7263488769531}, {"ListeningId": 0, "ParameterID": 5, "Value": 399.6013488769531}, {"ListeningId": 0, "ParameterID": 6, "Value": 399.835693359375}, {"ListeningId": 0, "ParameterID": 7, "Value": 2.430910110473633}, {"ListeningId": 0, "ParameterID": 8, "Value": 1.8143417835235596}, {"ListeningId": 0, "ParameterID": 9, "Value": 2.7100000381469727}, {"ListeningId": 0, "ParameterID": 17, "Value": 559.5631713867188}, {"ListeningId": 0, "ParameterID": 18, "Value": 420.2442932128906}, {"ListeningId": 0, "ParameterID": 19, "Value": 595.9951171875}, {"ListeningId": 0, "ParameterID": 20, "Value": 1575.0517578125}, {"ListeningId": 0, "ParameterID": 21, "Value": 562.7535400390625}, {"ListeningId": 0, "ParameterID": 22, "Value": 420.23968505859375}, {"ListeningId": 0, "ParameterID": 23, "Value": 623.2489013671875}, {"ListeningId": 0, "ParameterID": 24, "Value": 1606.7393798828125}, {"ListeningId": 0, "ParameterID": 25, "Value": 61.750709533691406}, {"ListeningId": 0, "ParameterID": 26, "Value": 0.0}, {"ListeningId": 0, "ParameterID": 27, "Value": 184.8828887939453}, {"ListeningId": 0, "ParameterID": 28, "Value": 246.7728729248047}, {"ListeningId": 0, "ParameterID": 13, "Value": 0.9742023944854736}, {"ListeningId": 0, "ParameterID": 14, "Value": 1.0}, {"ListeningId": 0, "ParameterID": 15, "Value": 0.9869329333305359}, {"ListeningId": 0, "ParameterID": 16, "Value": 0.9870451092720032}, {"ListeningId": 0, "ParameterID": 10, "Value": 50.0484619140625}, {"ListeningId": 0, "ParameterID": 11, "Value": 50.0484619140625}, {"ListeningId": 0, "ParameterID": 12, "Value": 50.0484619140625}, {"ListeningId": 0, "ParameterID": 32, "Value": 6672.64794921875}]}, {"ListeningId": 0, "MeterId": 4, "Timestamp": 1632425580, "listeningvalues": [{"ListeningId": 0, "ParameterID": 1, "Value": 231.4234161376953}, {"ListeningId": 0, "ParameterID": 2, "Value": 231.5967254638672}, {"ListeningId": 0, "ParameterID": 3, "Value": 230.52847290039062}, {"ListeningId": 0, "ParameterID": 4, "Value": 400.67889404296875}, {"ListeningId": 0, "ParameterID": 5, "Value": 399.75946044921875}, {"ListeningId": 0, "ParameterID": 6, "Value": 400.1869812011719}, {"ListeningId": 0, "ParameterID": 7, "Value": 2.28715181350708}, {"ListeningId": 0, "ParameterID": 8, "Value": 2.2144923210144043}, {"ListeningId": 0, "ParameterID": 9, "Value": 3.100065231323242}, {"ListeningId": 0, "ParameterID": 17, "Value": 523.6249389648438}, {"ListeningId": 0, "ParameterID": 18, "Value": 509.5644836425781}, {"ListeningId": 0, "ParameterID": 19, "Value": 687.78515625}, {"ListeningId": 0, "ParameterID": 20, "Value": 1719.6240234375}, {"ListeningId": 0, "ParameterID": 21, "Value": 529.309814453125}, {"ListeningId": 0, "ParameterID": 22, "Value": 512.7241821289062}, {"ListeningId": 0, "ParameterID": 23, "Value": 714.7533569335938}, {"ListeningId": 0, "ParameterID": 24, "Value": 1757.3929443359375}, {"ListeningId": 0, "ParameterID": 25, "Value": 75.04361724853516}, {"ListeningId": 0, "ParameterID": 26, "Value": 56.382503509521484}, {"ListeningId": 0, "ParameterID": 27, "Value": 194.37335205078125}, {"ListeningId": 0, "ParameterID": 28, "Value": 326.1176452636719}, {"ListeningId": 0, "ParameterID": 13, "Value": 0.973446786403656}, {"ListeningId": 0, "ParameterID": 14, "Value": 0.9868142008781433}, {"ListeningId": 0, "ParameterID": 15, "Value": 0.9859609603881836}, {"ListeningId": 0, "ParameterID": 16, "Value": 0.982073962688446}, {"ListeningId": 0, "ParameterID": 10, "Value": 50.0484619140625}, {"ListeningId": 0, "ParameterID": 11, "Value": 50.0484619140625}, {"ListeningId": 0, "ParameterID": 12, "Value": 50.0484619140625}, {"ListeningId": 0, "ParameterID": 32, "Value": 6672.2236328125}]}, {"ListeningId": 0, "MeterId": 5, "Timestamp": 1632425580, "listeningvalues": [{"ListeningId": 0, "ParameterID": 1, "Value": 230.39309692382812}, {"ListeningId": 0, "ParameterID": 2, "Value": 232.5519256591797}, {"ListeningId": 0, "ParameterID": 3, "Value": 230.80111694335938}, {"ListeningId": 0, "ParameterID": 4, "Value": 400.4203796386719}, {"ListeningId": 0, "ParameterID": 5, "Value": 400.9794006347656}, {"ListeningId": 0, "ParameterID": 6, "Value": 398.8867492675781}, {"ListeningId": 0, "ParameterID": 7, "Value": 2.476999044418335}, {"ListeningId": 0, "ParameterID": 8, "Value": 1.9424047470092773}, {"ListeningId": 0, "ParameterID": 9, "Value": 3.116309642791748}, {"ListeningId": 0, "ParameterID": 17, "Value": 566.7985229492188}, {"ListeningId": 0, "ParameterID": 18, "Value": 451.1439514160156}, {"ListeningId": 0, "ParameterID": 19, "Value": 702.4959106445312}, {"ListeningId": 0, "ParameterID": 20, "Value": 1719.0010986328125}, {"ListeningId": 0, "ParameterID": 21, "Value": 570.391357421875}, {"ListeningId": 0, "ParameterID": 22, "Value": 451.84619140625}, {"ListeningId": 0, "ParameterID": 23, "Value": 719.5738525390625}, {"ListeningId": 0, "ParameterID": 24, "Value": 1743.474609375}, {"ListeningId": 0, "ParameterID": 25, "Value": 61.1246452331543}, {"ListeningId": 0, "ParameterID": 26, "Value": 20.028118133544922}, {"ListeningId": 0, "ParameterID": 27, "Value": 158.72581481933594}, {"ListeningId": 0, "ParameterID": 28, "Value": 239.75880432128906}, {"ListeningId": 0, "ParameterID": 13, "Value": 0.99568772315979}, {"ListeningId": 0, "ParameterID": 14, "Value": 0.9974796772003174}, {"ListeningId": 0, "ParameterID": 15, "Value": 0.9869154095649719}, {"ListeningId": 0, "ParameterID": 16, "Value": 0.9933609366416931}, {"ListeningId": 0, "ParameterID": 10, "Value": 50.0484619140625}, {"ListeningId": 0, "ParameterID": 11, "Value": 50.0484619140625}, {"ListeningId": 0, "ParameterID": 12, "Value": 50.0484619140625}, {"ListeningId": 0, "ParameterID": 32, "Value": 6669.75830078125}]}, {"ListeningId": 0, "MeterId": 6, "Timestamp": 1632425580, "listeningvalues": [{"ListeningId": 0, "ParameterID": 1, "Value": 231.5933380126953}, {"ListeningId": 0, "ParameterID": 2, "Value": 232.31141662597656}, {"ListeningId": 0, "ParameterID": 3, "Value": 230.09912109375}, {"ListeningId": 0, "ParameterID": 4, "Value": 401.3666687011719}, {"ListeningId": 0, "ParameterID": 5, "Value": 400.3963623046875}, {"ListeningId": 0, "ParameterID": 6, "Value": 399.69805908203125}, {"ListeningId": 0, "ParameterID": 7, "Value": 2.3655922412872314}, {"ListeningId": 0, "ParameterID": 8, "Value": 1.947511911392212}, {"ListeningId": 0, "ParameterID": 9, "Value": 2.8739655017852783}, {"ListeningId": 0, "ParameterID": 17, "Value": 532.298583984375}, {"ListeningId": 0, "ParameterID": 18, "Value": 448.765869140625}, {"ListeningId": 0, "ParameterID": 19, "Value": 653.529052734375}, {"ListeningId": 0, "ParameterID": 20, "Value": 1634.593505859375}, {"ListeningId": 0, "ParameterID": 21, "Value": 547.8554077148438}, {"ListeningId": 0, "ParameterID": 22, "Value": 452.42926025390625}, {"ListeningId": 0, "ParameterID": 23, "Value": 661.2969360351562}, {"ListeningId": 0, "ParameterID": 24, "Value": 1661.58154296875}, {"ListeningId": 0, "ParameterID": 25, "Value": 129.62939453125}, {"ListeningId": 0, "ParameterID": 26, "Value": 57.45800018310547}, {"ListeningId": 0, "ParameterID": 27, "Value": 101.0614013671875}, {"ListeningId": 0, "ParameterID": 28, "Value": 288.1488037109375}, {"ListeningId": 0, "ParameterID": 13, "Value": 0.9716041088104248}, {"ListeningId": 0, "ParameterID": 14, "Value": 0.9919028282165527}, {"ListeningId": 0, "ParameterID": 15, "Value": 0.9882535934448242}, {"ListeningId": 0, "ParameterID": 16, "Value": 0.983920156955719}, {"ListeningId": 0, "ParameterID": 10, "Value": 50.02487564086914}, {"ListeningId": 0, "ParameterID": 11, "Value": 50.02487564086914}, {"ListeningId": 0, "ParameterID": 12, "Value": 50.02487564086914}, {"ListeningId": 0, "ParameterID": 32, "Value": 6670.64306640625}]}, {"ListeningId": 0, "MeterId": 7, "Timestamp": 1632425580, "listeningvalues": [{"ListeningId": 0, "ParameterID": 1, "Value": 231.08404541015625}, {"ListeningId": 0, "ParameterID": 2, "Value": 232.4388885498047}, {"ListeningId": 0, "ParameterID": 3, "Value": 230.07872009277344}, {"ListeningId": 0, "ParameterID": 4, "Value": 401.3226318359375}, {"ListeningId": 0, "ParameterID": 5, "Value": 400.7608642578125}, {"ListeningId": 0, "ParameterID": 6, "Value": 399.5688781738281}, {"ListeningId": 0, "ParameterID": 7, "Value": 2.522891044616699}, {"ListeningId": 0, "ParameterID": 8, "Value": 2.111337900161743}, {"ListeningId": 0, "ParameterID": 9, "Value": 2.8845722675323486}, {"ListeningId": 0, "ParameterID": 17, "Value": 570.4978637695312}, {"ListeningId": 0, "ParameterID": 18, "Value": 489.8131103515625}, {"ListeningId": 0, "ParameterID": 19, "Value": 624.2088012695312}, {"ListeningId": 0, "ParameterID": 20, "Value": 1685.4835205078125}, {"ListeningId": 0, "ParameterID": 21, "Value": 583.1533203125}, {"ListeningId": 0, "ParameterID": 22, "Value": 490.2262268066406}, {"ListeningId": 0, "ParameterID": 23, "Value": 663.1602172851562}, {"ListeningId": 0, "ParameterID": 24, "Value": 1736.4554443359375}, {"ListeningId": 0, "ParameterID": 25, "Value": 118.79618835449219}, {"ListeningId": 0, "ParameterID": 26, "Value": 0.0}, {"ListeningId": 0, "ParameterID": 27, "Value": 223.31129455566406}, {"ListeningId": 0, "ParameterID": 28, "Value": 342.2420349121094}, {"ListeningId": 0, "ParameterID": 13, "Value": 0.9945433139801025}, {"ListeningId": 0, "ParameterID": 14, "Value": 1.0}, {"ListeningId": 0, "ParameterID": 15, "Value": 0.9751483798027039}, {"ListeningId": 0, "ParameterID": 16, "Value": 0.9898972511291504}, {"ListeningId": 0, "ParameterID": 10, "Value": 50.02487564086914}, {"ListeningId": 0, "ParameterID": 11, "Value": 50.02487564086914}, {"ListeningId": 0, "ParameterID": 12, "Value": 50.02487564086914}, {"ListeningId": 0, "ParameterID": 32, "Value": 6673.9560546875}]}, {"ListeningId": 0, "MeterId": 8, "Timestamp": 1632425580, "listeningvalues": [{"ListeningId": 0, "ParameterID": 1, "Value": 231.27194213867188}, {"ListeningId": 0, "ParameterID": 2, "Value": 232.3184814453125}, {"ListeningId": 0, "ParameterID": 3, "Value": 230.33692932128906}, {"ListeningId": 0, "ParameterID": 4, "Value": 401.43255615234375}, {"ListeningId": 0, "ParameterID": 5, "Value": 400.481201171875}, {"ListeningId": 0, "ParameterID": 6, "Value": 399.332763671875}, {"ListeningId": 0, "ParameterID": 7, "Value": 2.521235227584839}, {"ListeningId": 0, "ParameterID": 8, "Value": 2.111412525177002}, {"ListeningId": 0, "ParameterID": 9, "Value": 2.8858044147491455}, {"ListeningId": 0, "ParameterID": 17, "Value": 570.9197387695312}, {"ListeningId": 0, "ParameterID": 18, "Value": 490.0190734863281}, {"ListeningId": 0, "ParameterID": 19, "Value": 624.8604736328125}, {"ListeningId": 0, "ParameterID": 20, "Value": 1684.4337158203125}, {"ListeningId": 0, "ParameterID": 21, "Value": 583.6831665039062}, {"ListeningId": 0, "ParameterID": 22, "Value": 489.75592041015625}, {"ListeningId": 0, "ParameterID": 23, "Value": 663.3154907226562}, {"ListeningId": 0, "ParameterID": 24, "Value": 1737.0440673828125}, {"ListeningId": 0, "ParameterID": 25, "Value": 118.83841705322266}, {"ListeningId": 0, "ParameterID": 26, "Value": 0.0}, {"ListeningId": 0, "ParameterID": 27, "Value": 223.21005249023438}, {"ListeningId": 0, "ParameterID": 28, "Value": 341.7290344238281}, {"ListeningId": 0, "ParameterID": 13, "Value": 0.9945433139801025}, {"ListeningId": 0, "ParameterID": 14, "Value": 1.0}, {"ListeningId": 0, "ParameterID": 15, "Value": 0.9751483798027039}, {"ListeningId": 0, "ParameterID": 16, "Value": 0.9898972511291504}, {"ListeningId": 0, "ParameterID": 10, "Value": 50.02487564086914}, {"ListeningId": 0, "ParameterID": 11, "Value": 50.02487564086914}, {"ListeningId": 0, "ParameterID": 12, "Value": 50.02487564086914}, {"ListeningId": 0, "ParameterID": 32, "Value": 6673.9560546875}]}, {"ListeningId": 0, "MeterId": 9, "Timestamp": 1632425580, "listeningvalues": [{"ListeningId": 0, "ParameterID": 1, "Value": 230.79388427734375}, {"ListeningId": 0, "ParameterID": 2, "Value": 231.6747589111328}, {"ListeningId": 0, "ParameterID": 3, "Value": 230.94520568847656}, {"ListeningId": 0, "ParameterID": 4, "Value": 400.6463317871094}, {"ListeningId": 0, "ParameterID": 5, "Value": 400.66766357421875}, {"ListeningId": 0, "ParameterID": 6, "Value": 399.3709716796875}, {"ListeningId": 0, "ParameterID": 7, "Value": 2.456881523132324}, {"ListeningId": 0, "ParameterID": 8, "Value": 1.8565107583999634}, {"ListeningId": 0, "ParameterID": 9, "Value": 3.0799083709716797}, {"ListeningId": 0, "ParameterID": 17, "Value": 542.8631591796875}, {"ListeningId": 0, "ParameterID": 18, "Value": 430.4228820800781}, {"ListeningId": 0, "ParameterID": 19, "Value": 692.031982421875}, {"ListeningId": 0, "ParameterID": 20, "Value": 1665.6422119140625}, {"ListeningId": 0, "ParameterID": 21, "Value": 566.218017578125}, {"ListeningId": 0, "ParameterID": 22, "Value": 429.83551025390625}, {"ListeningId": 0, "ParameterID": 23, "Value": 709.9656982421875}, {"ListeningId": 0, "ParameterID": 24, "Value": 1706.96142578125}, {"ListeningId": 0, "ParameterID": 25, "Value": 159.8887176513672}, {"ListeningId": 0, "ParameterID": 26, "Value": 0.0}, {"ListeningId": 0, "ParameterID": 27, "Value": 157.21560668945312}, {"ListeningId": 0, "ParameterID": 28, "Value": 316.81793212890625}, {"ListeningId": 0, "ParameterID": 13, "Value": 0.9589305520057678}, {"ListeningId": 0, "ParameterID": 14, "Value": 0.9892587065696716}, {"ListeningId": 0, "ParameterID": 15, "Value": 0.982690155506134}, {"ListeningId": 0, "ParameterID": 16, "Value": 0.976959764957428}, {"ListeningId": 0, "ParameterID": 10, "Value": 50.02487564086914}, {"ListeningId": 0, "ParameterID": 11, "Value": 50.02487564086914}, {"ListeningId": 0, "ParameterID": 12, "Value": 50.02487564086914}, {"ListeningId": 0, "ParameterID": 32, "Value": 6676.939453125}]}, {"ListeningId": 0, "MeterId": 10, "Timestamp": 1632425580, "listeningvalues": [{"ListeningId": 0, "ParameterID": 1, "Value": 230.5626220703125}, {"ListeningId": 0, "ParameterID": 2, "Value": 232.1339569091797}, {"ListeningId": 0, "ParameterID": 3, "Value": 230.0298309326172}, {"ListeningId": 0, "ParameterID": 4, "Value": 400.6834716796875}, {"ListeningId": 0, "ParameterID": 5, "Value": 400.36944580078125}, {"ListeningId": 0, "ParameterID": 6, "Value": 399.2299499511719}, {"ListeningId": 0, "ParameterID": 7, "Value": 2.3173329830169678}, {"ListeningId": 0, "ParameterID": 8, "Value": 1.8603191375732422}, {"ListeningId": 0, "ParameterID": 9, "Value": 2.7123544216156006}, {"ListeningId": 0, "ParameterID": 17, "Value": 524.691162109375}, {"ListeningId": 0, "ParameterID": 18, "Value": 432.4113464355469}, {"ListeningId": 0, "ParameterID": 19, "Value": 595.7742919921875}, {"ListeningId": 0, "ParameterID": 20, "Value": 1553.4024658203125}, {"ListeningId": 0, "ParameterID": 21, "Value": 534.7007446289062}, {"ListeningId": 0, "ParameterID": 22, "Value": 432.42254638671875}, {"ListeningId": 0, "ParameterID": 23, "Value": 624.4385986328125}, {"ListeningId": 0, "ParameterID": 24, "Value": 1591.0640869140625}, {"ListeningId": 0, "ParameterID": 25, "Value": 105.29694366455078}, {"ListeningId": 0, "ParameterID": 26, "Value": 0.0}, {"ListeningId": 0, "ParameterID": 27, "Value": 185.4466552734375}, {"ListeningId": 0, "ParameterID": 28, "Value": 290.65521240234375}, {"ListeningId": 0, "ParameterID": 13, "Value": 0.9826681017875671}, {"ListeningId": 0, "ParameterID": 14, "Value": 1.0}, {"ListeningId": 0, "ParameterID": 15, "Value": 0.9816334843635559}, {"ListeningId": 0, "ParameterID": 16, "Value": 0.988100528717041}, {"ListeningId": 0, "ParameterID": 10, "Value": 50.02487564086914}, {"ListeningId": 0, "ParameterID": 11, "Value": 50.02487564086914}, {"ListeningId": 0, "ParameterID": 12, "Value": 50.02487564086914}, {"ListeningId": 0, "ParameterID": 32, "Value": 8254.748046875}]}, {"ListeningId": 0, "MeterId": 11, "Timestamp": 1632425580, "listeningvalues": [{"ListeningId": 0, "ParameterID": 1, "Value": 230.61102294921875}, {"ListeningId": 0, "ParameterID": 2, "Value": 231.33139038085938}, {"ListeningId": 0, "ParameterID": 3, "Value": 230.0717315673828}, {"ListeningId": 0, "ParameterID": 4, "Value": 400.3465270996094}, {"ListeningId": 0, "ParameterID": 5, "Value": 399.3974914550781}, {"ListeningId": 0, "ParameterID": 6, "Value": 399.1054382324219}, {"ListeningId": 0, "ParameterID": 7, "Value": 2.355452537536621}, {"ListeningId": 0, "ParameterID": 8, "Value": 1.8774653673171997}, {"ListeningId": 0, "ParameterID": 9, "Value": 3.0710434913635254}, {"ListeningId": 0, "ParameterID": 17, "Value": 530.6814575195312}, {"ListeningId": 0, "ParameterID": 18, "Value": 434.3166809082031}, {"ListeningId": 0, "ParameterID": 19, "Value": 691.2533569335938}, {"ListeningId": 0, "ParameterID": 20, "Value": 1656.25146484375}, {"ListeningId": 0, "ParameterID": 21, "Value": 543.1932983398438}, {"ListeningId": 0, "ParameterID": 22, "Value": 434.3166809082031}, {"ListeningId": 0, "ParameterID": 23, "Value": 706.560302734375}, {"ListeningId": 0, "ParameterID": 24, "Value": 1684.0703125}, {"ListeningId": 0, "ParameterID": 25, "Value": 115.91443634033203}, {"ListeningId": 0, "ParameterID": 26, "Value": 0.0}, {"ListeningId": 0, "ParameterID": 27, "Value": 146.27456665039062}, {"ListeningId": 0, "ParameterID": 28, "Value": 262.1889953613281}, {"ListeningId": 0, "ParameterID": 13, "Value": 0.976966142654419}, {"ListeningId": 0, "ParameterID": 14, "Value": 1.0}, {"ListeningId": 0, "ParameterID": 15, "Value": 0.978335976600647}, {"ListeningId": 0, "ParameterID": 16, "Value": 0.9851007461547852}, {"ListeningId": 0, "ParameterID": 10, "Value": 50.13756561279297}, {"ListeningId": 0, "ParameterID": 11, "Value": 50.13756561279297}, {"ListeningId": 0, "ParameterID": 12, "Value": 50.13756561279297}, {"ListeningId": 0, "ParameterID": 32, "Value": 6666.5224609375}]}, {"ListeningId": 0, "MeterId": 12, "Timestamp": 1632425580, "listeningvalues": [{"ListeningId": 0, "ParameterID": 1, "Value": 231.69024658203125}, {"ListeningId": 0, "ParameterID": 2, "Value": 231.83404541015625}, {"ListeningId": 0, "ParameterID": 3, "Value": 229.8201904296875}, {"ListeningId": 0, "ParameterID": 4, "Value": 401.5627746582031}, {"ListeningId": 0, "ParameterID": 5, "Value": 400.1176452636719}, {"ListeningId": 0, "ParameterID": 6, "Value": 399.8014221191406}, {"ListeningId": 0, "ParameterID": 7, "Value": 2.525799512863159}, {"ListeningId": 0, "ParameterID": 8, "Value": 1.9331984519958496}, {"ListeningId": 0, "ParameterID": 9, "Value": 2.814553737640381}, {"ListeningId": 0, "ParameterID": 17, "Value": 567.5582885742188}, {"ListeningId": 0, "ParameterID": 18, "Value": 446.0693664550781}, {"ListeningId": 0, "ParameterID": 19, "Value": 640.4487915039062}, {"ListeningId": 0, "ParameterID": 20, "Value": 1652.8472900390625}, {"ListeningId": 0, "ParameterID": 21, "Value": 585.1178588867188}, {"ListeningId": 0, "ParameterID": 22, "Value": 448.365966796875}, {"ListeningId": 0, "ParameterID": 23, "Value": 646.7130126953125}, {"ListeningId": 0, "ParameterID": 24, "Value": 1679.3648681640625}, {"ListeningId": 0, "ParameterID": 25, "Value": 144.67845153808594}, {"ListeningId": 0, "ParameterID": 26, "Value": 38.162113189697266}, {"ListeningId": 0, "ParameterID": 27, "Value": 93.0099105834961}, {"ListeningId": 0, "ParameterID": 28, "Value": 275.6296691894531}, {"ListeningId": 0, "ParameterID": 13, "Value": 0.9921171069145203}, {"ListeningId": 0, "ParameterID": 14, "Value": 1.0}, {"ListeningId": 0, "ParameterID": 15, "Value": 0.9461691975593567}, {"ListeningId": 0, "ParameterID": 16, "Value": 0.979428768157959}, {"ListeningId": 0, "ParameterID": 10, "Value": 50.13756561279297}, {"ListeningId": 0, "ParameterID": 11, "Value": 50.13756561279297}, {"ListeningId": 0, "ParameterID": 12, "Value": 50.13756561279297}, {"ListeningId": 0, "ParameterID": 32, "Value": 6666.45751953125}]}]