[{"ListeningId": 0, "MeterId": 1, "Timestamp": 1632426000, "listeningvalues": [{"ListeningId": 0, "ParameterID": 1, "Value": 230.39317321777344}, {"ListeningId": 0, "ParameterID": 2, "Value": 231.56234741210938}, {"ListeningId": 0, "ParameterID": 3, "Value": 230.189697265625}, {"ListeningId": 0, "ParameterID": 4, "Value": 399.8501281738281}, {"ListeningId": 0, "ParameterID": 5, "Value": 399.56201171875}, {"ListeningId": 0, "ParameterID": 6, "Value": 398.626708984375}, {"ListeningId": 0, "ParameterID": 7, "Value": 2.6773111820220947}, {"ListeningId": 0, "ParameterID": 8, "Value": 2.232954740524292}, {"ListeningId": 0, "ParameterID": 9, "Value": 3.123488664627075}, {"ListeningId": 0, "ParameterID": 17, "Value": 611.3682861328125}, {"ListeningId": 0, "ParameterID": 18, "Value": 517.0682373046875}, {"ListeningId": 0, "ParameterID": 19, "Value": 684.8576049804688}, {"ListeningId": 0, "ParameterID": 20, "Value": 1813.294189453125}, {"ListeningId": 0, "ParameterID": 21, "Value": 616.834228515625}, {"ListeningId": 0, "ParameterID": 22, "Value": 517.0682373046875}, {"ListeningId": 0, "ParameterID": 23, "Value": 718.9949340820312}, {"ListeningId": 0, "ParameterID": 24, "Value": 1852.8974609375}, {"ListeningId": 0, "ParameterID": 25, "Value": 81.93461608886719}, {"ListeningId": 0, "ParameterID": 26, "Value": 0.0}, {"ListeningId": 0, "ParameterID": 27, "Value": 218.91500854492188}, {"ListeningId": 0, "ParameterID": 28, "Value": 300.849609375}, {"ListeningId": 0, "ParameterID": 13, "Value": 0.9647637605667114}, {"ListeningId": 0, "ParameterID": 14, "Value": 1.0}, {"ListeningId": 0, "ParameterID": 15, "Value": 0.9549286365509033}, {"ListeningId": 0, "ParameterID": 16, "Value": 0.9732308387756348}, {"ListeningId": 0, "ParameterID": 10, "Value": 50.178199768066406}, {"ListeningId": 0, "ParameterID": 11, "Value": 50.178199768066406}, {"ListeningId": 0, "ParameterID": 12, "Value": 50.178199768066406}, {"ListeningId": 0, "ParameterID": 32, "Value": 6857.40380859375}]}, {"ListeningId": 0, "MeterId": 2, "Timestamp": 1632426000, "listeningvalues": [{"ListeningId": 0, "ParameterID": 1, "Value": 230.864013671875}, {"ListeningId": 0, "ParameterID": 2, "Value": 231.47296142578125}, {"ListeningId": 0, "ParameterID": 3, "Value": 229.74041748046875}, {"ListeningId": 0, "ParameterID": 4, "Value": 400.4437561035156}, {"ListeningId": 0, "ParameterID": 5, "Value": 399.12786865234375}, {"ListeningId": 0, "ParameterID": 6, "Value": 398.8166809082031}, {"ListeningId": 0, "ParameterID": 7, "Value": 2.7140471935272217}, {"ListeningId": 0, "ParameterID": 8, "Value": 1.7722772359848022}, {"ListeningId": 0, "ParameterID": 9, "Value": 2.7424328327178955}, {"ListeningId": 0, "ParameterID": 17, "Value": 611.1241455078125}, {"ListeningId": 0, "ParameterID": 18, "Value": 407.2327575683594}, {"ListeningId": 0, "ParameterID": 19, "Value": 612.231201171875}, {"ListeningId": 0, "ParameterID": 20, "Value": 1630.588134765625}, {"ListeningId": 0, "ParameterID": 21, "Value": 626.5758056640625}, {"ListeningId": 0, "ParameterID": 22, "Value": 410.2342529296875}, {"ListeningId": 0, "ParameterID": 23, "Value": 630.0476684570312}, {"ListeningId": 0, "ParameterID": 24, "Value": 1666.857666015625}, {"ListeningId": 0, "ParameterID": 25, "Value": 138.29147338867188}, {"ListeningId": 0, "ParameterID": 26, "Value": 49.534080505371094}, {"ListeningId": 0, "ParameterID": 27, "Value": 148.77174377441406}, {"ListeningId": 0, "ParameterID": 28, "Value": 336.5972900390625}, {"ListeningId": 0, "ParameterID": 13, "Value": 0.9753395318984985}, {"ListeningId": 0, "ParameterID": 14, "Value": 0.992683470249176}, {"ListeningId": 0, "ParameterID": 15, "Value": 0.9717220067977905}, {"ListeningId": 0, "ParameterID": 16, "Value": 0.9799149632453918}, {"ListeningId": 0, "ParameterID": 10, "Value": 50.15052032470703}, {"ListeningId": 0, "ParameterID": 11, "Value": 50.15052032470703}, {"ListeningId": 0, "ParameterID": 12, "Value": 50.15052032470703}, {"ListeningId": 0, "ParameterID": 32, "Value": 6862.70849609375}]}, {"ListeningId": 0, "MeterId": 3, "Timestamp": 1632426000, "listeningvalues": [{"ListeningId": 0, "ParameterID": 1, "Value": 230.82046508789062}, {"ListeningId": 0, "ParameterID": 2, "Value": 231.521484375}, {"ListeningId": 0, "ParameterID": 3, "Value": 231.0396270751953}, {"ListeningId": 0, "ParameterID": 4, "Value": 400.030029296875}, {"ListeningId": 0, "ParameterID": 5, "Value": 400.57318115234375}, {"ListeningId": 0, "ParameterID": 6, "Value": 400.066650390625}, {"ListeningId": 0, "ParameterID": 7, "Value": 2.622993230819702}, {"ListeningId": 0, "ParameterID": 8, "Value": 1.9056735038757324}, {"ListeningId": 0, "ParameterID": 9, "Value": 2.9586195945739746}, {"ListeningId": 0, "ParameterID": 17, "Value": 596.6773681640625}, {"ListeningId": 0, "ParameterID": 18, "Value": 440.58990478515625}, {"ListeningId": 0, "ParameterID": 19, "Value": 663.6652221679688}, {"ListeningId": 0, "ParameterID": 20, "Value": 1702.5955810546875}, {"ListeningId": 0, "ParameterID": 21, "Value": 605.5538940429688}, {"ListeningId": 0, "ParameterID": 22, "Value": 440.7489318847656}, {"ListeningId": 0, "ParameterID": 23, "Value": 684.0346069335938}, {"ListeningId": 0, "ParameterID": 24, "Value": 1728.765869140625}, {"ListeningId": 0, "ParameterID": 25, "Value": 104.78157043457031}, {"ListeningId": 0, "ParameterID": 26, "Value": 0.0}, {"ListeningId": 0, "ParameterID": 27, "Value": 163.1968994140625}, {"ListeningId": 0, "ParameterID": 28, "Value": 267.96539306640625}, {"ListeningId": 0, "ParameterID": 13, "Value": 0.9848843216896057}, {"ListeningId": 0, "ParameterID": 14, "Value": 1.0}, {"ListeningId": 0, "ParameterID": 15, "Value": 0.971100926399231}, {"ListeningId": 0, "ParameterID": 16, "Value": 0.9853283762931824}, {"ListeningId": 0, "ParameterID": 10, "Value": 50.15052032470703}, {"ListeningId": 0, "ParameterID": 11, "Value": 50.15052032470703}, {"ListeningId": 0, "ParameterID": 12, "Value": 50.15052032470703}, {"ListeningId": 0, "ParameterID": 32, "Value": 6864.5703125}]}, {"ListeningId": 0, "MeterId": 4, "Timestamp": 1632426000, "listeningvalues": [{"ListeningId": 0, "ParameterID": 1, "Value": 231.25511169433594}, {"ListeningId": 0, "ParameterID": 2, "Value": 231.48475646972656}, {"ListeningId": 0, "ParameterID": 3, "Value": 230.9107208251953}, {"ListeningId": 0, "ParameterID": 4, "Value": 401.0046081542969}, {"ListeningId": 0, "ParameterID": 5, "Value": 400.7080993652344}, {"ListeningId": 0, "ParameterID": 6, "Value": 399.8500671386719}, {"ListeningId": 0, "ParameterID": 7, "Value": 2.2896697521209717}, {"ListeningId": 0, "ParameterID": 8, "Value": 1.9543112516403198}, {"ListeningId": 0, "ParameterID": 9, "Value": 2.9545087814331055}, {"ListeningId": 0, "ParameterID": 17, "Value": 510.49566650390625}, {"ListeningId": 0, "ParameterID": 18, "Value": 452.4675598144531}, {"ListeningId": 0, "ParameterID": 19, "Value": 666.244140625}, {"ListeningId": 0, "ParameterID": 20, "Value": 1630.3115234375}, {"ListeningId": 0, "ParameterID": 21, "Value": 529.5262451171875}, {"ListeningId": 0, "ParameterID": 22, "Value": 452.0845642089844}, {"ListeningId": 0, "ParameterID": 23, "Value": 682.7838745117188}, {"ListeningId": 0, "ParameterID": 24, "Value": 1665.6724853515625}, {"ListeningId": 0, "ParameterID": 25, "Value": 140.94369506835938}, {"ListeningId": 0, "ParameterID": 26, "Value": 0.0}, {"ListeningId": 0, "ParameterID": 27, "Value": 147.99143981933594}, {"ListeningId": 0, "ParameterID": 28, "Value": 288.8656311035156}, {"ListeningId": 0, "ParameterID": 13, "Value": 0.9774556159973145}, {"ListeningId": 0, "ParameterID": 14, "Value": 0.9912722706794739}, {"ListeningId": 0, "ParameterID": 15, "Value": 0.9652391672134399}, {"ListeningId": 0, "ParameterID": 16, "Value": 0.9779890179634094}, {"ListeningId": 0, "ParameterID": 10, "Value": 50.15052032470703}, {"ListeningId": 0, "ParameterID": 11, "Value": 50.15052032470703}, {"ListeningId": 0, "ParameterID": 12, "Value": 50.15052032470703}, {"ListeningId": 0, "ParameterID": 32, "Value": 6863.93798828125}]}, {"ListeningId": 0, "MeterId": 5, "Timestamp": 1632426000, "listeningvalues": [{"ListeningId": 0, "ParameterID": 1, "Value": 230.93081665039062}, {"ListeningId": 0, "ParameterID": 2, "Value": 232.6947784423828}, {"ListeningId": 0, "ParameterID": 3, "Value": 229.80130004882812}, {"ListeningId": 0, "ParameterID": 4, "Value": 401.2156677246094}, {"ListeningId": 0, "ParameterID": 5, "Value": 400.2201843261719}, {"ListeningId": 0, "ParameterID": 6, "Value": 398.8147888183594}, {"ListeningId": 0, "ParameterID": 7, "Value": 2.4615402221679688}, {"ListeningId": 0, "ParameterID": 8, "Value": 1.8424261808395386}, {"ListeningId": 0, "ParameterID": 9, "Value": 2.712489604949951}, {"ListeningId": 0, "ParameterID": 17, "Value": 565.5308227539062}, {"ListeningId": 0, "ParameterID": 18, "Value": 424.2153625488281}, {"ListeningId": 0, "ParameterID": 19, "Value": 612.843017578125}, {"ListeningId": 0, "ParameterID": 20, "Value": 1603.144775390625}, {"ListeningId": 0, "ParameterID": 21, "Value": 569.2105712890625}, {"ListeningId": 0, "ParameterID": 22, "Value": 428.580810546875}, {"ListeningId": 0, "ParameterID": 23, "Value": 623.793212890625}, {"ListeningId": 0, "ParameterID": 24, "Value": 1622.255615234375}, {"ListeningId": 0, "ParameterID": 25, "Value": 68.26899719238281}, {"ListeningId": 0, "ParameterID": 26, "Value": 58.91829299926758}, {"ListeningId": 0, "ParameterID": 27, "Value": 120.03462219238281}, {"ListeningId": 0, "ParameterID": 28, "Value": 247.0015106201172}, {"ListeningId": 0, "ParameterID": 13, "Value": 0.9762782454490662}, {"ListeningId": 0, "ParameterID": 14, "Value": 0.9993790984153748}, {"ListeningId": 0, "ParameterID": 15, "Value": 0.9550850987434387}, {"ListeningId": 0, "ParameterID": 16, "Value": 0.9769141674041748}, {"ListeningId": 0, "ParameterID": 10, "Value": 50.15052032470703}, {"ListeningId": 0, "ParameterID": 11, "Value": 50.15052032470703}, {"ListeningId": 0, "ParameterID": 12, "Value": 50.15052032470703}, {"ListeningId": 0, "ParameterID": 32, "Value": 6862.390625}]}, {"ListeningId": 0, "MeterId": 6, "Timestamp": 1632426000, "listeningvalues": [{"ListeningId": 0, "ParameterID": 1, "Value": 230.5693817138672}, {"ListeningId": 0, "ParameterID": 2, "Value": 232.17860412597656}, {"ListeningId": 0, "ParameterID": 3, "Value": 230.73968505859375}, {"ListeningId": 0, "ParameterID": 4, "Value": 401.3396301269531}, {"ListeningId": 0, "ParameterID": 5, "Value": 400.5875244140625}, {"ListeningId": 0, "ParameterID": 6, "Value": 399.2299499511719}, {"ListeningId": 0, "ParameterID": 7, "Value": 2.2853260040283203}, {"ListeningId": 0, "ParameterID": 8, "Value": 1.7804354429244995}, {"ListeningId": 0, "ParameterID": 9, "Value": 2.6944432258605957}, {"ListeningId": 0, "ParameterID": 17, "Value": 510.4155578613281}, {"ListeningId": 0, "ParameterID": 18, "Value": 413.446533203125}, {"ListeningId": 0, "ParameterID": 19, "Value": 613.7456665039062}, {"ListeningId": 0, "ParameterID": 20, "Value": 1535.899169921875}, {"ListeningId": 0, "ParameterID": 21, "Value": 527.83349609375}, {"ListeningId": 0, "ParameterID": 22, "Value": 413.64898681640625}, {"ListeningId": 0, "ParameterID": 23, "Value": 621.72509765625}, {"ListeningId": 0, "ParameterID": 24, "Value": 1563.695068359375}, {"ListeningId": 0, "ParameterID": 25, "Value": 133.970947265625}, {"ListeningId": 0, "ParameterID": 26, "Value": 0.0}, {"ListeningId": 0, "ParameterID": 27, "Value": 99.82767486572266}, {"ListeningId": 0, "ParameterID": 28, "Value": 233.6380157470703}, {"ListeningId": 0, "ParameterID": 13, "Value": 0.9735426306724548}, {"ListeningId": 0, "ParameterID": 14, "Value": 0.9906967282295227}, {"ListeningId": 0, "ParameterID": 15, "Value": 0.9708033800125122}, {"ListeningId": 0, "ParameterID": 16, "Value": 0.9783475995063782}, {"ListeningId": 0, "ParameterID": 10, "Value": 50.15052032470703}, {"ListeningId": 0, "ParameterID": 11, "Value": 50.15052032470703}, {"ListeningId": 0, "ParameterID": 12, "Value": 50.15052032470703}, {"ListeningId": 0, "ParameterID": 32, "Value": 6862.25146484375}]}, {"ListeningId": 0, "MeterId": 7, "Timestamp": 1632426000, "listeningvalues": [{"ListeningId": 0, "ParameterID": 1, "Value": 230.8031005859375}, {"ListeningId": 0, "ParameterID": 2, "Value": 232.67413330078125}, {"ListeningId": 0, "ParameterID": 3, "Value": 231.20864868164062}, {"ListeningId": 0, "ParameterID": 4, "Value": 401.37872314453125}, {"ListeningId": 0, "ParameterID": 5, "Value": 401.8895568847656}, {"ListeningId": 0, "ParameterID": 6, "Value": 399.9172058105469}, {"ListeningId": 0, "ParameterID": 7, "Value": 2.5481433868408203}, {"ListeningId": 0, "ParameterID": 8, "Value": 1.9742075204849243}, {"ListeningId": 0, "ParameterID": 9, "Value": 2.834528684616089}, {"ListeningId": 0, "ParameterID": 17, "Value": 579.2428588867188}, {"ListeningId": 0, "ParameterID": 18, "Value": 456.8561706542969}, {"ListeningId": 0, "ParameterID": 19, "Value": 623.9322509765625}, {"ListeningId": 0, "ParameterID": 20, "Value": 1660.03125}, {"ListeningId": 0, "ParameterID": 21, "Value": 588.119384765625}, {"ListeningId": 0, "ParameterID": 22, "Value": 459.3470153808594}, {"ListeningId": 0, "ParameterID": 23, "Value": 655.3675537109375}, {"ListeningId": 0, "ParameterID": 24, "Value": 1702.833984375}, {"ListeningId": 0, "ParameterID": 25, "Value": 101.79452514648438}, {"ListeningId": 0, "ParameterID": 26, "Value": 47.77159118652344}, {"ListeningId": 0, "ParameterID": 27, "Value": 200.53717041015625}, {"ListeningId": 0, "ParameterID": 28, "Value": 350.103271484375}, {"ListeningId": 0, "ParameterID": 13, "Value": 0.9849069118499756}, {"ListeningId": 0, "ParameterID": 14, "Value": 0.9945774078369141}, {"ListeningId": 0, "ParameterID": 15, "Value": 0.952034056186676}, {"ListeningId": 0, "ParameterID": 16, "Value": 0.9771727919578552}, {"ListeningId": 0, "ParameterID": 10, "Value": 50.11362075805664}, {"ListeningId": 0, "ParameterID": 11, "Value": 50.11362075805664}, {"ListeningId": 0, "ParameterID": 12, "Value": 50.11362075805664}, {"ListeningId": 0, "ParameterID": 32, "Value": 6865.66943359375}]}, {"ListeningId": 0, "MeterId": 8, "Timestamp": 1632426000, "listeningvalues": [{"ListeningId": 0, "ParameterID": 1, "Value": 230.97413635253906}, {"ListeningId": 0, "ParameterID": 2, "Value": 232.46961975097656}, {"ListeningId": 0, "ParameterID": 3, "Value": 231.06948852539062}, {"ListeningId": 0, "ParameterID": 4, "Value": 401.5530090332031}, {"ListeningId": 0, "ParameterID": 5, "Value": 401.4488525390625}, {"ListeningId": 0, "ParameterID": 6, "Value": 400.0963134765625}, {"ListeningId": 0, "ParameterID": 7, "Value": 2.5461881160736084}, {"ListeningId": 0, "ParameterID": 8, "Value": 1.9749054908752441}, {"ListeningId": 0, "ParameterID": 9, "Value": 2.8361451625823975}, {"ListeningId": 0, "ParameterID": 17, "Value": 579.5}, {"ListeningId": 0, "ParameterID": 18, "Value": 457.2121276855469}, {"ListeningId": 0, "ParameterID": 19, "Value": 624.1725463867188}, {"ListeningId": 0, "ParameterID": 20, "Value": 1660.203125}, {"ListeningId": 0, "ParameterID": 21, "Value": 587.9949951171875}, {"ListeningId": 0, "ParameterID": 22, "Value": 458.969482421875}, {"ListeningId": 0, "ParameterID": 23, "Value": 655.9202880859375}, {"ListeningId": 0, "ParameterID": 24, "Value": 1702.2437744140625}, {"ListeningId": 0, "ParameterID": 25, "Value": 101.8395767211914}, {"ListeningId": 0, "ParameterID": 26, "Value": 47.763004302978516}, {"ListeningId": 0, "ParameterID": 27, "Value": 200.3981170654297}, {"ListeningId": 0, "ParameterID": 28, "Value": 349.8356018066406}, {"ListeningId": 0, "ParameterID": 13, "Value": 0.9849069118499756}, {"ListeningId": 0, "ParameterID": 14, "Value": 0.9945774078369141}, {"ListeningId": 0, "ParameterID": 15, "Value": 0.952034056186676}, {"ListeningId": 0, "ParameterID": 16, "Value": 0.9771727919578552}, {"ListeningId": 0, "ParameterID": 10, "Value": 50.11362075805664}, {"ListeningId": 0, "ParameterID": 11, "Value": 50.11362075805664}, {"ListeningId": 0, "ParameterID": 12, "Value": 50.11362075805664}, {"ListeningId": 0, "ParameterID": 32, "Value": 6866.1279296875}]}, {"ListeningId": 0, "MeterId": 9, "Timestamp": 1632426000, "listeningvalues": [{"ListeningId": 0, "ParameterID": 1, "Value": 230.5657958984375}, {"ListeningId": 0, "ParameterID": 2, "Value": 232.79454040527344}, {"ListeningId": 0, "ParameterID": 3, "Value": 230.89920043945312}, {"ListeningId": 0, "ParameterID": 4, "Value": 400.73834228515625}, {"ListeningId": 0, "ParameterID": 5, "Value": 402.04827880859375}, {"ListeningId": 0, "ParameterID": 6, "Value": 400.0827331542969}, {"ListeningId": 0, "ParameterID": 7, "Value": 2.4574828147888184}, {"ListeningId": 0, "ParameterID": 8, "Value": 1.989027500152588}, {"ListeningId": 0, "ParameterID": 9, "Value": 2.9786264896392822}, {"ListeningId": 0, "ParameterID": 17, "Value": 560.0504150390625}, {"ListeningId": 0, "ParameterID": 18, "Value": 463.10235595703125}, {"ListeningId": 0, "ParameterID": 19, "Value": 647.47802734375}, {"ListeningId": 0, "ParameterID": 20, "Value": 1669.7249755859375}, {"ListeningId": 0, "ParameterID": 21, "Value": 566.761962890625}, {"ListeningId": 0, "ParameterID": 22, "Value": 463.5127258300781}, {"ListeningId": 0, "ParameterID": 23, "Value": 689.1905517578125}, {"ListeningId": 0, "ParameterID": 24, "Value": 1718.2376708984375}, {"ListeningId": 0, "ParameterID": 25, "Value": 86.6065902709961}, {"ListeningId": 0, "ParameterID": 26, "Value": 0.0}, {"ListeningId": 0, "ParameterID": 27, "Value": 233.95680236816406}, {"ListeningId": 0, "ParameterID": 28, "Value": 320.60321044921875}, {"ListeningId": 0, "ParameterID": 13, "Value": 0.9719629883766174}, {"ListeningId": 0, "ParameterID": 14, "Value": 0.9972715377807617}, {"ListeningId": 0, "ParameterID": 15, "Value": 0.9712947010993958}, {"ListeningId": 0, "ParameterID": 16, "Value": 0.9801763892173767}, {"ListeningId": 0, "ParameterID": 10, "Value": 50.11362075805664}, {"ListeningId": 0, "ParameterID": 11, "Value": 50.11362075805664}, {"ListeningId": 0, "ParameterID": 12, "Value": 50.11362075805664}, {"ListeningId": 0, "ParameterID": 32, "Value": 6868.650390625}]}, {"ListeningId": 0, "MeterId": 10, "Timestamp": 1632426000, "listeningvalues": [{"ListeningId": 0, "ParameterID": 1, "Value": 230.7938995361328}, {"ListeningId": 0, "ParameterID": 2, "Value": 232.58705139160156}, {"ListeningId": 0, "ParameterID": 3, "Value": 231.23291015625}, {"ListeningId": 0, "ParameterID": 4, "Value": 401.1582336425781}, {"ListeningId": 0, "ParameterID": 5, "Value": 401.761474609375}, {"ListeningId": 0, "ParameterID": 6, "Value": 400.2364196777344}, {"ListeningId": 0, "ParameterID": 7, "Value": 2.601079225540161}, {"ListeningId": 0, "ParameterID": 8, "Value": 1.7434195280075073}, {"ListeningId": 0, "ParameterID": 9, "Value": 2.8985114097595215}, {"ListeningId": 0, "ParameterID": 17, "Value": 585.2479858398438}, {"ListeningId": 0, "ParameterID": 18, "Value": 405.1856994628906}, {"ListeningId": 0, "ParameterID": 19, "Value": 652.5640869140625}, {"ListeningId": 0, "ParameterID": 20, "Value": 1644.463623046875}, {"ListeningId": 0, "ParameterID": 21, "Value": 600.825439453125}, {"ListeningId": 0, "ParameterID": 22, "Value": 405.1184387207031}, {"ListeningId": 0, "ParameterID": 23, "Value": 669.5145263671875}, {"ListeningId": 0, "ParameterID": 24, "Value": 1676.05224609375}, {"ListeningId": 0, "ParameterID": 25, "Value": 132.17396545410156}, {"ListeningId": 0, "ParameterID": 26, "Value": 0.0}, {"ListeningId": 0, "ParameterID": 27, "Value": 149.18060302734375}, {"ListeningId": 0, "ParameterID": 28, "Value": 281.260009765625}, {"ListeningId": 0, "ParameterID": 13, "Value": 0.9965013265609741}, {"ListeningId": 0, "ParameterID": 14, "Value": 1.0}, {"ListeningId": 0, "ParameterID": 15, "Value": 0.9878408312797546}, {"ListeningId": 0, "ParameterID": 16, "Value": 0.9947807192802429}, {"ListeningId": 0, "ParameterID": 10, "Value": 50.11362075805664}, {"ListeningId": 0, "ParameterID": 11, "Value": 50.11362075805664}, {"ListeningId": 0, "ParameterID": 12, "Value": 50.11362075805664}, {"ListeningId": 0, "ParameterID": 32, "Value": 8446.89453125}]}, {"ListeningId": 0, "MeterId": 11, "Timestamp": 1632426000, "listeningvalues": [{"ListeningId": 0, "ParameterID": 1, "Value": 231.7950439453125}, {"ListeningId": 0, "ParameterID": 2, "Value": 231.20736694335938}, {"ListeningId": 0, "ParameterID": 3, "Value": 230.3253631591797}, {"ListeningId": 0, "ParameterID": 4, "Value": 401.2585144042969}, {"ListeningId": 0, "ParameterID": 5, "Value": 399.6815490722656}, {"ListeningId": 0, "ParameterID": 6, "Value": 400.1716613769531}, {"ListeningId": 0, "ParameterID": 7, "Value": 2.4176793098449707}, {"ListeningId": 0, "ParameterID": 8, "Value": 1.8990533351898193}, {"ListeningId": 0, "ParameterID": 9, "Value": 2.885484218597412}, {"ListeningId": 0, "ParameterID": 17, "Value": 537.116943359375}, {"ListeningId": 0, "ParameterID": 18, "Value": 439.3236083984375}, {"ListeningId": 0, "ParameterID": 19, "Value": 632.0574340820312}, {"ListeningId": 0, "ParameterID": 20, "Value": 1609.07958984375}, {"ListeningId": 0, "ParameterID": 21, "Value": 560.1361083984375}, {"ListeningId": 0, "ParameterID": 22, "Value": 439.33294677734375}, {"ListeningId": 0, "ParameterID": 23, "Value": 664.7828369140625}, {"ListeningId": 0, "ParameterID": 24, "Value": 1665.3126220703125}, {"ListeningId": 0, "ParameterID": 25, "Value": 159.7530975341797}, {"ListeningId": 0, "ParameterID": 26, "Value": 0.0}, {"ListeningId": 0, "ParameterID": 27, "Value": 206.64080810546875}, {"ListeningId": 0, "ParameterID": 28, "Value": 366.48126220703125}, {"ListeningId": 0, "ParameterID": 13, "Value": 0.9957408308982849}, {"ListeningId": 0, "ParameterID": 14, "Value": 1.0}, {"ListeningId": 0, "ParameterID": 15, "Value": 0.9456023573875427}, {"ListeningId": 0, "ParameterID": 16, "Value": 0.9804477691650391}, {"ListeningId": 0, "ParameterID": 10, "Value": 50.11362075805664}, {"ListeningId": 0, "ParameterID": 11, "Value": 50.11362075805664}, {"ListeningId": 0, "ParameterID": 12, "Value": 50.11362075805664}, {"ListeningId": 0, "ParameterID": 32, "Value": 6858.56494140625}]}, {"ListeningId": 0, "MeterId": 12, "Timestamp": 1632426000, "listeningvalues": [{"ListeningId": 0, "ParameterID": 1, "Value": 230.8723907470703}, {"ListeningId": 0, "ParameterID": 2, "Value": 231.6595001220703}, {"ListeningId": 0, "ParameterID": 3, "Value": 230.87783813476562}, {"ListeningId": 0, "ParameterID": 4, "Value": 400.60406494140625}, {"ListeningId": 0, "ParameterID": 5, "Value": 400.47161865234375}, {"ListeningId": 0, "ParameterID": 6, "Value": 399.9535827636719}, {"ListeningId": 0, "ParameterID": 7, "Value": 2.554788827896118}, {"ListeningId": 0, "ParameterID": 8, "Value": 1.889939546585083}, {"ListeningId": 0, "ParameterID": 9, "Value": 3.0127463340759277}, {"ListeningId": 0, "ParameterID": 17, "Value": 579.270751953125}, {"ListeningId": 0, "ParameterID": 18, "Value": 433.13116455078125}, {"ListeningId": 0, "ParameterID": 19, "Value": 684.2280883789062}, {"ListeningId": 0, "ParameterID": 20, "Value": 1696.6300048828125}, {"ListeningId": 0, "ParameterID": 21, "Value": 589.8302001953125}, {"ListeningId": 0, "ParameterID": 22, "Value": 437.82244873046875}, {"ListeningId": 0, "ParameterID": 23, "Value": 695.5763549804688}, {"ListeningId": 0, "ParameterID": 24, "Value": 1723.22900390625}, {"ListeningId": 0, "ParameterID": 25, "Value": 111.10833740234375}, {"ListeningId": 0, "ParameterID": 26, "Value": 63.92097091674805}, {"ListeningId": 0, "ParameterID": 27, "Value": 125.13355255126953}, {"ListeningId": 0, "ParameterID": 28, "Value": 300.1628723144531}, {"ListeningId": 0, "ParameterID": 13, "Value": 0.9820974469184875}, {"ListeningId": 0, "ParameterID": 14, "Value": 0.9892849326133728}, {"ListeningId": 0, "ParameterID": 15, "Value": 0.9836850762367249}, {"ListeningId": 0, "ParameterID": 16, "Value": 0.9850224852561951}, {"ListeningId": 0, "ParameterID": 10, "Value": 50.06580352783203}, {"ListeningId": 0, "ParameterID": 11, "Value": 50.06580352783203}, {"ListeningId": 0, "ParameterID": 12, "Value": 50.06580352783203}, {"ListeningId": 0, "ParameterID": 32, "Value": 6857.3291015625}]}]