[{"ListeningId": 0, "MeterId": 1, "Timestamp": 1632425040, "listeningvalues": [{"ListeningId": 0, "ParameterID": 1, "Value": 231.63221740722656}, {"ListeningId": 0, "ParameterID": 2, "Value": 231.5461883544922}, {"ListeningId": 0, "ParameterID": 3, "Value": 229.7642822265625}, {"ListeningId": 0, "ParameterID": 4, "Value": 400.7969970703125}, {"ListeningId": 0, "ParameterID": 5, "Value": 399.44842529296875}, {"ListeningId": 0, "ParameterID": 6, "Value": 399.5435791015625}, {"ListeningId": 0, "ParameterID": 7, "Value": 2.6877939701080322}, {"ListeningId": 0, "ParameterID": 8, "Value": 2.1958906650543213}, {"ListeningId": 0, "ParameterID": 9, "Value": 2.99761700630188}, {"ListeningId": 0, "ParameterID": 17, "Value": 609.7174072265625}, {"ListeningId": 0, "ParameterID": 18, "Value": 504.2359313964844}, {"ListeningId": 0, "ParameterID": 19, "Value": 650.0821533203125}, {"ListeningId": 0, "ParameterID": 20, "Value": 1764.0355224609375}, {"ListeningId": 0, "ParameterID": 21, "Value": 622.5796508789062}, {"ListeningId": 0, "ParameterID": 22, "Value": 508.4501037597656}, {"ListeningId": 0, "ParameterID": 23, "Value": 688.7453002929688}, {"ListeningId": 0, "ParameterID": 24, "Value": 1819.775146484375}, {"ListeningId": 0, "ParameterID": 25, "Value": 125.89715576171875}, {"ListeningId": 0, "ParameterID": 26, "Value": 65.32717895507812}, {"ListeningId": 0, "ParameterID": 27, "Value": 227.5154571533203}, {"ListeningId": 0, "ParameterID": 28, "Value": 418.73980712890625}, {"ListeningId": 0, "ParameterID": 13, "Value": 0.9793404340744019}, {"ListeningId": 0, "ParameterID": 14, "Value": 0.9917117357254028}, {"ListeningId": 0, "ParameterID": 15, "Value": 0.9438643455505371}, {"ListeningId": 0, "ParameterID": 16, "Value": 0.9716388583183289}, {"ListeningId": 0, "ParameterID": 10, "Value": 50.08051300048828}, {"ListeningId": 0, "ParameterID": 11, "Value": 50.08051300048828}, {"ListeningId": 0, "ParameterID": 12, "Value": 50.08051300048828}, {"ListeningId": 0, "ParameterID": 32, "Value": 6418.75}]}, {"ListeningId": 0, "MeterId": 2, "Timestamp": 1632425040, "listeningvalues": [{"ListeningId": 0, "ParameterID": 1, "Value": 231.31591796875}, {"ListeningId": 0, "ParameterID": 2, "Value": 231.83551025390625}, {"ListeningId": 0, "ParameterID": 3, "Value": 229.89894104003906}, {"ListeningId": 0, "ParameterID": 4, "Value": 400.94488525390625}, {"ListeningId": 0, "ParameterID": 5, "Value": 399.8533630371094}, {"ListeningId": 0, "ParameterID": 6, "Value": 399.1961975097656}, {"ListeningId": 0, "ParameterID": 7, "Value": 2.673551082611084}, {"ListeningId": 0, "ParameterID": 8, "Value": 1.8238142728805542}, {"ListeningId": 0, "ParameterID": 9, "Value": 2.8069875240325928}, {"ListeningId": 0, "ParameterID": 17, "Value": 610.9995727539062}, {"ListeningId": 0, "ParameterID": 18, "Value": 417.90228271484375}, {"ListeningId": 0, "ParameterID": 19, "Value": 628.7388916015625}, {"ListeningId": 0, "ParameterID": 20, "Value": 1658.6478271484375}, {"ListeningId": 0, "ParameterID": 21, "Value": 617.8391723632812}, {"ListeningId": 0, "ParameterID": 22, "Value": 422.43505859375}, {"ListeningId": 0, "ParameterID": 23, "Value": 645.4571533203125}, {"ListeningId": 0, "ParameterID": 24, "Value": 1685.1717529296875}, {"ListeningId": 0, "ParameterID": 25, "Value": 97.78258514404297}, {"ListeningId": 0, "ParameterID": 26, "Value": 62.74016571044922}, {"ListeningId": 0, "ParameterID": 27, "Value": 146.7202911376953}, {"ListeningId": 0, "ParameterID": 28, "Value": 307.638671875}, {"ListeningId": 0, "ParameterID": 13, "Value": 0.9575096368789673}, {"ListeningId": 0, "ParameterID": 14, "Value": 1.0}, {"ListeningId": 0, "ParameterID": 15, "Value": 0.9743221402168274}, {"ListeningId": 0, "ParameterID": 16, "Value": 0.9772772789001465}, {"ListeningId": 0, "ParameterID": 10, "Value": 50.08051300048828}, {"ListeningId": 0, "ParameterID": 11, "Value": 50.08051300048828}, {"ListeningId": 0, "ParameterID": 12, "Value": 50.08051300048828}, {"ListeningId": 0, "ParameterID": 32, "Value": 6424.3291015625}]}, {"ListeningId": 0, "MeterId": 3, "Timestamp": 1632425040, "listeningvalues": [{"ListeningId": 0, "ParameterID": 1, "Value": 231.77125549316406}, {"ListeningId": 0, "ParameterID": 2, "Value": 231.4841766357422}, {"ListeningId": 0, "ParameterID": 3, "Value": 230.82025146484375}, {"ListeningId": 0, "ParameterID": 4, "Value": 401.52490234375}, {"ListeningId": 0, "ParameterID": 5, "Value": 400.2586669921875}, {"ListeningId": 0, "ParameterID": 6, "Value": 400.3916931152344}, {"ListeningId": 0, "ParameterID": 7, "Value": 2.450222969055176}, {"ListeningId": 0, "ParameterID": 8, "Value": 2.032148599624634}, {"ListeningId": 0, "ParameterID": 9, "Value": 3.0574216842651367}, {"ListeningId": 0, "ParameterID": 17, "Value": 556.1856689453125}, {"ListeningId": 0, "ParameterID": 18, "Value": 470.63043212890625}, {"ListeningId": 0, "ParameterID": 19, "Value": 667.1766357421875}, {"ListeningId": 0, "ParameterID": 20, "Value": 1693.5517578125}, {"ListeningId": 0, "ParameterID": 21, "Value": 567.5886840820312}, {"ListeningId": 0, "ParameterID": 22, "Value": 470.90509033203125}, {"ListeningId": 0, "ParameterID": 23, "Value": 706.380615234375}, {"ListeningId": 0, "ParameterID": 24, "Value": 1745.0975341796875}, {"ListeningId": 0, "ParameterID": 25, "Value": 112.06351470947266}, {"ListeningId": 0, "ParameterID": 26, "Value": 0.0}, {"ListeningId": 0, "ParameterID": 27, "Value": 230.22232055664062}, {"ListeningId": 0, "ParameterID": 28, "Value": 342.1565856933594}, {"ListeningId": 0, "ParameterID": 13, "Value": 0.9804854393005371}, {"ListeningId": 0, "ParameterID": 14, "Value": 0.9863961338996887}, {"ListeningId": 0, "ParameterID": 15, "Value": 0.9857900142669678}, {"ListeningId": 0, "ParameterID": 16, "Value": 0.9842238426208496}, {"ListeningId": 0, "ParameterID": 10, "Value": 50.08051300048828}, {"ListeningId": 0, "ParameterID": 11, "Value": 50.08051300048828}, {"ListeningId": 0, "ParameterID": 12, "Value": 50.08051300048828}, {"ListeningId": 0, "ParameterID": 32, "Value": 6425.56689453125}]}, {"ListeningId": 0, "MeterId": 4, "Timestamp": 1632425040, "listeningvalues": [{"ListeningId": 0, "ParameterID": 1, "Value": 230.3854522705078}, {"ListeningId": 0, "ParameterID": 2, "Value": 231.7851104736328}, {"ListeningId": 0, "ParameterID": 3, "Value": 229.83740234375}, {"ListeningId": 0, "ParameterID": 4, "Value": 400.4093017578125}, {"ListeningId": 0, "ParameterID": 5, "Value": 399.9764099121094}, {"ListeningId": 0, "ParameterID": 6, "Value": 398.1609802246094}, {"ListeningId": 0, "ParameterID": 7, "Value": 2.3069424629211426}, {"ListeningId": 0, "ParameterID": 8, "Value": 2.203598737716675}, {"ListeningId": 0, "ParameterID": 9, "Value": 3.030778408050537}, {"ListeningId": 0, "ParameterID": 17, "Value": 513.4300537109375}, {"ListeningId": 0, "ParameterID": 18, "Value": 510.1651306152344}, {"ListeningId": 0, "ParameterID": 19, "Value": 659.8873901367188}, {"ListeningId": 0, "ParameterID": 20, "Value": 1682.0291748046875}, {"ListeningId": 0, "ParameterID": 21, "Value": 531.0300903320312}, {"ListeningId": 0, "ParameterID": 22, "Value": 510.511474609375}, {"ListeningId": 0, "ParameterID": 23, "Value": 697.4571533203125}, {"ListeningId": 0, "ParameterID": 24, "Value": 1736.94580078125}, {"ListeningId": 0, "ParameterID": 25, "Value": 135.37054443359375}, {"ListeningId": 0, "ParameterID": 26, "Value": 0.0}, {"ListeningId": 0, "ParameterID": 27, "Value": 225.89749145507812}, {"ListeningId": 0, "ParameterID": 28, "Value": 361.5570373535156}, {"ListeningId": 0, "ParameterID": 13, "Value": 0.9769124388694763}, {"ListeningId": 0, "ParameterID": 14, "Value": 1.0}, {"ListeningId": 0, "ParameterID": 15, "Value": 0.9744113683700562}, {"ListeningId": 0, "ParameterID": 16, "Value": 0.9837746620178223}, {"ListeningId": 0, "ParameterID": 10, "Value": 50.08051300048828}, {"ListeningId": 0, "ParameterID": 11, "Value": 50.08051300048828}, {"ListeningId": 0, "ParameterID": 12, "Value": 50.08051300048828}, {"ListeningId": 0, "ParameterID": 32, "Value": 6424.71923828125}]}, {"ListeningId": 0, "MeterId": 5, "Timestamp": 1632425040, "listeningvalues": [{"ListeningId": 0, "ParameterID": 1, "Value": 231.001708984375}, {"ListeningId": 0, "ParameterID": 2, "Value": 231.34349060058594}, {"ListeningId": 0, "ParameterID": 3, "Value": 230.6250762939453}, {"ListeningId": 0, "ParameterID": 4, "Value": 400.2099609375}, {"ListeningId": 0, "ParameterID": 5, "Value": 399.80706787109375}, {"ListeningId": 0, "ParameterID": 6, "Value": 399.6260681152344}, {"ListeningId": 0, "ParameterID": 7, "Value": 2.70024037361145}, {"ListeningId": 0, "ParameterID": 8, "Value": 1.9486901760101318}, {"ListeningId": 0, "ParameterID": 9, "Value": 2.816044330596924}, {"ListeningId": 0, "ParameterID": 17, "Value": 611.2237548828125}, {"ListeningId": 0, "ParameterID": 18, "Value": 450.621337890625}, {"ListeningId": 0, "ParameterID": 19, "Value": 639.1701049804688}, {"ListeningId": 0, "ParameterID": 20, "Value": 1701.5147705078125}, {"ListeningId": 0, "ParameterID": 21, "Value": 622.8052368164062}, {"ListeningId": 0, "ParameterID": 22, "Value": 450.475341796875}, {"ListeningId": 0, "ParameterID": 23, "Value": 649.4749145507812}, {"ListeningId": 0, "ParameterID": 24, "Value": 1723.82861328125}, {"ListeningId": 0, "ParameterID": 25, "Value": 117.5232162475586}, {"ListeningId": 0, "ParameterID": 26, "Value": 0.0}, {"ListeningId": 0, "ParameterID": 27, "Value": 119.43571472167969}, {"ListeningId": 0, "ParameterID": 28, "Value": 236.89891052246094}, {"ListeningId": 0, "ParameterID": 13, "Value": 0.9742066860198975}, {"ListeningId": 0, "ParameterID": 14, "Value": 1.0}, {"ListeningId": 0, "ParameterID": 15, "Value": 0.9480400085449219}, {"ListeningId": 0, "ParameterID": 16, "Value": 0.9740822315216064}, {"ListeningId": 0, "ParameterID": 10, "Value": 50.08051300048828}, {"ListeningId": 0, "ParameterID": 11, "Value": 50.08051300048828}, {"ListeningId": 0, "ParameterID": 12, "Value": 50.08051300048828}, {"ListeningId": 0, "ParameterID": 32, "Value": 6422.1943359375}]}, {"ListeningId": 0, "MeterId": 6, "Timestamp": 1632425040, "listeningvalues": [{"ListeningId": 0, "ParameterID": 1, "Value": 230.36553955078125}, {"ListeningId": 0, "ParameterID": 2, "Value": 231.9143829345703}, {"ListeningId": 0, "ParameterID": 3, "Value": 230.16004943847656}, {"ListeningId": 0, "ParameterID": 4, "Value": 400.48529052734375}, {"ListeningId": 0, "ParameterID": 5, "Value": 400.4891357421875}, {"ListeningId": 0, "ParameterID": 6, "Value": 398.7527160644531}, {"ListeningId": 0, "ParameterID": 7, "Value": 2.2803704738616943}, {"ListeningId": 0, "ParameterID": 8, "Value": 1.9788081645965576}, {"ListeningId": 0, "ParameterID": 9, "Value": 2.6992650032043457}, {"ListeningId": 0, "ParameterID": 17, "Value": 514.7310791015625}, {"ListeningId": 0, "ParameterID": 18, "Value": 458.9140625}, {"ListeningId": 0, "ParameterID": 19, "Value": 611.7726440429688}, {"ListeningId": 0, "ParameterID": 20, "Value": 1585.417724609375}, {"ListeningId": 0, "ParameterID": 21, "Value": 525.3187866210938}, {"ListeningId": 0, "ParameterID": 22, "Value": 458.9140625}, {"ListeningId": 0, "ParameterID": 23, "Value": 621.262939453125}, {"ListeningId": 0, "ParameterID": 24, "Value": 1605.495849609375}, {"ListeningId": 0, "ParameterID": 25, "Value": 104.93673706054688}, {"ListeningId": 0, "ParameterID": 26, "Value": 0.0}, {"ListeningId": 0, "ParameterID": 27, "Value": 108.17506408691406}, {"ListeningId": 0, "ParameterID": 28, "Value": 213.11180114746094}, {"ListeningId": 0, "ParameterID": 13, "Value": 0.9798451662063599}, {"ListeningId": 0, "ParameterID": 14, "Value": 1.0}, {"ListeningId": 0, "ParameterID": 15, "Value": 0.9847241640090942}, {"ListeningId": 0, "ParameterID": 16, "Value": 0.9881897568702698}, {"ListeningId": 0, "ParameterID": 10, "Value": 50.01148986816406}, {"ListeningId": 0, "ParameterID": 11, "Value": 50.01148986816406}, {"ListeningId": 0, "ParameterID": 12, "Value": 50.01148986816406}, {"ListeningId": 0, "ParameterID": 32, "Value": 6424.30419921875}]}, {"ListeningId": 0, "MeterId": 7, "Timestamp": 1632425040, "listeningvalues": [{"ListeningId": 0, "ParameterID": 1, "Value": 231.41204833984375}, {"ListeningId": 0, "ParameterID": 2, "Value": 231.99301147460938}, {"ListeningId": 0, "ParameterID": 3, "Value": 230.56117248535156}, {"ListeningId": 0, "ParameterID": 4, "Value": 401.5288391113281}, {"ListeningId": 0, "ParameterID": 5, "Value": 400.47833251953125}, {"ListeningId": 0, "ParameterID": 6, "Value": 400.2491760253906}, {"ListeningId": 0, "ParameterID": 7, "Value": 2.332552433013916}, {"ListeningId": 0, "ParameterID": 8, "Value": 1.7390059232711792}, {"ListeningId": 0, "ParameterID": 9, "Value": 3.0312204360961914}, {"ListeningId": 0, "ParameterID": 17, "Value": 524.721923828125}, {"ListeningId": 0, "ParameterID": 18, "Value": 402.93408203125}, {"ListeningId": 0, "ParameterID": 19, "Value": 658.446533203125}, {"ListeningId": 0, "ParameterID": 20, "Value": 1585.5721435546875}, {"ListeningId": 0, "ParameterID": 21, "Value": 540.2557983398438}, {"ListeningId": 0, "ParameterID": 22, "Value": 403.5423583984375}, {"ListeningId": 0, "ParameterID": 23, "Value": 697.94482421875}, {"ListeningId": 0, "ParameterID": 24, "Value": 1641.87841796875}, {"ListeningId": 0, "ParameterID": 25, "Value": 127.11273193359375}, {"ListeningId": 0, "ParameterID": 26, "Value": 0.0}, {"ListeningId": 0, "ParameterID": 27, "Value": 234.2016143798828}, {"ListeningId": 0, "ParameterID": 28, "Value": 361.6884765625}, {"ListeningId": 0, "ParameterID": 13, "Value": 0.979453980922699}, {"ListeningId": 0, "ParameterID": 14, "Value": 0.9909610152244568}, {"ListeningId": 0, "ParameterID": 15, "Value": 0.9532959461212158}, {"ListeningId": 0, "ParameterID": 16, "Value": 0.9745702743530273}, {"ListeningId": 0, "ParameterID": 10, "Value": 50.01148986816406}, {"ListeningId": 0, "ParameterID": 11, "Value": 50.01148986816406}, {"ListeningId": 0, "ParameterID": 12, "Value": 50.01148986816406}, {"ListeningId": 0, "ParameterID": 32, "Value": 6426.7890625}]}, {"ListeningId": 0, "MeterId": 8, "Timestamp": 1632425040, "listeningvalues": [{"ListeningId": 0, "ParameterID": 1, "Value": 231.37132263183594}, {"ListeningId": 0, "ParameterID": 2, "Value": 231.72801208496094}, {"ListeningId": 0, "ParameterID": 3, "Value": 230.492431640625}, {"ListeningId": 0, "ParameterID": 4, "Value": 401.3686218261719}, {"ListeningId": 0, "ParameterID": 5, "Value": 400.3017578125}, {"ListeningId": 0, "ParameterID": 6, "Value": 400.4928283691406}, {"ListeningId": 0, "ParameterID": 7, "Value": 2.334333896636963}, {"ListeningId": 0, "ParameterID": 8, "Value": 1.740580439567566}, {"ListeningId": 0, "ParameterID": 9, "Value": 3.0277926921844482}, {"ListeningId": 0, "ParameterID": 17, "Value": 524.6959228515625}, {"ListeningId": 0, "ParameterID": 18, "Value": 403.384765625}, {"ListeningId": 0, "ParameterID": 19, "Value": 657.8829345703125}, {"ListeningId": 0, "ParameterID": 20, "Value": 1585.4761962890625}, {"ListeningId": 0, "ParameterID": 21, "Value": 539.8880615234375}, {"ListeningId": 0, "ParameterID": 22, "Value": 402.91802978515625}, {"ListeningId": 0, "ParameterID": 23, "Value": 698.12109375}, {"ListeningId": 0, "ParameterID": 24, "Value": 1641.8123779296875}, {"ListeningId": 0, "ParameterID": 25, "Value": 127.13220977783203}, {"ListeningId": 0, "ParameterID": 26, "Value": 0.0}, {"ListeningId": 0, "ParameterID": 27, "Value": 234.47592163085938}, {"ListeningId": 0, "ParameterID": 28, "Value": 361.36907958984375}, {"ListeningId": 0, "ParameterID": 13, "Value": 0.979453980922699}, {"ListeningId": 0, "ParameterID": 14, "Value": 0.9909610152244568}, {"ListeningId": 0, "ParameterID": 15, "Value": 0.9532959461212158}, {"ListeningId": 0, "ParameterID": 16, "Value": 0.9745702743530273}, {"ListeningId": 0, "ParameterID": 10, "Value": 50.01148986816406}, {"ListeningId": 0, "ParameterID": 11, "Value": 50.01148986816406}, {"ListeningId": 0, "ParameterID": 12, "Value": 50.01148986816406}, {"ListeningId": 0, "ParameterID": 32, "Value": 6426.7890625}]}, {"ListeningId": 0, "MeterId": 9, "Timestamp": 1632425040, "listeningvalues": [{"ListeningId": 0, "ParameterID": 1, "Value": 230.76455688476562}, {"ListeningId": 0, "ParameterID": 2, "Value": 232.48257446289062}, {"ListeningId": 0, "ParameterID": 3, "Value": 229.697265625}, {"ListeningId": 0, "ParameterID": 4, "Value": 401.5980224609375}, {"ListeningId": 0, "ParameterID": 5, "Value": 400.726318359375}, {"ListeningId": 0, "ParameterID": 6, "Value": 398.4201965332031}, {"ListeningId": 0, "ParameterID": 7, "Value": 2.671003580093384}, {"ListeningId": 0, "ParameterID": 8, "Value": 2.2148208618164062}, {"ListeningId": 0, "ParameterID": 9, "Value": 2.7064669132232666}, {"ListeningId": 0, "ParameterID": 17, "Value": 611.1906127929688}, {"ListeningId": 0, "ParameterID": 18, "Value": 515.3470458984375}, {"ListeningId": 0, "ParameterID": 19, "Value": 607.3693237304688}, {"ListeningId": 0, "ParameterID": 20, "Value": 1733.262939453125}, {"ListeningId": 0, "ParameterID": 21, "Value": 616.6421508789062}, {"ListeningId": 0, "ParameterID": 22, "Value": 515.537841796875}, {"ListeningId": 0, "ParameterID": 23, "Value": 621.388427734375}, {"ListeningId": 0, "ParameterID": 24, "Value": 1754.840087890625}, {"ListeningId": 0, "ParameterID": 25, "Value": 78.96827697753906}, {"ListeningId": 0, "ParameterID": 26, "Value": 0.0}, {"ListeningId": 0, "ParameterID": 27, "Value": 133.72764587402344}, {"ListeningId": 0, "ParameterID": 28, "Value": 212.6131134033203}, {"ListeningId": 0, "ParameterID": 13, "Value": 0.9770546555519104}, {"ListeningId": 0, "ParameterID": 14, "Value": 1.0}, {"ListeningId": 0, "ParameterID": 15, "Value": 0.9512794613838196}, {"ListeningId": 0, "ParameterID": 16, "Value": 0.9761113524436951}, {"ListeningId": 0, "ParameterID": 10, "Value": 50.01148986816406}, {"ListeningId": 0, "ParameterID": 11, "Value": 50.01148986816406}, {"ListeningId": 0, "ParameterID": 12, "Value": 50.01148986816406}, {"ListeningId": 0, "ParameterID": 32, "Value": 6430.21142578125}]}, {"ListeningId": 0, "MeterId": 10, "Timestamp": 1632425040, "listeningvalues": [{"ListeningId": 0, "ParameterID": 1, "Value": 231.15809631347656}, {"ListeningId": 0, "ParameterID": 2, "Value": 231.3402862548828}, {"ListeningId": 0, "ParameterID": 3, "Value": 230.86558532714844}, {"ListeningId": 0, "ParameterID": 4, "Value": 400.8172302246094}, {"ListeningId": 0, "ParameterID": 5, "Value": 399.9981384277344}, {"ListeningId": 0, "ParameterID": 6, "Value": 400.2803649902344}, {"ListeningId": 0, "ParameterID": 7, "Value": 2.695495367050171}, {"ListeningId": 0, "ParameterID": 8, "Value": 1.7487671375274658}, {"ListeningId": 0, "ParameterID": 9, "Value": 2.7951855659484863}, {"ListeningId": 0, "ParameterID": 17, "Value": 604.0396118164062}, {"ListeningId": 0, "ParameterID": 18, "Value": 404.3310852050781}, {"ListeningId": 0, "ParameterID": 19, "Value": 621.3530883789062}, {"ListeningId": 0, "ParameterID": 20, "Value": 1629.1766357421875}, {"ListeningId": 0, "ParameterID": 21, "Value": 623.8013305664062}, {"ListeningId": 0, "ParameterID": 22, "Value": 404.8146667480469}, {"ListeningId": 0, "ParameterID": 23, "Value": 644.9277954101562}, {"ListeningId": 0, "ParameterID": 24, "Value": 1673.1005859375}, {"ListeningId": 0, "ParameterID": 25, "Value": 153.41012573242188}, {"ListeningId": 0, "ParameterID": 26, "Value": 0.0}, {"ListeningId": 0, "ParameterID": 27, "Value": 173.5975341796875}, {"ListeningId": 0, "ParameterID": 28, "Value": 326.80584716796875}, {"ListeningId": 0, "ParameterID": 13, "Value": 0.9643219113349915}, {"ListeningId": 0, "ParameterID": 14, "Value": 0.9952182769775391}, {"ListeningId": 0, "ParameterID": 15, "Value": 0.9854466915130615}, {"ListeningId": 0, "ParameterID": 16, "Value": 0.9816622734069824}, {"ListeningId": 0, "ParameterID": 10, "Value": 50.01148986816406}, {"ListeningId": 0, "ParameterID": 11, "Value": 50.01148986816406}, {"ListeningId": 0, "ParameterID": 12, "Value": 50.01148986816406}, {"ListeningId": 0, "ParameterID": 32, "Value": 8007.90576171875}]}, {"ListeningId": 0, "MeterId": 11, "Timestamp": 1632425040, "listeningvalues": [{"ListeningId": 0, "ParameterID": 1, "Value": 231.15536499023438}, {"ListeningId": 0, "ParameterID": 2, "Value": 232.28021240234375}, {"ListeningId": 0, "ParameterID": 3, "Value": 230.76510620117188}, {"ListeningId": 0, "ParameterID": 4, "Value": 401.60205078125}, {"ListeningId": 0, "ParameterID": 5, "Value": 400.8943176269531}, {"ListeningId": 0, "ParameterID": 6, "Value": 399.6821594238281}, {"ListeningId": 0, "ParameterID": 7, "Value": 2.728611946105957}, {"ListeningId": 0, "ParameterID": 8, "Value": 2.1840343475341797}, {"ListeningId": 0, "ParameterID": 9, "Value": 2.963116407394409}, {"ListeningId": 0, "ParameterID": 17, "Value": 619.7583618164062}, {"ListeningId": 0, "ParameterID": 18, "Value": 501.3333740234375}, {"ListeningId": 0, "ParameterID": 19, "Value": 676.1478881835938}, {"ListeningId": 0, "ParameterID": 20, "Value": 1797.23974609375}, {"ListeningId": 0, "ParameterID": 21, "Value": 630.7332763671875}, {"ListeningId": 0, "ParameterID": 22, "Value": 507.3079528808594}, {"ListeningId": 0, "ParameterID": 23, "Value": 683.7838745117188}, {"ListeningId": 0, "ParameterID": 24, "Value": 1821.8251953125}, {"ListeningId": 0, "ParameterID": 25, "Value": 117.14961242675781}, {"ListeningId": 0, "ParameterID": 26, "Value": 77.62862396240234}, {"ListeningId": 0, "ParameterID": 27, "Value": 101.9039077758789}, {"ListeningId": 0, "ParameterID": 28, "Value": 296.68212890625}, {"ListeningId": 0, "ParameterID": 13, "Value": 0.9825997352600098}, {"ListeningId": 0, "ParameterID": 14, "Value": 0.9882229566574097}, {"ListeningId": 0, "ParameterID": 15, "Value": 0.9888327121734619}, {"ListeningId": 0, "ParameterID": 16, "Value": 0.9865517616271973}, {"ListeningId": 0, "ParameterID": 10, "Value": 50.171226501464844}, {"ListeningId": 0, "ParameterID": 11, "Value": 50.171226501464844}, {"ListeningId": 0, "ParameterID": 12, "Value": 50.171226501464844}, {"ListeningId": 0, "ParameterID": 32, "Value": 6420.05322265625}]}, {"ListeningId": 0, "MeterId": 12, "Timestamp": 1632425040, "listeningvalues": [{"ListeningId": 0, "ParameterID": 1, "Value": 230.60317993164062}, {"ListeningId": 0, "ParameterID": 2, "Value": 232.38047790527344}, {"ListeningId": 0, "ParameterID": 3, "Value": 230.11526489257812}, {"ListeningId": 0, "ParameterID": 4, "Value": 400.8836669921875}, {"ListeningId": 0, "ParameterID": 5, "Value": 400.6380310058594}, {"ListeningId": 0, "ParameterID": 6, "Value": 399.38720703125}, {"ListeningId": 0, "ParameterID": 7, "Value": 2.665889024734497}, {"ListeningId": 0, "ParameterID": 8, "Value": 1.8443704843521118}, {"ListeningId": 0, "ParameterID": 9, "Value": 3.074831485748291}, {"ListeningId": 0, "ParameterID": 17, "Value": 589.7921752929688}, {"ListeningId": 0, "ParameterID": 18, "Value": 428.8560485839844}, {"ListeningId": 0, "ParameterID": 19, "Value": 684.7462158203125}, {"ListeningId": 0, "ParameterID": 20, "Value": 1702.550537109375}, {"ListeningId": 0, "ParameterID": 21, "Value": 614.3285522460938}, {"ListeningId": 0, "ParameterID": 22, "Value": 428.2047119140625}, {"ListeningId": 0, "ParameterID": 23, "Value": 708.650390625}, {"ListeningId": 0, "ParameterID": 24, "Value": 1750.48193359375}, {"ListeningId": 0, "ParameterID": 25, "Value": 172.38404846191406}, {"ListeningId": 0, "ParameterID": 26, "Value": 0.0}, {"ListeningId": 0, "ParameterID": 27, "Value": 182.92616271972656}, {"ListeningId": 0, "ParameterID": 28, "Value": 355.4869384765625}, {"ListeningId": 0, "ParameterID": 13, "Value": 0.9688733220100403}, {"ListeningId": 0, "ParameterID": 14, "Value": 1.0}, {"ListeningId": 0, "ParameterID": 15, "Value": 0.9603158831596375}, {"ListeningId": 0, "ParameterID": 16, "Value": 0.976396381855011}, {"ListeningId": 0, "ParameterID": 10, "Value": 50.171226501464844}, {"ListeningId": 0, "ParameterID": 11, "Value": 50.171226501464844}, {"ListeningId": 0, "ParameterID": 12, "Value": 50.171226501464844}, {"ListeningId": 0, "ParameterID": 32, "Value": 6419.9765625}]}]