[{"ListeningId": 0, "MeterId": 1, "Timestamp": 1632423660, "listeningvalues": [{"ListeningId": 0, "ParameterID": 1, "Value": 231.2720184326172}, {"ListeningId": 0, "ParameterID": 2, "Value": 231.4845428466797}, {"ListeningId": 0, "ParameterID": 3, "Value": 229.76060485839844}, {"ListeningId": 0, "ParameterID": 4, "Value": 400.4406433105469}, {"ListeningId": 0, "ParameterID": 5, "Value": 399.5537109375}, {"ListeningId": 0, "ParameterID": 6, "Value": 398.943603515625}, {"ListeningId": 0, "ParameterID": 7, "Value": 2.695202350616455}, {"ListeningId": 0, "ParameterID": 8, "Value": 1.9291552305221558}, {"ListeningId": 0, "ParameterID": 9, "Value": 2.8340632915496826}, {"ListeningId": 0, "ParameterID": 17, "Value": 607.6817626953125}, {"ListeningId": 0, "ParameterID": 18, "Value": 445.3102722167969}, {"ListeningId": 0, "ParameterID": 19, "Value": 634.0075073242188}, {"ListeningId": 0, "ParameterID": 20, "Value": 1686.99951171875}, {"ListeningId": 0, "ParameterID": 21, "Value": 623.3248901367188}, {"ListeningId": 0, "ParameterID": 22, "Value": 446.5696105957031}, {"ListeningId": 0, "ParameterID": 23, "Value": 651.1560668945312}, {"ListeningId": 0, "ParameterID": 24, "Value": 1721.050537109375}, {"ListeningId": 0, "ParameterID": 25, "Value": 138.768798828125}, {"ListeningId": 0, "ParameterID": 26, "Value": 33.51398849487305}, {"ListeningId": 0, "ParameterID": 27, "Value": 148.45433044433594}, {"ListeningId": 0, "ParameterID": 28, "Value": 320.73712158203125}, {"ListeningId": 0, "ParameterID": 13, "Value": 0.9749037027359009}, {"ListeningId": 0, "ParameterID": 14, "Value": 0.9971799850463867}, {"ListeningId": 0, "ParameterID": 15, "Value": 0.9736644625663757}, {"ListeningId": 0, "ParameterID": 16, "Value": 0.9819160103797913}, {"ListeningId": 0, "ParameterID": 10, "Value": 50.09400939941406}, {"ListeningId": 0, "ParameterID": 11, "Value": 50.09400939941406}, {"ListeningId": 0, "ParameterID": 12, "Value": 50.09400939941406}, {"ListeningId": 0, "ParameterID": 32, "Value": 5788.623046875}]}, {"ListeningId": 0, "MeterId": 2, "Timestamp": 1632423660, "listeningvalues": [{"ListeningId": 0, "ParameterID": 1, "Value": 230.51788330078125}, {"ListeningId": 0, "ParameterID": 2, "Value": 231.43028259277344}, {"ListeningId": 0, "ParameterID": 3, "Value": 231.11390686035156}, {"ListeningId": 0, "ParameterID": 4, "Value": 400.2474365234375}, {"ListeningId": 0, "ParameterID": 5, "Value": 400.2753601074219}, {"ListeningId": 0, "ParameterID": 6, "Value": 399.65142822265625}, {"ListeningId": 0, "ParameterID": 7, "Value": 2.6172280311584473}, {"ListeningId": 0, "ParameterID": 8, "Value": 1.9844249486923218}, {"ListeningId": 0, "ParameterID": 9, "Value": 2.8514785766601562}, {"ListeningId": 0, "ParameterID": 17, "Value": 590.8577880859375}, {"ListeningId": 0, "ParameterID": 18, "Value": 454.3096923828125}, {"ListeningId": 0, "ParameterID": 19, "Value": 635.92236328125}, {"ListeningId": 0, "ParameterID": 20, "Value": 1679.423828125}, {"ListeningId": 0, "ParameterID": 21, "Value": 603.4745483398438}, {"ListeningId": 0, "ParameterID": 22, "Value": 458.89520263671875}, {"ListeningId": 0, "ParameterID": 23, "Value": 658.9629516601562}, {"ListeningId": 0, "ParameterID": 24, "Value": 1722.21044921875}, {"ListeningId": 0, "ParameterID": 25, "Value": 127.26876068115234}, {"ListeningId": 0, "ParameterID": 26, "Value": 67.0240478515625}, {"ListeningId": 0, "ParameterID": 27, "Value": 172.55079650878906}, {"ListeningId": 0, "ParameterID": 28, "Value": 366.631591796875}, {"ListeningId": 0, "ParameterID": 13, "Value": 0.9775130152702332}, {"ListeningId": 0, "ParameterID": 14, "Value": 0.989278256893158}, {"ListeningId": 0, "ParameterID": 15, "Value": 0.9651919007301331}, {"ListeningId": 0, "ParameterID": 16, "Value": 0.9773277640342712}, {"ListeningId": 0, "ParameterID": 10, "Value": 50.09400939941406}, {"ListeningId": 0, "ParameterID": 11, "Value": 50.09400939941406}, {"ListeningId": 0, "ParameterID": 12, "Value": 50.09400939941406}, {"ListeningId": 0, "ParameterID": 32, "Value": 5794.04248046875}]}, {"ListeningId": 0, "MeterId": 3, "Timestamp": 1632423660, "listeningvalues": [{"ListeningId": 0, "ParameterID": 1, "Value": 231.27577209472656}, {"ListeningId": 0, "ParameterID": 2, "Value": 232.51177978515625}, {"ListeningId": 0, "ParameterID": 3, "Value": 231.098876953125}, {"ListeningId": 0, "ParameterID": 4, "Value": 401.96417236328125}, {"ListeningId": 0, "ParameterID": 5, "Value": 401.8305358886719}, {"ListeningId": 0, "ParameterID": 6, "Value": 400.3127746582031}, {"ListeningId": 0, "ParameterID": 7, "Value": 2.7159552574157715}, {"ListeningId": 0, "ParameterID": 8, "Value": 1.803711175918579}, {"ListeningId": 0, "ParameterID": 9, "Value": 3.0790131092071533}, {"ListeningId": 0, "ParameterID": 17, "Value": 616.9560546875}, {"ListeningId": 0, "ParameterID": 18, "Value": 418.327880859375}, {"ListeningId": 0, "ParameterID": 19, "Value": 684.9672241210938}, {"ListeningId": 0, "ParameterID": 20, "Value": 1721.3726806640625}, {"ListeningId": 0, "ParameterID": 21, "Value": 628.3533935546875}, {"ListeningId": 0, "ParameterID": 22, "Value": 419.9940490722656}, {"ListeningId": 0, "ParameterID": 23, "Value": 711.0066528320312}, {"ListeningId": 0, "ParameterID": 24, "Value": 1759.6763916015625}, {"ListeningId": 0, "ParameterID": 25, "Value": 116.61979675292969}, {"ListeningId": 0, "ParameterID": 26, "Value": 39.36092758178711}, {"ListeningId": 0, "ParameterID": 27, "Value": 190.7609405517578}, {"ListeningId": 0, "ParameterID": 28, "Value": 346.6138916015625}, {"ListeningId": 0, "ParameterID": 13, "Value": 0.9785689115524292}, {"ListeningId": 0, "ParameterID": 14, "Value": 1.0}, {"ListeningId": 0, "ParameterID": 15, "Value": 0.9738574624061584}, {"ListeningId": 0, "ParameterID": 16, "Value": 0.9841421246528625}, {"ListeningId": 0, "ParameterID": 10, "Value": 50.09400939941406}, {"ListeningId": 0, "ParameterID": 11, "Value": 50.09400939941406}, {"ListeningId": 0, "ParameterID": 12, "Value": 50.09400939941406}, {"ListeningId": 0, "ParameterID": 32, "Value": 5796.15869140625}]}, {"ListeningId": 0, "MeterId": 4, "Timestamp": 1632423660, "listeningvalues": [{"ListeningId": 0, "ParameterID": 1, "Value": 231.41793823242188}, {"ListeningId": 0, "ParameterID": 2, "Value": 231.1228790283203}, {"ListeningId": 0, "ParameterID": 3, "Value": 231.0631103515625}, {"ListeningId": 0, "ParameterID": 4, "Value": 401.0030822753906}, {"ListeningId": 0, "ParameterID": 5, "Value": 400.493896484375}, {"ListeningId": 0, "ParameterID": 6, "Value": 400.1774597167969}, {"ListeningId": 0, "ParameterID": 7, "Value": 2.3462822437286377}, {"ListeningId": 0, "ParameterID": 8, "Value": 1.9248961210250854}, {"ListeningId": 0, "ParameterID": 9, "Value": 2.6898677349090576}, {"ListeningId": 0, "ParameterID": 17, "Value": 539.4194946289062}, {"ListeningId": 0, "ParameterID": 18, "Value": 443.3293151855469}, {"ListeningId": 0, "ParameterID": 19, "Value": 598.8033447265625}, {"ListeningId": 0, "ParameterID": 20, "Value": 1581.1182861328125}, {"ListeningId": 0, "ParameterID": 21, "Value": 543.0327758789062}, {"ListeningId": 0, "ParameterID": 22, "Value": 444.9566955566406}, {"ListeningId": 0, "ParameterID": 23, "Value": 621.4002075195312}, {"ListeningId": 0, "ParameterID": 24, "Value": 1608.8687744140625}, {"ListeningId": 0, "ParameterID": 25, "Value": 66.34957122802734}, {"ListeningId": 0, "ParameterID": 26, "Value": 37.0404167175293}, {"ListeningId": 0, "ParameterID": 27, "Value": 164.7991485595703}, {"ListeningId": 0, "ParameterID": 28, "Value": 268.21624755859375}, {"ListeningId": 0, "ParameterID": 13, "Value": 0.9577818512916565}, {"ListeningId": 0, "ParameterID": 14, "Value": 1.0}, {"ListeningId": 0, "ParameterID": 15, "Value": 0.9899733066558838}, {"ListeningId": 0, "ParameterID": 16, "Value": 0.9825850129127502}, {"ListeningId": 0, "ParameterID": 10, "Value": 50.09400939941406}, {"ListeningId": 0, "ParameterID": 11, "Value": 50.09400939941406}, {"ListeningId": 0, "ParameterID": 12, "Value": 50.09400939941406}, {"ListeningId": 0, "ParameterID": 32, "Value": 5795.0927734375}]}, {"ListeningId": 0, "MeterId": 5, "Timestamp": 1632423660, "listeningvalues": [{"ListeningId": 0, "ParameterID": 1, "Value": 230.58079528808594}, {"ListeningId": 0, "ParameterID": 2, "Value": 232.40916442871094}, {"ListeningId": 0, "ParameterID": 3, "Value": 230.39697265625}, {"ListeningId": 0, "ParameterID": 4, "Value": 400.9436950683594}, {"ListeningId": 0, "ParameterID": 5, "Value": 400.823974609375}, {"ListeningId": 0, "ParameterID": 6, "Value": 398.9143981933594}, {"ListeningId": 0, "ParameterID": 7, "Value": 2.427825450897217}, {"ListeningId": 0, "ParameterID": 8, "Value": 1.811718463897705}, {"ListeningId": 0, "ParameterID": 9, "Value": 2.7598936557769775}, {"ListeningId": 0, "ParameterID": 17, "Value": 541.1218872070312}, {"ListeningId": 0, "ParameterID": 18, "Value": 416.8036193847656}, {"ListeningId": 0, "ParameterID": 19, "Value": 617.4301147460938}, {"ListeningId": 0, "ParameterID": 20, "Value": 1576.4219970703125}, {"ListeningId": 0, "ParameterID": 21, "Value": 559.930908203125}, {"ListeningId": 0, "ParameterID": 22, "Value": 420.7505798339844}, {"ListeningId": 0, "ParameterID": 23, "Value": 635.696533203125}, {"ListeningId": 0, "ParameterID": 24, "Value": 1617.3131103515625}, {"ListeningId": 0, "ParameterID": 25, "Value": 142.1958770751953}, {"ListeningId": 0, "ParameterID": 26, "Value": 58.09559631347656}, {"ListeningId": 0, "ParameterID": 27, "Value": 151.3483428955078}, {"ListeningId": 0, "ParameterID": 28, "Value": 351.57061767578125}, {"ListeningId": 0, "ParameterID": 13, "Value": 0.9657495021820068}, {"ListeningId": 0, "ParameterID": 14, "Value": 1.0}, {"ListeningId": 0, "ParameterID": 15, "Value": 0.9604761004447937}, {"ListeningId": 0, "ParameterID": 16, "Value": 0.9754085540771484}, {"ListeningId": 0, "ParameterID": 10, "Value": 50.09400939941406}, {"ListeningId": 0, "ParameterID": 11, "Value": 50.09400939941406}, {"ListeningId": 0, "ParameterID": 12, "Value": 50.09400939941406}, {"ListeningId": 0, "ParameterID": 32, "Value": 5792.32177734375}]}, {"ListeningId": 0, "MeterId": 6, "Timestamp": 1632423660, "listeningvalues": [{"ListeningId": 0, "ParameterID": 1, "Value": 231.42974853515625}, {"ListeningId": 0, "ParameterID": 2, "Value": 231.57864379882812}, {"ListeningId": 0, "ParameterID": 3, "Value": 230.37225341796875}, {"ListeningId": 0, "ParameterID": 4, "Value": 401.07171630859375}, {"ListeningId": 0, "ParameterID": 5, "Value": 400.2972412109375}, {"ListeningId": 0, "ParameterID": 6, "Value": 399.8868103027344}, {"ListeningId": 0, "ParameterID": 7, "Value": 2.6270785331726074}, {"ListeningId": 0, "ParameterID": 8, "Value": 2.226423978805542}, {"ListeningId": 0, "ParameterID": 9, "Value": 3.0053837299346924}, {"ListeningId": 0, "ParameterID": 17, "Value": 604.5670776367188}, {"ListeningId": 0, "ParameterID": 18, "Value": 515.5922241210938}, {"ListeningId": 0, "ParameterID": 19, "Value": 663.153564453125}, {"ListeningId": 0, "ParameterID": 20, "Value": 1783.3128662109375}, {"ListeningId": 0, "ParameterID": 21, "Value": 607.984130859375}, {"ListeningId": 0, "ParameterID": 22, "Value": 515.5922241210938}, {"ListeningId": 0, "ParameterID": 23, "Value": 692.3569946289062}, {"ListeningId": 0, "ParameterID": 24, "Value": 1815.933349609375}, {"ListeningId": 0, "ParameterID": 25, "Value": 64.36905670166016}, {"ListeningId": 0, "ParameterID": 26, "Value": 0.0}, {"ListeningId": 0, "ParameterID": 27, "Value": 198.96121215820312}, {"ListeningId": 0, "ParameterID": 28, "Value": 263.33026123046875}, {"ListeningId": 0, "ParameterID": 13, "Value": 0.9943796992301941}, {"ListeningId": 0, "ParameterID": 14, "Value": 1.0}, {"ListeningId": 0, "ParameterID": 15, "Value": 0.9578202366828918}, {"ListeningId": 0, "ParameterID": 16, "Value": 0.9840666651725769}, {"ListeningId": 0, "ParameterID": 10, "Value": 50.00349426269531}, {"ListeningId": 0, "ParameterID": 11, "Value": 50.00349426269531}, {"ListeningId": 0, "ParameterID": 12, "Value": 50.00349426269531}, {"ListeningId": 0, "ParameterID": 32, "Value": 5794.009765625}]}, {"ListeningId": 0, "MeterId": 7, "Timestamp": 1632423660, "listeningvalues": [{"ListeningId": 0, "ParameterID": 1, "Value": 231.63172912597656}, {"ListeningId": 0, "ParameterID": 2, "Value": 231.75270080566406}, {"ListeningId": 0, "ParameterID": 3, "Value": 229.64805603027344}, {"ListeningId": 0, "ParameterID": 4, "Value": 401.6120910644531}, {"ListeningId": 0, "ParameterID": 5, "Value": 399.7942199707031}, {"ListeningId": 0, "ParameterID": 6, "Value": 399.30517578125}, {"ListeningId": 0, "ParameterID": 7, "Value": 2.302109956741333}, {"ListeningId": 0, "ParameterID": 8, "Value": 1.7372890710830688}, {"ListeningId": 0, "ParameterID": 9, "Value": 2.874199867248535}, {"ListeningId": 0, "ParameterID": 17, "Value": 524.9382934570312}, {"ListeningId": 0, "ParameterID": 18, "Value": 402.4781799316406}, {"ListeningId": 0, "ParameterID": 19, "Value": 628.7105712890625}, {"ListeningId": 0, "ParameterID": 20, "Value": 1557.23095703125}, {"ListeningId": 0, "ParameterID": 21, "Value": 533.865478515625}, {"ListeningId": 0, "ParameterID": 22, "Value": 402.3326416015625}, {"ListeningId": 0, "ParameterID": 23, "Value": 661.2879028320312}, {"ListeningId": 0, "ParameterID": 24, "Value": 1596.6888427734375}, {"ListeningId": 0, "ParameterID": 25, "Value": 94.40129089355469}, {"ListeningId": 0, "ParameterID": 26, "Value": 0.0}, {"ListeningId": 0, "ParameterID": 27, "Value": 200.931396484375}, {"ListeningId": 0, "ParameterID": 28, "Value": 295.4896240234375}, {"ListeningId": 0, "ParameterID": 13, "Value": 0.9842342734336853}, {"ListeningId": 0, "ParameterID": 14, "Value": 1.0}, {"ListeningId": 0, "ParameterID": 15, "Value": 0.9525818228721619}, {"ListeningId": 0, "ParameterID": 16, "Value": 0.9789387583732605}, {"ListeningId": 0, "ParameterID": 10, "Value": 50.00349426269531}, {"ListeningId": 0, "ParameterID": 11, "Value": 50.00349426269531}, {"ListeningId": 0, "ParameterID": 12, "Value": 50.00349426269531}, {"ListeningId": 0, "ParameterID": 32, "Value": 5796.16455078125}]}, {"ListeningId": 0, "MeterId": 8, "Timestamp": 1632423660, "listeningvalues": [{"ListeningId": 0, "ParameterID": 1, "Value": 231.8176727294922}, {"ListeningId": 0, "ParameterID": 2, "Value": 231.797119140625}, {"ListeningId": 0, "ParameterID": 3, "Value": 229.80526733398438}, {"ListeningId": 0, "ParameterID": 4, "Value": 401.43463134765625}, {"ListeningId": 0, "ParameterID": 5, "Value": 399.65435791015625}, {"ListeningId": 0, "ParameterID": 6, "Value": 399.9784240722656}, {"ListeningId": 0, "ParameterID": 7, "Value": 2.3021957874298096}, {"ListeningId": 0, "ParameterID": 8, "Value": 1.7358808517456055}, {"ListeningId": 0, "ParameterID": 9, "Value": 2.871666669845581}, {"ListeningId": 0, "ParameterID": 17, "Value": 525.3988037109375}, {"ListeningId": 0, "ParameterID": 18, "Value": 402.7218933105469}, {"ListeningId": 0, "ParameterID": 19, "Value": 629.490234375}, {"ListeningId": 0, "ParameterID": 20, "Value": 1557.4578857421875}, {"ListeningId": 0, "ParameterID": 21, "Value": 533.841796875}, {"ListeningId": 0, "ParameterID": 22, "Value": 402.66510009765625}, {"ListeningId": 0, "ParameterID": 23, "Value": 660.8875122070312}, {"ListeningId": 0, "ParameterID": 24, "Value": 1597.757080078125}, {"ListeningId": 0, "ParameterID": 25, "Value": 94.41154479980469}, {"ListeningId": 0, "ParameterID": 26, "Value": 0.0}, {"ListeningId": 0, "ParameterID": 27, "Value": 201.00013732910156}, {"ListeningId": 0, "ParameterID": 28, "Value": 295.3790588378906}, {"ListeningId": 0, "ParameterID": 13, "Value": 0.9597862958908081}, {"ListeningId": 0, "ParameterID": 14, "Value": 1.0}, {"ListeningId": 0, "ParameterID": 15, "Value": 0.979612410068512}, {"ListeningId": 0, "ParameterID": 16, "Value": 0.9797995686531067}, {"ListeningId": 0, "ParameterID": 10, "Value": 50.00349426269531}, {"ListeningId": 0, "ParameterID": 11, "Value": 50.00349426269531}, {"ListeningId": 0, "ParameterID": 12, "Value": 50.00349426269531}, {"ListeningId": 0, "ParameterID": 32, "Value": 5796.16455078125}]}, {"ListeningId": 0, "MeterId": 9, "Timestamp": 1632423660, "listeningvalues": [{"ListeningId": 0, "ParameterID": 1, "Value": 230.74578857421875}, {"ListeningId": 0, "ParameterID": 2, "Value": 232.36949157714844}, {"ListeningId": 0, "ParameterID": 3, "Value": 230.00364685058594}, {"ListeningId": 0, "ParameterID": 4, "Value": 400.9332580566406}, {"ListeningId": 0, "ParameterID": 5, "Value": 400.4308776855469}, {"ListeningId": 0, "ParameterID": 6, "Value": 399.1217346191406}, {"ListeningId": 0, "ParameterID": 7, "Value": 2.2373228073120117}, {"ListeningId": 0, "ParameterID": 8, "Value": 2.1501517295837402}, {"ListeningId": 0, "ParameterID": 9, "Value": 3.0533416271209717}, {"ListeningId": 0, "ParameterID": 17, "Value": 511.9621887207031}, {"ListeningId": 0, "ParameterID": 18, "Value": 498.7538146972656}, {"ListeningId": 0, "ParameterID": 19, "Value": 679.8157348632812}, {"ListeningId": 0, "ParameterID": 20, "Value": 1692.0574951171875}, {"ListeningId": 0, "ParameterID": 21, "Value": 516.0513305664062}, {"ListeningId": 0, "ParameterID": 22, "Value": 499.5072021484375}, {"ListeningId": 0, "ParameterID": 23, "Value": 701.7843627929688}, {"ListeningId": 0, "ParameterID": 24, "Value": 1715.5457763671875}, {"ListeningId": 0, "ParameterID": 25, "Value": 58.25495910644531}, {"ListeningId": 0, "ParameterID": 26, "Value": 0.0}, {"ListeningId": 0, "ParameterID": 27, "Value": 173.93630981445312}, {"ListeningId": 0, "ParameterID": 28, "Value": 232.22628784179688}, {"ListeningId": 0, "ParameterID": 13, "Value": 0.9753486514091492}, {"ListeningId": 0, "ParameterID": 14, "Value": 1.0}, {"ListeningId": 0, "ParameterID": 15, "Value": 0.9740955233573914}, {"ListeningId": 0, "ParameterID": 16, "Value": 0.9831480979919434}, {"ListeningId": 0, "ParameterID": 10, "Value": 50.00349426269531}, {"ListeningId": 0, "ParameterID": 11, "Value": 50.00349426269531}, {"ListeningId": 0, "ParameterID": 12, "Value": 50.00349426269531}, {"ListeningId": 0, "ParameterID": 32, "Value": 5800.6455078125}]}, {"ListeningId": 0, "MeterId": 10, "Timestamp": 1632423660, "listeningvalues": [{"ListeningId": 0, "ParameterID": 1, "Value": 231.09095764160156}, {"ListeningId": 0, "ParameterID": 2, "Value": 232.50462341308594}, {"ListeningId": 0, "ParameterID": 3, "Value": 229.94265747070312}, {"ListeningId": 0, "ParameterID": 4, "Value": 400.8594665527344}, {"ListeningId": 0, "ParameterID": 5, "Value": 400.3790283203125}, {"ListeningId": 0, "ParameterID": 6, "Value": 399.44903564453125}, {"ListeningId": 0, "ParameterID": 7, "Value": 2.5504605770111084}, {"ListeningId": 0, "ParameterID": 8, "Value": 1.888546347618103}, {"ListeningId": 0, "ParameterID": 9, "Value": 2.8411142826080322}, {"ListeningId": 0, "ParameterID": 17, "Value": 578.1461181640625}, {"ListeningId": 0, "ParameterID": 18, "Value": 438.9773254394531}, {"ListeningId": 0, "ParameterID": 19, "Value": 643.2973022460938}, {"ListeningId": 0, "ParameterID": 20, "Value": 1661.81982421875}, {"ListeningId": 0, "ParameterID": 21, "Value": 589.1256103515625}, {"ListeningId": 0, "ParameterID": 22, "Value": 439.5107727050781}, {"ListeningId": 0, "ParameterID": 23, "Value": 653.5404052734375}, {"ListeningId": 0, "ParameterID": 24, "Value": 1682.4339599609375}, {"ListeningId": 0, "ParameterID": 25, "Value": 108.93269348144531}, {"ListeningId": 0, "ParameterID": 26, "Value": 0.0}, {"ListeningId": 0, "ParameterID": 27, "Value": 116.4385986328125}, {"ListeningId": 0, "ParameterID": 28, "Value": 225.40957641601562}, {"ListeningId": 0, "ParameterID": 13, "Value": 0.9871664643287659}, {"ListeningId": 0, "ParameterID": 14, "Value": 0.99286288022995}, {"ListeningId": 0, "ParameterID": 15, "Value": 0.9827367067337036}, {"ListeningId": 0, "ParameterID": 16, "Value": 0.9875887036323547}, {"ListeningId": 0, "ParameterID": 10, "Value": 50.00349426269531}, {"ListeningId": 0, "ParameterID": 11, "Value": 50.00349426269531}, {"ListeningId": 0, "ParameterID": 12, "Value": 50.00349426269531}, {"ListeningId": 0, "ParameterID": 32, "Value": 7377.9501953125}]}, {"ListeningId": 0, "MeterId": 11, "Timestamp": 1632423660, "listeningvalues": [{"ListeningId": 0, "ParameterID": 1, "Value": 230.9002685546875}, {"ListeningId": 0, "ParameterID": 2, "Value": 231.86224365234375}, {"ListeningId": 0, "ParameterID": 3, "Value": 230.35968017578125}, {"ListeningId": 0, "ParameterID": 4, "Value": 400.5255126953125}, {"ListeningId": 0, "ParameterID": 5, "Value": 400.19775390625}, {"ListeningId": 0, "ParameterID": 6, "Value": 399.582763671875}, {"ListeningId": 0, "ParameterID": 7, "Value": 2.7051360607147217}, {"ListeningId": 0, "ParameterID": 8, "Value": 1.8634651899337769}, {"ListeningId": 0, "ParameterID": 9, "Value": 2.994267702102661}, {"ListeningId": 0, "ParameterID": 17, "Value": 605.9803466796875}, {"ListeningId": 0, "ParameterID": 18, "Value": 431.4292297363281}, {"ListeningId": 0, "ParameterID": 19, "Value": 675.8949584960938}, {"ListeningId": 0, "ParameterID": 20, "Value": 1713.304443359375}, {"ListeningId": 0, "ParameterID": 21, "Value": 624.6166381835938}, {"ListeningId": 0, "ParameterID": 22, "Value": 432.0672302246094}, {"ListeningId": 0, "ParameterID": 23, "Value": 689.758544921875}, {"ListeningId": 0, "ParameterID": 24, "Value": 1746.4423828125}, {"ListeningId": 0, "ParameterID": 25, "Value": 151.43893432617188}, {"ListeningId": 0, "ParameterID": 26, "Value": 23.471391677856445}, {"ListeningId": 0, "ParameterID": 27, "Value": 137.59666442871094}, {"ListeningId": 0, "ParameterID": 28, "Value": 312.5069885253906}, {"ListeningId": 0, "ParameterID": 13, "Value": 0.9701636433601379}, {"ListeningId": 0, "ParameterID": 14, "Value": 0.9985233545303345}, {"ListeningId": 0, "ParameterID": 15, "Value": 0.9799008369445801}, {"ListeningId": 0, "ParameterID": 16, "Value": 0.982862651348114}, {"ListeningId": 0, "ParameterID": 10, "Value": 50.050662994384766}, {"ListeningId": 0, "ParameterID": 11, "Value": 50.050662994384766}, {"ListeningId": 0, "ParameterID": 12, "Value": 50.050662994384766}, {"ListeningId": 0, "ParameterID": 32, "Value": 5789.87939453125}]}, {"ListeningId": 0, "MeterId": 12, "Timestamp": 1632423660, "listeningvalues": [{"ListeningId": 0, "ParameterID": 1, "Value": 230.0813446044922}, {"ListeningId": 0, "ParameterID": 2, "Value": 232.1187286376953}, {"ListeningId": 0, "ParameterID": 3, "Value": 229.65338134765625}, {"ListeningId": 0, "ParameterID": 4, "Value": 400.62994384765625}, {"ListeningId": 0, "ParameterID": 5, "Value": 400.01507568359375}, {"ListeningId": 0, "ParameterID": 6, "Value": 398.2403869628906}, {"ListeningId": 0, "ParameterID": 7, "Value": 2.2374274730682373}, {"ListeningId": 0, "ParameterID": 8, "Value": 1.8921606540679932}, {"ListeningId": 0, "ParameterID": 9, "Value": 3.123140811920166}, {"ListeningId": 0, "ParameterID": 17, "Value": 508.696533203125}, {"ListeningId": 0, "ParameterID": 18, "Value": 440.004638671875}, {"ListeningId": 0, "ParameterID": 19, "Value": 701.634033203125}, {"ListeningId": 0, "ParameterID": 20, "Value": 1650.0811767578125}, {"ListeningId": 0, "ParameterID": 21, "Value": 515.0534057617188}, {"ListeningId": 0, "ParameterID": 22, "Value": 439.5061340332031}, {"ListeningId": 0, "ParameterID": 23, "Value": 718.6599731445312}, {"ListeningId": 0, "ParameterID": 24, "Value": 1671.2462158203125}, {"ListeningId": 0, "ParameterID": 25, "Value": 79.22738647460938}, {"ListeningId": 0, "ParameterID": 26, "Value": 0.0}, {"ListeningId": 0, "ParameterID": 27, "Value": 155.04884338378906}, {"ListeningId": 0, "ParameterID": 28, "Value": 234.34210205078125}, {"ListeningId": 0, "ParameterID": 13, "Value": 0.9880679845809937}, {"ListeningId": 0, "ParameterID": 14, "Value": 1.0}, {"ListeningId": 0, "ParameterID": 15, "Value": 0.9764477014541626}, {"ListeningId": 0, "ParameterID": 16, "Value": 0.9881718754768372}, {"ListeningId": 0, "ParameterID": 10, "Value": 50.050662994384766}, {"ListeningId": 0, "ParameterID": 11, "Value": 50.050662994384766}, {"ListeningId": 0, "ParameterID": 12, "Value": 50.050662994384766}, {"ListeningId": 0, "ParameterID": 32, "Value": 5791.0}]}]