[{"ListeningId": 0, "MeterId": 1, "Timestamp": 1632423120, "listeningvalues": [{"ListeningId": 0, "ParameterID": 1, "Value": 231.5039825439453}, {"ListeningId": 0, "ParameterID": 2, "Value": 232.32167053222656}, {"ListeningId": 0, "ParameterID": 3, "Value": 230.46681213378906}, {"ListeningId": 0, "ParameterID": 4, "Value": 401.7626953125}, {"ListeningId": 0, "ParameterID": 5, "Value": 400.67779541015625}, {"ListeningId": 0, "ParameterID": 6, "Value": 400.41241455078125}, {"ListeningId": 0, "ParameterID": 7, "Value": 2.5643258094787598}, {"ListeningId": 0, "ParameterID": 8, "Value": 1.8591315746307373}, {"ListeningId": 0, "ParameterID": 9, "Value": 2.990666627883911}, {"ListeningId": 0, "ParameterID": 17, "Value": 575.9812622070312}, {"ListeningId": 0, "ParameterID": 18, "Value": 431.91656494140625}, {"ListeningId": 0, "ParameterID": 19, "Value": 663.8690795898438}, {"ListeningId": 0, "ParameterID": 20, "Value": 1671.766845703125}, {"ListeningId": 0, "ParameterID": 21, "Value": 593.651611328125}, {"ListeningId": 0, "ParameterID": 22, "Value": 431.91656494140625}, {"ListeningId": 0, "ParameterID": 23, "Value": 689.2493896484375}, {"ListeningId": 0, "ParameterID": 24, "Value": 1714.8175048828125}, {"ListeningId": 0, "ParameterID": 25, "Value": 143.76315307617188}, {"ListeningId": 0, "ParameterID": 26, "Value": 0.0}, {"ListeningId": 0, "ParameterID": 27, "Value": 185.3174591064453}, {"ListeningId": 0, "ParameterID": 28, "Value": 329.08062744140625}, {"ListeningId": 0, "ParameterID": 13, "Value": 0.9754420518875122}, {"ListeningId": 0, "ParameterID": 14, "Value": 1.0}, {"ListeningId": 0, "ParameterID": 15, "Value": 0.9732265472412109}, {"ListeningId": 0, "ParameterID": 16, "Value": 0.9828894734382629}, {"ListeningId": 0, "ParameterID": 10, "Value": 50.14329528808594}, {"ListeningId": 0, "ParameterID": 11, "Value": 50.14329528808594}, {"ListeningId": 0, "ParameterID": 12, "Value": 50.14329528808594}, {"ListeningId": 0, "ParameterID": 32, "Value": 5542.08642578125}]}, {"ListeningId": 0, "MeterId": 2, "Timestamp": 1632423120, "listeningvalues": [{"ListeningId": 0, "ParameterID": 1, "Value": 230.98655700683594}, {"ListeningId": 0, "ParameterID": 2, "Value": 232.5679473876953}, {"ListeningId": 0, "ParameterID": 3, "Value": 231.04322814941406}, {"ListeningId": 0, "ParameterID": 4, "Value": 401.5053405761719}, {"ListeningId": 0, "ParameterID": 5, "Value": 401.4003601074219}, {"ListeningId": 0, "ParameterID": 6, "Value": 400.2176818847656}, {"ListeningId": 0, "ParameterID": 7, "Value": 2.6425697803497314}, {"ListeningId": 0, "ParameterID": 8, "Value": 1.7918797731399536}, {"ListeningId": 0, "ParameterID": 9, "Value": 3.0923190116882324}, {"ListeningId": 0, "ParameterID": 17, "Value": 594.2376098632812}, {"ListeningId": 0, "ParameterID": 18, "Value": 417.5027770996094}, {"ListeningId": 0, "ParameterID": 19, "Value": 700.5628662109375}, {"ListeningId": 0, "ParameterID": 20, "Value": 1711.739013671875}, {"ListeningId": 0, "ParameterID": 21, "Value": 609.9443969726562}, {"ListeningId": 0, "ParameterID": 22, "Value": 417.5857238769531}, {"ListeningId": 0, "ParameterID": 23, "Value": 713.4852905273438}, {"ListeningId": 0, "ParameterID": 24, "Value": 1741.4127197265625}, {"ListeningId": 0, "ParameterID": 25, "Value": 139.32086181640625}, {"ListeningId": 0, "ParameterID": 26, "Value": 0.0}, {"ListeningId": 0, "ParameterID": 27, "Value": 138.30674743652344}, {"ListeningId": 0, "ParameterID": 28, "Value": 277.27862548828125}, {"ListeningId": 0, "ParameterID": 13, "Value": 0.9837008714675903}, {"ListeningId": 0, "ParameterID": 14, "Value": 1.0}, {"ListeningId": 0, "ParameterID": 15, "Value": 0.9593644738197327}, {"ListeningId": 0, "ParameterID": 16, "Value": 0.9810218214988708}, {"ListeningId": 0, "ParameterID": 10, "Value": 50.14329528808594}, {"ListeningId": 0, "ParameterID": 11, "Value": 50.14329528808594}, {"ListeningId": 0, "ParameterID": 12, "Value": 50.14329528808594}, {"ListeningId": 0, "ParameterID": 32, "Value": 5547.25341796875}]}, {"ListeningId": 0, "MeterId": 3, "Timestamp": 1632423120, "listeningvalues": [{"ListeningId": 0, "ParameterID": 1, "Value": 231.41390991210938}, {"ListeningId": 0, "ParameterID": 2, "Value": 232.3828887939453}, {"ListeningId": 0, "ParameterID": 3, "Value": 229.72474670410156}, {"ListeningId": 0, "ParameterID": 4, "Value": 401.6318054199219}, {"ListeningId": 0, "ParameterID": 5, "Value": 400.3590087890625}, {"ListeningId": 0, "ParameterID": 6, "Value": 399.10040283203125}, {"ListeningId": 0, "ParameterID": 7, "Value": 2.7018985748291016}, {"ListeningId": 0, "ParameterID": 8, "Value": 2.1565797328948975}, {"ListeningId": 0, "ParameterID": 9, "Value": 3.0665111541748047}, {"ListeningId": 0, "ParameterID": 17, "Value": 618.183837890625}, {"ListeningId": 0, "ParameterID": 18, "Value": 500.4835205078125}, {"ListeningId": 0, "ParameterID": 19, "Value": 688.0530395507812}, {"ListeningId": 0, "ParameterID": 20, "Value": 1808.731689453125}, {"ListeningId": 0, "ParameterID": 21, "Value": 625.8279418945312}, {"ListeningId": 0, "ParameterID": 22, "Value": 500.97906494140625}, {"ListeningId": 0, "ParameterID": 23, "Value": 704.9693603515625}, {"ListeningId": 0, "ParameterID": 24, "Value": 1833.0572509765625}, {"ListeningId": 0, "ParameterID": 25, "Value": 97.37645721435547}, {"ListeningId": 0, "ParameterID": 26, "Value": 0.0}, {"ListeningId": 0, "ParameterID": 27, "Value": 148.94076538085938}, {"ListeningId": 0, "ParameterID": 28, "Value": 246.40061950683594}, {"ListeningId": 0, "ParameterID": 13, "Value": 0.9863876700401306}, {"ListeningId": 0, "ParameterID": 14, "Value": 0.9967228174209595}, {"ListeningId": 0, "ParameterID": 15, "Value": 0.9508301019668579}, {"ListeningId": 0, "ParameterID": 16, "Value": 0.9779801368713379}, {"ListeningId": 0, "ParameterID": 10, "Value": 50.14329528808594}, {"ListeningId": 0, "ParameterID": 11, "Value": 50.14329528808594}, {"ListeningId": 0, "ParameterID": 12, "Value": 50.14329528808594}, {"ListeningId": 0, "ParameterID": 32, "Value": 5549.4794921875}]}, {"ListeningId": 0, "MeterId": 4, "Timestamp": 1632423120, "listeningvalues": [{"ListeningId": 0, "ParameterID": 1, "Value": 230.71566772460938}, {"ListeningId": 0, "ParameterID": 2, "Value": 232.28456115722656}, {"ListeningId": 0, "ParameterID": 3, "Value": 231.0750732421875}, {"ListeningId": 0, "ParameterID": 4, "Value": 400.7112121582031}, {"ListeningId": 0, "ParameterID": 5, "Value": 400.94927978515625}, {"ListeningId": 0, "ParameterID": 6, "Value": 399.5606994628906}, {"ListeningId": 0, "ParameterID": 7, "Value": 2.63655424118042}, {"ListeningId": 0, "ParameterID": 8, "Value": 1.9702097177505493}, {"ListeningId": 0, "ParameterID": 9, "Value": 3.0706467628479004}, {"ListeningId": 0, "ParameterID": 17, "Value": 600.2037963867188}, {"ListeningId": 0, "ParameterID": 18, "Value": 457.6492919921875}, {"ListeningId": 0, "ParameterID": 19, "Value": 693.0646362304688}, {"ListeningId": 0, "ParameterID": 20, "Value": 1750.917724609375}, {"ListeningId": 0, "ParameterID": 21, "Value": 608.2943725585938}, {"ListeningId": 0, "ParameterID": 22, "Value": 457.6492919921875}, {"ListeningId": 0, "ParameterID": 23, "Value": 709.5499267578125}, {"ListeningId": 0, "ParameterID": 24, "Value": 1775.4935302734375}, {"ListeningId": 0, "ParameterID": 25, "Value": 98.88092803955078}, {"ListeningId": 0, "ParameterID": 26, "Value": 0.0}, {"ListeningId": 0, "ParameterID": 27, "Value": 152.0608367919922}, {"ListeningId": 0, "ParameterID": 28, "Value": 250.9417724609375}, {"ListeningId": 0, "ParameterID": 13, "Value": 0.9866995215415955}, {"ListeningId": 0, "ParameterID": 14, "Value": 1.0}, {"ListeningId": 0, "ParameterID": 15, "Value": 0.9767665863037109}, {"ListeningId": 0, "ParameterID": 16, "Value": 0.9878220558166504}, {"ListeningId": 0, "ParameterID": 10, "Value": 50.07843017578125}, {"ListeningId": 0, "ParameterID": 11, "Value": 50.07843017578125}, {"ListeningId": 0, "ParameterID": 12, "Value": 50.07843017578125}, {"ListeningId": 0, "ParameterID": 32, "Value": 5548.40771484375}]}, {"ListeningId": 0, "MeterId": 5, "Timestamp": 1632423120, "listeningvalues": [{"ListeningId": 0, "ParameterID": 1, "Value": 231.05941772460938}, {"ListeningId": 0, "ParameterID": 2, "Value": 231.6437530517578}, {"ListeningId": 0, "ParameterID": 3, "Value": 231.00869750976562}, {"ListeningId": 0, "ParameterID": 4, "Value": 401.00799560546875}, {"ListeningId": 0, "ParameterID": 5, "Value": 400.47747802734375}, {"ListeningId": 0, "ParameterID": 6, "Value": 400.13885498046875}, {"ListeningId": 0, "ParameterID": 7, "Value": 2.6928696632385254}, {"ListeningId": 0, "ParameterID": 8, "Value": 1.9975861310958862}, {"ListeningId": 0, "ParameterID": 9, "Value": 2.8843350410461426}, {"ListeningId": 0, "ParameterID": 17, "Value": 602.528564453125}, {"ListeningId": 0, "ParameterID": 18, "Value": 462.6575927734375}, {"ListeningId": 0, "ParameterID": 19, "Value": 645.20263671875}, {"ListeningId": 0, "ParameterID": 20, "Value": 1710.4395751953125}, {"ListeningId": 0, "ParameterID": 21, "Value": 621.74169921875}, {"ListeningId": 0, "ParameterID": 22, "Value": 462.6039123535156}, {"ListeningId": 0, "ParameterID": 23, "Value": 666.7994384765625}, {"ListeningId": 0, "ParameterID": 24, "Value": 1751.606689453125}, {"ListeningId": 0, "ParameterID": 25, "Value": 154.885009765625}, {"ListeningId": 0, "ParameterID": 26, "Value": 0.0}, {"ListeningId": 0, "ParameterID": 27, "Value": 165.69744873046875}, {"ListeningId": 0, "ParameterID": 28, "Value": 320.6052551269531}, {"ListeningId": 0, "ParameterID": 13, "Value": 0.963848888874054}, {"ListeningId": 0, "ParameterID": 14, "Value": 1.0}, {"ListeningId": 0, "ParameterID": 15, "Value": 0.9477363228797913}, {"ListeningId": 0, "ParameterID": 16, "Value": 0.9705283641815186}, {"ListeningId": 0, "ParameterID": 10, "Value": 50.07843017578125}, {"ListeningId": 0, "ParameterID": 11, "Value": 50.07843017578125}, {"ListeningId": 0, "ParameterID": 12, "Value": 50.07843017578125}, {"ListeningId": 0, "ParameterID": 32, "Value": 5545.74609375}]}, {"ListeningId": 0, "MeterId": 6, "Timestamp": 1632423120, "listeningvalues": [{"ListeningId": 0, "ParameterID": 1, "Value": 230.82286071777344}, {"ListeningId": 0, "ParameterID": 2, "Value": 231.97178649902344}, {"ListeningId": 0, "ParameterID": 3, "Value": 230.28485107421875}, {"ListeningId": 0, "ParameterID": 4, "Value": 401.2746887207031}, {"ListeningId": 0, "ParameterID": 5, "Value": 400.39605712890625}, {"ListeningId": 0, "ParameterID": 6, "Value": 399.4891357421875}, {"ListeningId": 0, "ParameterID": 7, "Value": 2.404696226119995}, {"ListeningId": 0, "ParameterID": 8, "Value": 1.937463402748108}, {"ListeningId": 0, "ParameterID": 9, "Value": 2.9920105934143066}, {"ListeningId": 0, "ParameterID": 17, "Value": 532.504638671875}, {"ListeningId": 0, "ParameterID": 18, "Value": 447.21026611328125}, {"ListeningId": 0, "ParameterID": 19, "Value": 678.4483032226562}, {"ListeningId": 0, "ParameterID": 20, "Value": 1659.353759765625}, {"ListeningId": 0, "ParameterID": 21, "Value": 554.8677368164062}, {"ListeningId": 0, "ParameterID": 22, "Value": 449.4434814453125}, {"ListeningId": 0, "ParameterID": 23, "Value": 688.3551635742188}, {"ListeningId": 0, "ParameterID": 24, "Value": 1694.4071044921875}, {"ListeningId": 0, "ParameterID": 25, "Value": 156.5788116455078}, {"ListeningId": 0, "ParameterID": 26, "Value": 44.36753845214844}, {"ListeningId": 0, "ParameterID": 27, "Value": 120.25389862060547}, {"ListeningId": 0, "ParameterID": 28, "Value": 320.90179443359375}, {"ListeningId": 0, "ParameterID": 13, "Value": 0.9766145348548889}, {"ListeningId": 0, "ParameterID": 14, "Value": 0.9913485646247864}, {"ListeningId": 0, "ParameterID": 15, "Value": 0.9722720384597778}, {"ListeningId": 0, "ParameterID": 16, "Value": 0.980078399181366}, {"ListeningId": 0, "ParameterID": 10, "Value": 50.07843017578125}, {"ListeningId": 0, "ParameterID": 11, "Value": 50.07843017578125}, {"ListeningId": 0, "ParameterID": 12, "Value": 50.07843017578125}, {"ListeningId": 0, "ParameterID": 32, "Value": 5547.2978515625}]}, {"ListeningId": 0, "MeterId": 7, "Timestamp": 1632423120, "listeningvalues": [{"ListeningId": 0, "ParameterID": 1, "Value": 230.808349609375}, {"ListeningId": 0, "ParameterID": 2, "Value": 231.40252685546875}, {"ListeningId": 0, "ParameterID": 3, "Value": 230.2612762451172}, {"ListeningId": 0, "ParameterID": 4, "Value": 400.0925598144531}, {"ListeningId": 0, "ParameterID": 5, "Value": 399.86993408203125}, {"ListeningId": 0, "ParameterID": 6, "Value": 399.1687316894531}, {"ListeningId": 0, "ParameterID": 7, "Value": 2.4090402126312256}, {"ListeningId": 0, "ParameterID": 8, "Value": 1.8473745584487915}, {"ListeningId": 0, "ParameterID": 9, "Value": 2.980228900909424}, {"ListeningId": 0, "ParameterID": 17, "Value": 535.1143188476562}, {"ListeningId": 0, "ParameterID": 18, "Value": 423.0636291503906}, {"ListeningId": 0, "ParameterID": 19, "Value": 663.851806640625}, {"ListeningId": 0, "ParameterID": 20, "Value": 1622.6229248046875}, {"ListeningId": 0, "ParameterID": 21, "Value": 555.9744873046875}, {"ListeningId": 0, "ParameterID": 22, "Value": 426.8889465332031}, {"ListeningId": 0, "ParameterID": 23, "Value": 685.9635009765625}, {"ListeningId": 0, "ParameterID": 24, "Value": 1670.68115234375}, {"ListeningId": 0, "ParameterID": 25, "Value": 151.3360137939453}, {"ListeningId": 0, "ParameterID": 26, "Value": 58.59307098388672}, {"ListeningId": 0, "ParameterID": 27, "Value": 172.18446350097656}, {"ListeningId": 0, "ParameterID": 28, "Value": 381.98187255859375}, {"ListeningId": 0, "ParameterID": 13, "Value": 0.9800387024879456}, {"ListeningId": 0, "ParameterID": 14, "Value": 1.0}, {"ListeningId": 0, "ParameterID": 15, "Value": 0.9448836445808411}, {"ListeningId": 0, "ParameterID": 16, "Value": 0.9749740958213806}, {"ListeningId": 0, "ParameterID": 10, "Value": 50.07843017578125}, {"ListeningId": 0, "ParameterID": 11, "Value": 50.07843017578125}, {"ListeningId": 0, "ParameterID": 12, "Value": 50.07843017578125}, {"ListeningId": 0, "ParameterID": 32, "Value": 5548.9814453125}]}, {"ListeningId": 0, "MeterId": 8, "Timestamp": 1632423120, "listeningvalues": [{"ListeningId": 0, "ParameterID": 1, "Value": 230.85572814941406}, {"ListeningId": 0, "ParameterID": 2, "Value": 231.3612823486328}, {"ListeningId": 0, "ParameterID": 3, "Value": 230.1502227783203}, {"ListeningId": 0, "ParameterID": 4, "Value": 400.26611328125}, {"ListeningId": 0, "ParameterID": 5, "Value": 399.2723693847656}, {"ListeningId": 0, "ParameterID": 6, "Value": 399.2082214355469}, {"ListeningId": 0, "ParameterID": 7, "Value": 2.406261444091797}, {"ListeningId": 0, "ParameterID": 8, "Value": 1.84719717502594}, {"ListeningId": 0, "ParameterID": 9, "Value": 2.982940673828125}, {"ListeningId": 0, "ParameterID": 17, "Value": 535.0457763671875}, {"ListeningId": 0, "ParameterID": 18, "Value": 422.74603271484375}, {"ListeningId": 0, "ParameterID": 19, "Value": 664.1600341796875}, {"ListeningId": 0, "ParameterID": 20, "Value": 1622.7974853515625}, {"ListeningId": 0, "ParameterID": 21, "Value": 556.0183715820312}, {"ListeningId": 0, "ParameterID": 22, "Value": 427.2794189453125}, {"ListeningId": 0, "ParameterID": 23, "Value": 686.342041015625}, {"ListeningId": 0, "ParameterID": 24, "Value": 1670.323974609375}, {"ListeningId": 0, "ParameterID": 25, "Value": 151.1328582763672}, {"ListeningId": 0, "ParameterID": 26, "Value": 58.53612518310547}, {"ListeningId": 0, "ParameterID": 27, "Value": 172.11636352539062}, {"ListeningId": 0, "ParameterID": 28, "Value": 382.22344970703125}, {"ListeningId": 0, "ParameterID": 13, "Value": 0.9800387024879456}, {"ListeningId": 0, "ParameterID": 14, "Value": 1.0}, {"ListeningId": 0, "ParameterID": 15, "Value": 0.9448836445808411}, {"ListeningId": 0, "ParameterID": 16, "Value": 0.9749740958213806}, {"ListeningId": 0, "ParameterID": 10, "Value": 50.07843017578125}, {"ListeningId": 0, "ParameterID": 11, "Value": 50.07843017578125}, {"ListeningId": 0, "ParameterID": 12, "Value": 50.07843017578125}, {"ListeningId": 0, "ParameterID": 32, "Value": 5548.9814453125}]}, {"ListeningId": 0, "MeterId": 9, "Timestamp": 1632423120, "listeningvalues": [{"ListeningId": 0, "ParameterID": 1, "Value": 230.5220184326172}, {"ListeningId": 0, "ParameterID": 2, "Value": 232.23455810546875}, {"ListeningId": 0, "ParameterID": 3, "Value": 230.5106201171875}, {"ListeningId": 0, "ParameterID": 4, "Value": 400.44061279296875}, {"ListeningId": 0, "ParameterID": 5, "Value": 400.6265563964844}, {"ListeningId": 0, "ParameterID": 6, "Value": 399.0702819824219}, {"ListeningId": 0, "ParameterID": 7, "Value": 2.4451985359191895}, {"ListeningId": 0, "ParameterID": 8, "Value": 2.179159164428711}, {"ListeningId": 0, "ParameterID": 9, "Value": 3.084066867828369}, {"ListeningId": 0, "ParameterID": 17, "Value": 555.477294921875}, {"ListeningId": 0, "ParameterID": 18, "Value": 506.0760803222656}, {"ListeningId": 0, "ParameterID": 19, "Value": 675.926025390625}, {"ListeningId": 0, "ParameterID": 20, "Value": 1737.4793701171875}, {"ListeningId": 0, "ParameterID": 21, "Value": 563.672119140625}, {"ListeningId": 0, "ParameterID": 22, "Value": 506.0760803222656}, {"ListeningId": 0, "ParameterID": 23, "Value": 710.91015625}, {"ListeningId": 0, "ParameterID": 24, "Value": 1780.6583251953125}, {"ListeningId": 0, "ParameterID": 25, "Value": 95.7664794921875}, {"ListeningId": 0, "ParameterID": 26, "Value": 0.0}, {"ListeningId": 0, "ParameterID": 27, "Value": 220.2663116455078}, {"ListeningId": 0, "ParameterID": 28, "Value": 316.03277587890625}, {"ListeningId": 0, "ParameterID": 13, "Value": 0.9854617118835449}, {"ListeningId": 0, "ParameterID": 14, "Value": 1.0}, {"ListeningId": 0, "ParameterID": 15, "Value": 0.9507896304130554}, {"ListeningId": 0, "ParameterID": 16, "Value": 0.978750467300415}, {"ListeningId": 0, "ParameterID": 10, "Value": 50.070560455322266}, {"ListeningId": 0, "ParameterID": 11, "Value": 50.070560455322266}, {"ListeningId": 0, "ParameterID": 12, "Value": 50.070560455322266}, {"ListeningId": 0, "ParameterID": 32, "Value": 5555.0888671875}]}, {"ListeningId": 0, "MeterId": 10, "Timestamp": 1632423120, "listeningvalues": [{"ListeningId": 0, "ParameterID": 1, "Value": 231.52386474609375}, {"ListeningId": 0, "ParameterID": 2, "Value": 232.08297729492188}, {"ListeningId": 0, "ParameterID": 3, "Value": 230.183349609375}, {"ListeningId": 0, "ParameterID": 4, "Value": 401.4266357421875}, {"ListeningId": 0, "ParameterID": 5, "Value": 400.8369140625}, {"ListeningId": 0, "ParameterID": 6, "Value": 399.615234375}, {"ListeningId": 0, "ParameterID": 7, "Value": 2.3706843852996826}, {"ListeningId": 0, "ParameterID": 8, "Value": 2.2335805892944336}, {"ListeningId": 0, "ParameterID": 9, "Value": 3.100264310836792}, {"ListeningId": 0, "ParameterID": 17, "Value": 535.9003295898438}, {"ListeningId": 0, "ParameterID": 18, "Value": 518.4532470703125}, {"ListeningId": 0, "ParameterID": 19, "Value": 696.1358642578125}, {"ListeningId": 0, "ParameterID": 20, "Value": 1749.322265625}, {"ListeningId": 0, "ParameterID": 21, "Value": 548.0717163085938}, {"ListeningId": 0, "ParameterID": 22, "Value": 518.3319702148438}, {"ListeningId": 0, "ParameterID": 23, "Value": 714.8226318359375}, {"ListeningId": 0, "ParameterID": 24, "Value": 1782.79833984375}, {"ListeningId": 0, "ParameterID": 25, "Value": 116.2899169921875}, {"ListeningId": 0, "ParameterID": 26, "Value": 0.0}, {"ListeningId": 0, "ParameterID": 27, "Value": 163.89183044433594}, {"ListeningId": 0, "ParameterID": 28, "Value": 280.3707275390625}, {"ListeningId": 0, "ParameterID": 13, "Value": 0.9839474558830261}, {"ListeningId": 0, "ParameterID": 14, "Value": 1.0}, {"ListeningId": 0, "ParameterID": 15, "Value": 0.9782124161720276}, {"ListeningId": 0, "ParameterID": 16, "Value": 0.9873866438865662}, {"ListeningId": 0, "ParameterID": 10, "Value": 50.070560455322266}, {"ListeningId": 0, "ParameterID": 11, "Value": 50.070560455322266}, {"ListeningId": 0, "ParameterID": 12, "Value": 50.070560455322266}, {"ListeningId": 0, "ParameterID": 32, "Value": 7131.8095703125}]}, {"ListeningId": 0, "MeterId": 11, "Timestamp": 1632423120, "listeningvalues": [{"ListeningId": 0, "ParameterID": 1, "Value": 230.64166259765625}, {"ListeningId": 0, "ParameterID": 2, "Value": 232.12716674804688}, {"ListeningId": 0, "ParameterID": 3, "Value": 229.9878692626953}, {"ListeningId": 0, "ParameterID": 4, "Value": 400.4704895019531}, {"ListeningId": 0, "ParameterID": 5, "Value": 400.39178466796875}, {"ListeningId": 0, "ParameterID": 6, "Value": 398.9998474121094}, {"ListeningId": 0, "ParameterID": 7, "Value": 2.4666595458984375}, {"ListeningId": 0, "ParameterID": 8, "Value": 2.057082176208496}, {"ListeningId": 0, "ParameterID": 9, "Value": 2.831214189529419}, {"ListeningId": 0, "ParameterID": 17, "Value": 566.1873168945312}, {"ListeningId": 0, "ParameterID": 18, "Value": 476.91156005859375}, {"ListeningId": 0, "ParameterID": 19, "Value": 624.3820190429688}, {"ListeningId": 0, "ParameterID": 20, "Value": 1667.9921875}, {"ListeningId": 0, "ParameterID": 21, "Value": 569.0362548828125}, {"ListeningId": 0, "ParameterID": 22, "Value": 476.9889831542969}, {"ListeningId": 0, "ParameterID": 23, "Value": 651.0493774414062}, {"ListeningId": 0, "ParameterID": 24, "Value": 1697.7220458984375}, {"ListeningId": 0, "ParameterID": 25, "Value": 49.23051452636719}, {"ListeningId": 0, "ParameterID": 26, "Value": 0.0}, {"ListeningId": 0, "ParameterID": 27, "Value": 187.23501586914062}, {"ListeningId": 0, "ParameterID": 28, "Value": 236.3599853515625}, {"ListeningId": 0, "ParameterID": 13, "Value": 0.9837759137153625}, {"ListeningId": 0, "ParameterID": 14, "Value": 1.0}, {"ListeningId": 0, "ParameterID": 15, "Value": 0.9688273668289185}, {"ListeningId": 0, "ParameterID": 16, "Value": 0.9842011332511902}, {"ListeningId": 0, "ParameterID": 10, "Value": 50.070560455322266}, {"ListeningId": 0, "ParameterID": 11, "Value": 50.070560455322266}, {"ListeningId": 0, "ParameterID": 12, "Value": 50.070560455322266}, {"ListeningId": 0, "ParameterID": 32, "Value": 5543.41552734375}]}, {"ListeningId": 0, "MeterId": 12, "Timestamp": 1632423120, "listeningvalues": [{"ListeningId": 0, "ParameterID": 1, "Value": 230.74830627441406}, {"ListeningId": 0, "ParameterID": 2, "Value": 231.86114501953125}, {"ListeningId": 0, "ParameterID": 3, "Value": 230.29705810546875}, {"ListeningId": 0, "ParameterID": 4, "Value": 401.00360107421875}, {"ListeningId": 0, "ParameterID": 5, "Value": 399.9534912109375}, {"ListeningId": 0, "ParameterID": 6, "Value": 399.4874572753906}, {"ListeningId": 0, "ParameterID": 7, "Value": 2.597052812576294}, {"ListeningId": 0, "ParameterID": 8, "Value": 2.175229549407959}, {"ListeningId": 0, "ParameterID": 9, "Value": 2.9377858638763428}, {"ListeningId": 0, "ParameterID": 17, "Value": 594.4708862304688}, {"ListeningId": 0, "ParameterID": 18, "Value": 498.0343322753906}, {"ListeningId": 0, "ParameterID": 19, "Value": 661.7405395507812}, {"ListeningId": 0, "ParameterID": 20, "Value": 1755.4501953125}, {"ListeningId": 0, "ParameterID": 21, "Value": 598.4223022460938}, {"ListeningId": 0, "ParameterID": 22, "Value": 504.48876953125}, {"ListeningId": 0, "ParameterID": 23, "Value": 676.641357421875}, {"ListeningId": 0, "ParameterID": 24, "Value": 1778.4072265625}, {"ListeningId": 0, "ParameterID": 25, "Value": 75.87200164794922}, {"ListeningId": 0, "ParameterID": 26, "Value": 79.95453643798828}, {"ListeningId": 0, "ParameterID": 27, "Value": 138.32199096679688}, {"ListeningId": 0, "ParameterID": 28, "Value": 294.1710205078125}, {"ListeningId": 0, "ParameterID": 13, "Value": 0.9731007218360901}, {"ListeningId": 0, "ParameterID": 14, "Value": 0.998780369758606}, {"ListeningId": 0, "ParameterID": 15, "Value": 0.9862424731254578}, {"ListeningId": 0, "ParameterID": 16, "Value": 0.986041247844696}, {"ListeningId": 0, "ParameterID": 10, "Value": 50.070560455322266}, {"ListeningId": 0, "ParameterID": 11, "Value": 50.070560455322266}, {"ListeningId": 0, "ParameterID": 12, "Value": 50.070560455322266}, {"ListeningId": 0, "ParameterID": 32, "Value": 5543.87548828125}]}]