[{"ListeningId": 0, "MeterId": 1, "Timestamp": 1632423180, "listeningvalues": [{"ListeningId": 0, "ParameterID": 1, "Value": 231.15499877929688}, {"ListeningId": 0, "ParameterID": 2, "Value": 232.42779541015625}, {"ListeningId": 0, "ParameterID": 3, "Value": 229.7891387939453}, {"ListeningId": 0, "ParameterID": 4, "Value": 401.12872314453125}, {"ListeningId": 0, "ParameterID": 5, "Value": 400.64190673828125}, {"ListeningId": 0, "ParameterID": 6, "Value": 398.80859375}, {"ListeningId": 0, "ParameterID": 7, "Value": 2.6781961917877197}, {"ListeningId": 0, "ParameterID": 8, "Value": 2.0012922286987305}, {"ListeningId": 0, "ParameterID": 9, "Value": 3.107039451599121}, {"ListeningId": 0, "ParameterID": 17, "Value": 600.3599243164062}, {"ListeningId": 0, "ParameterID": 18, "Value": 465.15594482421875}, {"ListeningId": 0, "ParameterID": 19, "Value": 686.2469482421875}, {"ListeningId": 0, "ParameterID": 20, "Value": 1751.7628173828125}, {"ListeningId": 0, "ParameterID": 21, "Value": 619.0784301757812}, {"ListeningId": 0, "ParameterID": 22, "Value": 465.15594482421875}, {"ListeningId": 0, "ParameterID": 23, "Value": 713.9639282226562}, {"ListeningId": 0, "ParameterID": 24, "Value": 1798.1982421875}, {"ListeningId": 0, "ParameterID": 25, "Value": 151.0829620361328}, {"ListeningId": 0, "ParameterID": 26, "Value": 0.0}, {"ListeningId": 0, "ParameterID": 27, "Value": 197.0015869140625}, {"ListeningId": 0, "ParameterID": 28, "Value": 348.08453369140625}, {"ListeningId": 0, "ParameterID": 13, "Value": 0.9697638750076294}, {"ListeningId": 0, "ParameterID": 14, "Value": 1.0}, {"ListeningId": 0, "ParameterID": 15, "Value": 0.9611787796020508}, {"ListeningId": 0, "ParameterID": 16, "Value": 0.9769808650016785}, {"ListeningId": 0, "ParameterID": 10, "Value": 50.11492919921875}, {"ListeningId": 0, "ParameterID": 11, "Value": 50.11492919921875}, {"ListeningId": 0, "ParameterID": 12, "Value": 50.11492919921875}, {"ListeningId": 0, "ParameterID": 32, "Value": 5569.2431640625}]}, {"ListeningId": 0, "MeterId": 2, "Timestamp": 1632423180, "listeningvalues": [{"ListeningId": 0, "ParameterID": 1, "Value": 230.54771423339844}, {"ListeningId": 0, "ParameterID": 2, "Value": 232.30117797851562}, {"ListeningId": 0, "ParameterID": 3, "Value": 230.03431701660156}, {"ListeningId": 0, "ParameterID": 4, "Value": 400.635986328125}, {"ListeningId": 0, "ParameterID": 5, "Value": 400.355224609375}, {"ListeningId": 0, "ParameterID": 6, "Value": 398.6967468261719}, {"ListeningId": 0, "ParameterID": 7, "Value": 2.693471670150757}, {"ListeningId": 0, "ParameterID": 8, "Value": 2.0886950492858887}, {"ListeningId": 0, "ParameterID": 9, "Value": 2.8257997035980225}, {"ListeningId": 0, "ParameterID": 17, "Value": 595.7348022460938}, {"ListeningId": 0, "ParameterID": 18, "Value": 483.7068786621094}, {"ListeningId": 0, "ParameterID": 19, "Value": 619.9093627929688}, {"ListeningId": 0, "ParameterID": 20, "Value": 1700.315673828125}, {"ListeningId": 0, "ParameterID": 21, "Value": 619.7716674804688}, {"ListeningId": 0, "ParameterID": 22, "Value": 484.8787841796875}, {"ListeningId": 0, "ParameterID": 23, "Value": 650.9500732421875}, {"ListeningId": 0, "ParameterID": 24, "Value": 1757.5010986328125}, {"ListeningId": 0, "ParameterID": 25, "Value": 172.84011840820312}, {"ListeningId": 0, "ParameterID": 26, "Value": 32.9825553894043}, {"ListeningId": 0, "ParameterID": 27, "Value": 197.1312713623047}, {"ListeningId": 0, "ParameterID": 28, "Value": 402.98553466796875}, {"ListeningId": 0, "ParameterID": 13, "Value": 0.9734901189804077}, {"ListeningId": 0, "ParameterID": 14, "Value": 1.0}, {"ListeningId": 0, "ParameterID": 15, "Value": 0.9771953821182251}, {"ListeningId": 0, "ParameterID": 16, "Value": 0.9835618138313293}, {"ListeningId": 0, "ParameterID": 10, "Value": 50.11492919921875}, {"ListeningId": 0, "ParameterID": 11, "Value": 50.11492919921875}, {"ListeningId": 0, "ParameterID": 12, "Value": 50.11492919921875}, {"ListeningId": 0, "ParameterID": 32, "Value": 5574.90380859375}]}, {"ListeningId": 0, "MeterId": 3, "Timestamp": 1632423180, "listeningvalues": [{"ListeningId": 0, "ParameterID": 1, "Value": 230.93978881835938}, {"ListeningId": 0, "ParameterID": 2, "Value": 232.10189819335938}, {"ListeningId": 0, "ParameterID": 3, "Value": 230.33694458007812}, {"ListeningId": 0, "ParameterID": 4, "Value": 400.4134521484375}, {"ListeningId": 0, "ParameterID": 5, "Value": 399.9347229003906}, {"ListeningId": 0, "ParameterID": 6, "Value": 399.3832092285156}, {"ListeningId": 0, "ParameterID": 7, "Value": 2.3754594326019287}, {"ListeningId": 0, "ParameterID": 8, "Value": 2.0480780601501465}, {"ListeningId": 0, "ParameterID": 9, "Value": 3.0212574005126953}, {"ListeningId": 0, "ParameterID": 17, "Value": 542.8575439453125}, {"ListeningId": 0, "ParameterID": 18, "Value": 475.5132751464844}, {"ListeningId": 0, "ParameterID": 19, "Value": 679.4901123046875}, {"ListeningId": 0, "ParameterID": 20, "Value": 1697.0191650390625}, {"ListeningId": 0, "ParameterID": 21, "Value": 548.6683959960938}, {"ListeningId": 0, "ParameterID": 22, "Value": 475.3214416503906}, {"ListeningId": 0, "ParameterID": 23, "Value": 694.4457397460938}, {"ListeningId": 0, "ParameterID": 24, "Value": 1718.1500244140625}, {"ListeningId": 0, "ParameterID": 25, "Value": 77.77696990966797}, {"ListeningId": 0, "ParameterID": 26, "Value": 0.0}, {"ListeningId": 0, "ParameterID": 27, "Value": 146.96331787109375}, {"ListeningId": 0, "ParameterID": 28, "Value": 224.92665100097656}, {"ListeningId": 0, "ParameterID": 13, "Value": 0.9691559672355652}, {"ListeningId": 0, "ParameterID": 14, "Value": 1.0}, {"ListeningId": 0, "ParameterID": 15, "Value": 0.9886571764945984}, {"ListeningId": 0, "ParameterID": 16, "Value": 0.985937774181366}, {"ListeningId": 0, "ParameterID": 10, "Value": 50.11492919921875}, {"ListeningId": 0, "ParameterID": 11, "Value": 50.11492919921875}, {"ListeningId": 0, "ParameterID": 12, "Value": 50.11492919921875}, {"ListeningId": 0, "ParameterID": 32, "Value": 5577.12060546875}]}, {"ListeningId": 0, "MeterId": 4, "Timestamp": 1632423180, "listeningvalues": [{"ListeningId": 0, "ParameterID": 1, "Value": 230.7011260986328}, {"ListeningId": 0, "ParameterID": 2, "Value": 231.24134826660156}, {"ListeningId": 0, "ParameterID": 3, "Value": 231.06431579589844}, {"ListeningId": 0, "ParameterID": 4, "Value": 399.7916259765625}, {"ListeningId": 0, "ParameterID": 5, "Value": 400.5738525390625}, {"ListeningId": 0, "ParameterID": 6, "Value": 399.4833984375}, {"ListeningId": 0, "ParameterID": 7, "Value": 2.5856778621673584}, {"ListeningId": 0, "ParameterID": 8, "Value": 1.7529250383377075}, {"ListeningId": 0, "ParameterID": 9, "Value": 2.6590733528137207}, {"ListeningId": 0, "ParameterID": 17, "Value": 590.2374267578125}, {"ListeningId": 0, "ParameterID": 18, "Value": 404.7852478027344}, {"ListeningId": 0, "ParameterID": 19, "Value": 588.3043823242188}, {"ListeningId": 0, "ParameterID": 20, "Value": 1581.9114990234375}, {"ListeningId": 0, "ParameterID": 21, "Value": 595.8206787109375}, {"ListeningId": 0, "ParameterID": 22, "Value": 404.99395751953125}, {"ListeningId": 0, "ParameterID": 23, "Value": 614.217529296875}, {"ListeningId": 0, "ParameterID": 24, "Value": 1616.6103515625}, {"ListeningId": 0, "ParameterID": 25, "Value": 88.27924346923828}, {"ListeningId": 0, "ParameterID": 26, "Value": 0.0}, {"ListeningId": 0, "ParameterID": 27, "Value": 177.17800903320312}, {"ListeningId": 0, "ParameterID": 28, "Value": 265.3348388671875}, {"ListeningId": 0, "ParameterID": 13, "Value": 0.9875509738922119}, {"ListeningId": 0, "ParameterID": 14, "Value": 0.9929007291793823}, {"ListeningId": 0, "ParameterID": 15, "Value": 0.9824239015579224}, {"ListeningId": 0, "ParameterID": 16, "Value": 0.9876251816749573}, {"ListeningId": 0, "ParameterID": 10, "Value": 50.11492919921875}, {"ListeningId": 0, "ParameterID": 11, "Value": 50.11492919921875}, {"ListeningId": 0, "ParameterID": 12, "Value": 50.11492919921875}, {"ListeningId": 0, "ParameterID": 32, "Value": 5576.130859375}]}, {"ListeningId": 0, "MeterId": 5, "Timestamp": 1632423180, "listeningvalues": [{"ListeningId": 0, "ParameterID": 1, "Value": 230.20675659179688}, {"ListeningId": 0, "ParameterID": 2, "Value": 231.53921508789062}, {"ListeningId": 0, "ParameterID": 3, "Value": 230.70289611816406}, {"ListeningId": 0, "ParameterID": 4, "Value": 400.1340026855469}, {"ListeningId": 0, "ParameterID": 5, "Value": 400.3836975097656}, {"ListeningId": 0, "ParameterID": 6, "Value": 399.1170349121094}, {"ListeningId": 0, "ParameterID": 7, "Value": 2.4043121337890625}, {"ListeningId": 0, "ParameterID": 8, "Value": 1.9661579132080078}, {"ListeningId": 0, "ParameterID": 9, "Value": 3.0345733165740967}, {"ListeningId": 0, "ParameterID": 17, "Value": 530.4142456054688}, {"ListeningId": 0, "ParameterID": 18, "Value": 455.8235778808594}, {"ListeningId": 0, "ParameterID": 19, "Value": 691.6718139648438}, {"ListeningId": 0, "ParameterID": 20, "Value": 1677.1971435546875}, {"ListeningId": 0, "ParameterID": 21, "Value": 553.0599365234375}, {"ListeningId": 0, "ParameterID": 22, "Value": 455.6141357421875}, {"ListeningId": 0, "ParameterID": 23, "Value": 700.0111083984375}, {"ListeningId": 0, "ParameterID": 24, "Value": 1709.7095947265625}, {"ListeningId": 0, "ParameterID": 25, "Value": 159.06121826171875}, {"ListeningId": 0, "ParameterID": 26, "Value": 0.0}, {"ListeningId": 0, "ParameterID": 27, "Value": 109.91867065429688}, {"ListeningId": 0, "ParameterID": 28, "Value": 269.1918640136719}, {"ListeningId": 0, "ParameterID": 13, "Value": 0.9860122799873352}, {"ListeningId": 0, "ParameterID": 14, "Value": 0.9866225719451904}, {"ListeningId": 0, "ParameterID": 15, "Value": 0.9685953855514526}, {"ListeningId": 0, "ParameterID": 16, "Value": 0.980410099029541}, {"ListeningId": 0, "ParameterID": 10, "Value": 50.11492919921875}, {"ListeningId": 0, "ParameterID": 11, "Value": 50.11492919921875}, {"ListeningId": 0, "ParameterID": 12, "Value": 50.11492919921875}, {"ListeningId": 0, "ParameterID": 32, "Value": 5573.01171875}]}, {"ListeningId": 0, "MeterId": 6, "Timestamp": 1632423180, "listeningvalues": [{"ListeningId": 0, "ParameterID": 1, "Value": 230.46365356445312}, {"ListeningId": 0, "ParameterID": 2, "Value": 231.94308471679688}, {"ListeningId": 0, "ParameterID": 3, "Value": 230.40573120117188}, {"ListeningId": 0, "ParameterID": 4, "Value": 400.5777282714844}, {"ListeningId": 0, "ParameterID": 5, "Value": 400.2216491699219}, {"ListeningId": 0, "ParameterID": 6, "Value": 399.2897644042969}, {"ListeningId": 0, "ParameterID": 7, "Value": 2.47280216217041}, {"ListeningId": 0, "ParameterID": 8, "Value": 1.8675850629806519}, {"ListeningId": 0, "ParameterID": 9, "Value": 2.708954334259033}, {"ListeningId": 0, "ParameterID": 17, "Value": 551.5838012695312}, {"ListeningId": 0, "ParameterID": 18, "Value": 433.1734313964844}, {"ListeningId": 0, "ParameterID": 19, "Value": 612.7754516601562}, {"ListeningId": 0, "ParameterID": 20, "Value": 1597.53271484375}, {"ListeningId": 0, "ParameterID": 21, "Value": 569.8909912109375}, {"ListeningId": 0, "ParameterID": 22, "Value": 433.1734313964844}, {"ListeningId": 0, "ParameterID": 23, "Value": 624.1586303710938}, {"ListeningId": 0, "ParameterID": 24, "Value": 1627.22314453125}, {"ListeningId": 0, "ParameterID": 25, "Value": 143.28665161132812}, {"ListeningId": 0, "ParameterID": 26, "Value": 0.0}, {"ListeningId": 0, "ParameterID": 27, "Value": 118.66023254394531}, {"ListeningId": 0, "ParameterID": 28, "Value": 261.9468994140625}, {"ListeningId": 0, "ParameterID": 13, "Value": 0.9678760170936584}, {"ListeningId": 0, "ParameterID": 14, "Value": 1.0}, {"ListeningId": 0, "ParameterID": 15, "Value": 0.9817624092102051}, {"ListeningId": 0, "ParameterID": 16, "Value": 0.9832127690315247}, {"ListeningId": 0, "ParameterID": 10, "Value": 50.1201057434082}, {"ListeningId": 0, "ParameterID": 11, "Value": 50.1201057434082}, {"ListeningId": 0, "ParameterID": 12, "Value": 50.1201057434082}, {"ListeningId": 0, "ParameterID": 32, "Value": 5574.67626953125}]}, {"ListeningId": 0, "MeterId": 7, "Timestamp": 1632423180, "listeningvalues": [{"ListeningId": 0, "ParameterID": 1, "Value": 231.53488159179688}, {"ListeningId": 0, "ParameterID": 2, "Value": 231.41888427734375}, {"ListeningId": 0, "ParameterID": 3, "Value": 230.5695037841797}, {"ListeningId": 0, "ParameterID": 4, "Value": 400.6385803222656}, {"ListeningId": 0, "ParameterID": 5, "Value": 400.1996765136719}, {"ListeningId": 0, "ParameterID": 6, "Value": 399.8367614746094}, {"ListeningId": 0, "ParameterID": 7, "Value": 2.519529104232788}, {"ListeningId": 0, "ParameterID": 8, "Value": 1.953532099723816}, {"ListeningId": 0, "ParameterID": 9, "Value": 2.9580743312835693}, {"ListeningId": 0, "ParameterID": 17, "Value": 561.0606079101562}, {"ListeningId": 0, "ParameterID": 18, "Value": 446.72003173828125}, {"ListeningId": 0, "ParameterID": 19, "Value": 657.1387329101562}, {"ListeningId": 0, "ParameterID": 20, "Value": 1664.1507568359375}, {"ListeningId": 0, "ParameterID": 21, "Value": 582.3615112304688}, {"ListeningId": 0, "ParameterID": 22, "Value": 451.6048278808594}, {"ListeningId": 0, "ParameterID": 23, "Value": 681.3675537109375}, {"ListeningId": 0, "ParameterID": 24, "Value": 1715.2357177734375}, {"ListeningId": 0, "ParameterID": 25, "Value": 159.58963012695312}, {"ListeningId": 0, "ParameterID": 26, "Value": 67.27397155761719}, {"ListeningId": 0, "ParameterID": 27, "Value": 181.95713806152344}, {"ListeningId": 0, "ParameterID": 28, "Value": 408.97491455078125}, {"ListeningId": 0, "ParameterID": 13, "Value": 0.9651312232017517}, {"ListeningId": 0, "ParameterID": 14, "Value": 0.9979325532913208}, {"ListeningId": 0, "ParameterID": 15, "Value": 0.9601854085922241}, {"ListeningId": 0, "ParameterID": 16, "Value": 0.9744164347648621}, {"ListeningId": 0, "ParameterID": 10, "Value": 50.1201057434082}, {"ListeningId": 0, "ParameterID": 11, "Value": 50.1201057434082}, {"ListeningId": 0, "ParameterID": 12, "Value": 50.1201057434082}, {"ListeningId": 0, "ParameterID": 32, "Value": 5576.63623046875}]}, {"ListeningId": 0, "MeterId": 8, "Timestamp": 1632423180, "listeningvalues": [{"ListeningId": 0, "ParameterID": 1, "Value": 231.48348999023438}, {"ListeningId": 0, "ParameterID": 2, "Value": 231.5236358642578}, {"ListeningId": 0, "ParameterID": 3, "Value": 230.5076904296875}, {"ListeningId": 0, "ParameterID": 4, "Value": 400.83856201171875}, {"ListeningId": 0, "ParameterID": 5, "Value": 399.6345520019531}, {"ListeningId": 0, "ParameterID": 6, "Value": 400.3544616699219}, {"ListeningId": 0, "ParameterID": 7, "Value": 2.518486499786377}, {"ListeningId": 0, "ParameterID": 8, "Value": 1.9539949893951416}, {"ListeningId": 0, "ParameterID": 9, "Value": 2.955585479736328}, {"ListeningId": 0, "ParameterID": 17, "Value": 560.0309448242188}, {"ListeningId": 0, "ParameterID": 18, "Value": 446.9080810546875}, {"ListeningId": 0, "ParameterID": 19, "Value": 656.380859375}, {"ListeningId": 0, "ParameterID": 20, "Value": 1665.2799072265625}, {"ListeningId": 0, "ParameterID": 21, "Value": 582.651123046875}, {"ListeningId": 0, "ParameterID": 22, "Value": 452.0220947265625}, {"ListeningId": 0, "ParameterID": 23, "Value": 680.8658447265625}, {"ListeningId": 0, "ParameterID": 24, "Value": 1717.52783203125}, {"ListeningId": 0, "ParameterID": 25, "Value": 159.70663452148438}, {"ListeningId": 0, "ParameterID": 26, "Value": 67.19207763671875}, {"ListeningId": 0, "ParameterID": 27, "Value": 181.85301208496094}, {"ListeningId": 0, "ParameterID": 28, "Value": 409.1043701171875}, {"ListeningId": 0, "ParameterID": 13, "Value": 0.9651312232017517}, {"ListeningId": 0, "ParameterID": 14, "Value": 0.9979325532913208}, {"ListeningId": 0, "ParameterID": 15, "Value": 0.9601854085922241}, {"ListeningId": 0, "ParameterID": 16, "Value": 0.9744164347648621}, {"ListeningId": 0, "ParameterID": 10, "Value": 50.1201057434082}, {"ListeningId": 0, "ParameterID": 11, "Value": 50.1201057434082}, {"ListeningId": 0, "ParameterID": 12, "Value": 50.1201057434082}, {"ListeningId": 0, "ParameterID": 32, "Value": 5576.63623046875}]}, {"ListeningId": 0, "MeterId": 9, "Timestamp": 1632423180, "listeningvalues": [{"ListeningId": 0, "ParameterID": 1, "Value": 231.28781127929688}, {"ListeningId": 0, "ParameterID": 2, "Value": 231.266357421875}, {"ListeningId": 0, "ParameterID": 3, "Value": 231.00685119628906}, {"ListeningId": 0, "ParameterID": 4, "Value": 400.5722961425781}, {"ListeningId": 0, "ParameterID": 5, "Value": 400.7179870605469}, {"ListeningId": 0, "ParameterID": 6, "Value": 399.8259582519531}, {"ListeningId": 0, "ParameterID": 7, "Value": 2.42472243309021}, {"ListeningId": 0, "ParameterID": 8, "Value": 2.027773857116699}, {"ListeningId": 0, "ParameterID": 9, "Value": 2.83436918258667}, {"ListeningId": 0, "ParameterID": 17, "Value": 557.6347045898438}, {"ListeningId": 0, "ParameterID": 18, "Value": 468.9892578125}, {"ListeningId": 0, "ParameterID": 19, "Value": 631.447265625}, {"ListeningId": 0, "ParameterID": 20, "Value": 1657.757080078125}, {"ListeningId": 0, "ParameterID": 21, "Value": 560.7462768554688}, {"ListeningId": 0, "ParameterID": 22, "Value": 469.32293701171875}, {"ListeningId": 0, "ParameterID": 23, "Value": 654.1780395507812}, {"ListeningId": 0, "ParameterID": 24, "Value": 1685.6561279296875}, {"ListeningId": 0, "ParameterID": 25, "Value": 54.765403747558594}, {"ListeningId": 0, "ParameterID": 26, "Value": 0.0}, {"ListeningId": 0, "ParameterID": 27, "Value": 171.37388610839844}, {"ListeningId": 0, "ParameterID": 28, "Value": 226.138916015625}, {"ListeningId": 0, "ParameterID": 13, "Value": 0.9798122644424438}, {"ListeningId": 0, "ParameterID": 14, "Value": 1.0}, {"ListeningId": 0, "ParameterID": 15, "Value": 0.956179141998291}, {"ListeningId": 0, "ParameterID": 16, "Value": 0.9786637425422668}, {"ListeningId": 0, "ParameterID": 10, "Value": 50.1201057434082}, {"ListeningId": 0, "ParameterID": 11, "Value": 50.1201057434082}, {"ListeningId": 0, "ParameterID": 12, "Value": 50.1201057434082}, {"ListeningId": 0, "ParameterID": 32, "Value": 5582.0908203125}]}, {"ListeningId": 0, "MeterId": 10, "Timestamp": 1632423180, "listeningvalues": [{"ListeningId": 0, "ParameterID": 1, "Value": 230.70306396484375}, {"ListeningId": 0, "ParameterID": 2, "Value": 231.64573669433594}, {"ListeningId": 0, "ParameterID": 3, "Value": 229.8946533203125}, {"ListeningId": 0, "ParameterID": 4, "Value": 400.4596862792969}, {"ListeningId": 0, "ParameterID": 5, "Value": 399.6612548828125}, {"ListeningId": 0, "ParameterID": 6, "Value": 398.7615966796875}, {"ListeningId": 0, "ParameterID": 7, "Value": 2.290386438369751}, {"ListeningId": 0, "ParameterID": 8, "Value": 2.000664234161377}, {"ListeningId": 0, "ParameterID": 9, "Value": 2.8054628372192383}, {"ListeningId": 0, "ParameterID": 17, "Value": 522.1073608398438}, {"ListeningId": 0, "ParameterID": 18, "Value": 463.0864562988281}, {"ListeningId": 0, "ParameterID": 19, "Value": 627.4337158203125}, {"ListeningId": 0, "ParameterID": 20, "Value": 1612.2373046875}, {"ListeningId": 0, "ParameterID": 21, "Value": 529.0037841796875}, {"ListeningId": 0, "ParameterID": 22, "Value": 463.57183837890625}, {"ListeningId": 0, "ParameterID": 23, "Value": 644.72216796875}, {"ListeningId": 0, "ParameterID": 24, "Value": 1637.9200439453125}, {"ListeningId": 0, "ParameterID": 25, "Value": 82.41725158691406}, {"ListeningId": 0, "ParameterID": 26, "Value": 0.0}, {"ListeningId": 0, "ParameterID": 27, "Value": 145.24839782714844}, {"ListeningId": 0, "ParameterID": 28, "Value": 227.53831481933594}, {"ListeningId": 0, "ParameterID": 13, "Value": 0.9796919822692871}, {"ListeningId": 0, "ParameterID": 14, "Value": 1.0}, {"ListeningId": 0, "ParameterID": 15, "Value": 0.9800862073898315}, {"ListeningId": 0, "ParameterID": 16, "Value": 0.9865927696228027}, {"ListeningId": 0, "ParameterID": 10, "Value": 50.1201057434082}, {"ListeningId": 0, "ParameterID": 11, "Value": 50.1201057434082}, {"ListeningId": 0, "ParameterID": 12, "Value": 50.1201057434082}, {"ListeningId": 0, "ParameterID": 32, "Value": 7158.97314453125}]}, {"ListeningId": 0, "MeterId": 11, "Timestamp": 1632423180, "listeningvalues": [{"ListeningId": 0, "ParameterID": 1, "Value": 231.4039764404297}, {"ListeningId": 0, "ParameterID": 2, "Value": 231.6522979736328}, {"ListeningId": 0, "ParameterID": 3, "Value": 230.1271209716797}, {"ListeningId": 0, "ParameterID": 4, "Value": 401.0896301269531}, {"ListeningId": 0, "ParameterID": 5, "Value": 400.001220703125}, {"ListeningId": 0, "ParameterID": 6, "Value": 399.65496826171875}, {"ListeningId": 0, "ParameterID": 7, "Value": 2.64162015914917}, {"ListeningId": 0, "ParameterID": 8, "Value": 2.178647994995117}, {"ListeningId": 0, "ParameterID": 9, "Value": 2.8213143348693848}, {"ListeningId": 0, "ParameterID": 17, "Value": 590.3734741210938}, {"ListeningId": 0, "ParameterID": 18, "Value": 502.07623291015625}, {"ListeningId": 0, "ParameterID": 19, "Value": 638.0029907226562}, {"ListeningId": 0, "ParameterID": 20, "Value": 1730.45263671875}, {"ListeningId": 0, "ParameterID": 21, "Value": 611.2814331054688}, {"ListeningId": 0, "ParameterID": 22, "Value": 504.6888122558594}, {"ListeningId": 0, "ParameterID": 23, "Value": 649.2609252929688}, {"ListeningId": 0, "ParameterID": 24, "Value": 1765.231201171875}, {"ListeningId": 0, "ParameterID": 25, "Value": 158.50601196289062}, {"ListeningId": 0, "ParameterID": 26, "Value": 51.28596115112305}, {"ListeningId": 0, "ParameterID": 27, "Value": 120.38246154785156}, {"ListeningId": 0, "ParameterID": 28, "Value": 330.1744384765625}, {"ListeningId": 0, "ParameterID": 13, "Value": 0.9657965302467346}, {"ListeningId": 0, "ParameterID": 14, "Value": 0.9948233962059021}, {"ListeningId": 0, "ParameterID": 15, "Value": 0.9826604127883911}, {"ListeningId": 0, "ParameterID": 16, "Value": 0.9810934066772461}, {"ListeningId": 0, "ParameterID": 10, "Value": 49.99065017700195}, {"ListeningId": 0, "ParameterID": 11, "Value": 49.99065017700195}, {"ListeningId": 0, "ParameterID": 12, "Value": 49.99065017700195}, {"ListeningId": 0, "ParameterID": 32, "Value": 5570.63818359375}]}, {"ListeningId": 0, "MeterId": 12, "Timestamp": 1632423180, "listeningvalues": [{"ListeningId": 0, "ParameterID": 1, "Value": 231.23081970214844}, {"ListeningId": 0, "ParameterID": 2, "Value": 232.64048767089844}, {"ListeningId": 0, "ParameterID": 3, "Value": 230.867431640625}, {"ListeningId": 0, "ParameterID": 4, "Value": 402.224365234375}, {"ListeningId": 0, "ParameterID": 5, "Value": 401.412841796875}, {"ListeningId": 0, "ParameterID": 6, "Value": 400.71197509765625}, {"ListeningId": 0, "ParameterID": 7, "Value": 2.3565869331359863}, {"ListeningId": 0, "ParameterID": 8, "Value": 1.8703371286392212}, {"ListeningId": 0, "ParameterID": 9, "Value": 2.9035730361938477}, {"ListeningId": 0, "ParameterID": 17, "Value": 536.8667602539062}, {"ListeningId": 0, "ParameterID": 18, "Value": 435.2198181152344}, {"ListeningId": 0, "ParameterID": 19, "Value": 633.63037109375}, {"ListeningId": 0, "ParameterID": 20, "Value": 1604.2591552734375}, {"ListeningId": 0, "ParameterID": 21, "Value": 545.965576171875}, {"ListeningId": 0, "ParameterID": 22, "Value": 435.1741943359375}, {"ListeningId": 0, "ParameterID": 23, "Value": 670.75146484375}, {"ListeningId": 0, "ParameterID": 24, "Value": 1651.0140380859375}, {"ListeningId": 0, "ParameterID": 25, "Value": 94.8978042602539}, {"ListeningId": 0, "ParameterID": 26, "Value": 0.0}, {"ListeningId": 0, "ParameterID": 27, "Value": 220.8355712890625}, {"ListeningId": 0, "ParameterID": 28, "Value": 315.4651794433594}, {"ListeningId": 0, "ParameterID": 13, "Value": 0.9601073265075684}, {"ListeningId": 0, "ParameterID": 14, "Value": 1.0}, {"ListeningId": 0, "ParameterID": 15, "Value": 0.9777645468711853}, {"ListeningId": 0, "ParameterID": 16, "Value": 0.9792906641960144}, {"ListeningId": 0, "ParameterID": 10, "Value": 49.99065017700195}, {"ListeningId": 0, "ParameterID": 11, "Value": 49.99065017700195}, {"ListeningId": 0, "ParameterID": 12, "Value": 49.99065017700195}, {"ListeningId": 0, "ParameterID": 32, "Value": 5571.6689453125}]}]