[{"ListeningId": 0, "MeterId": 1, "Timestamp": 1632423240, "listeningvalues": [{"ListeningId": 0, "ParameterID": 1, "Value": 230.43145751953125}, {"ListeningId": 0, "ParameterID": 2, "Value": 232.34945678710938}, {"ListeningId": 0, "ParameterID": 3, "Value": 230.33143615722656}, {"ListeningId": 0, "ParameterID": 4, "Value": 400.72369384765625}, {"ListeningId": 0, "ParameterID": 5, "Value": 400.98626708984375}, {"ListeningId": 0, "ParameterID": 6, "Value": 398.78118896484375}, {"ListeningId": 0, "ParameterID": 7, "Value": 2.35507869720459}, {"ListeningId": 0, "ParameterID": 8, "Value": 1.871872901916504}, {"ListeningId": 0, "ParameterID": 9, "Value": 2.7935047149658203}, {"ListeningId": 0, "ParameterID": 17, "Value": 538.4016723632812}, {"ListeningId": 0, "ParameterID": 18, "Value": 434.92864990234375}, {"ListeningId": 0, "ParameterID": 19, "Value": 626.67333984375}, {"ListeningId": 0, "ParameterID": 20, "Value": 1600.003662109375}, {"ListeningId": 0, "ParameterID": 21, "Value": 542.6842041015625}, {"ListeningId": 0, "ParameterID": 22, "Value": 434.92864990234375}, {"ListeningId": 0, "ParameterID": 23, "Value": 643.4319458007812}, {"ListeningId": 0, "ParameterID": 24, "Value": 1621.0447998046875}, {"ListeningId": 0, "ParameterID": 25, "Value": 68.04249572753906}, {"ListeningId": 0, "ParameterID": 26, "Value": 0.0}, {"ListeningId": 0, "ParameterID": 27, "Value": 145.89443969726562}, {"ListeningId": 0, "ParameterID": 28, "Value": 213.9369354248047}, {"ListeningId": 0, "ParameterID": 13, "Value": 0.9801674485206604}, {"ListeningId": 0, "ParameterID": 14, "Value": 0.9959201812744141}, {"ListeningId": 0, "ParameterID": 15, "Value": 0.9582711458206177}, {"ListeningId": 0, "ParameterID": 16, "Value": 0.9781195521354675}, {"ListeningId": 0, "ParameterID": 10, "Value": 50.112403869628906}, {"ListeningId": 0, "ParameterID": 11, "Value": 50.112403869628906}, {"ListeningId": 0, "ParameterID": 12, "Value": 50.112403869628906}, {"ListeningId": 0, "ParameterID": 32, "Value": 5596.9052734375}]}, {"ListeningId": 0, "MeterId": 2, "Timestamp": 1632423240, "listeningvalues": [{"ListeningId": 0, "ParameterID": 1, "Value": 231.4844207763672}, {"ListeningId": 0, "ParameterID": 2, "Value": 232.227294921875}, {"ListeningId": 0, "ParameterID": 3, "Value": 230.893310546875}, {"ListeningId": 0, "ParameterID": 4, "Value": 401.2378845214844}, {"ListeningId": 0, "ParameterID": 5, "Value": 401.5032653808594}, {"ListeningId": 0, "ParameterID": 6, "Value": 400.8576965332031}, {"ListeningId": 0, "ParameterID": 7, "Value": 2.5848634243011475}, {"ListeningId": 0, "ParameterID": 8, "Value": 2.077653408050537}, {"ListeningId": 0, "ParameterID": 9, "Value": 2.875540018081665}, {"ListeningId": 0, "ParameterID": 17, "Value": 594.2291870117188}, {"ListeningId": 0, "ParameterID": 18, "Value": 481.3941650390625}, {"ListeningId": 0, "ParameterID": 19, "Value": 644.635986328125}, {"ListeningId": 0, "ParameterID": 20, "Value": 1719.2266845703125}, {"ListeningId": 0, "ParameterID": 21, "Value": 598.2476806640625}, {"ListeningId": 0, "ParameterID": 22, "Value": 483.3260498046875}, {"ListeningId": 0, "ParameterID": 23, "Value": 663.868408203125}, {"ListeningId": 0, "ParameterID": 24, "Value": 1745.0198974609375}, {"ListeningId": 0, "ParameterID": 25, "Value": 65.12007141113281}, {"ListeningId": 0, "ParameterID": 26, "Value": 34.93303680419922}, {"ListeningId": 0, "ParameterID": 27, "Value": 159.3585662841797}, {"ListeningId": 0, "ParameterID": 28, "Value": 259.637451171875}, {"ListeningId": 0, "ParameterID": 13, "Value": 0.9802376627922058}, {"ListeningId": 0, "ParameterID": 14, "Value": 1.0}, {"ListeningId": 0, "ParameterID": 15, "Value": 0.9415464997291565}, {"ListeningId": 0, "ParameterID": 16, "Value": 0.9739280343055725}, {"ListeningId": 0, "ParameterID": 10, "Value": 50.112403869628906}, {"ListeningId": 0, "ParameterID": 11, "Value": 50.112403869628906}, {"ListeningId": 0, "ParameterID": 12, "Value": 50.112403869628906}, {"ListeningId": 0, "ParameterID": 32, "Value": 5601.9560546875}]}, {"ListeningId": 0, "MeterId": 3, "Timestamp": 1632423240, "listeningvalues": [{"ListeningId": 0, "ParameterID": 1, "Value": 231.13436889648438}, {"ListeningId": 0, "ParameterID": 2, "Value": 231.31114196777344}, {"ListeningId": 0, "ParameterID": 3, "Value": 230.41238403320312}, {"ListeningId": 0, "ParameterID": 4, "Value": 400.37353515625}, {"ListeningId": 0, "ParameterID": 5, "Value": 399.8227233886719}, {"ListeningId": 0, "ParameterID": 6, "Value": 399.6119079589844}, {"ListeningId": 0, "ParameterID": 7, "Value": 2.354681968688965}, {"ListeningId": 0, "ParameterID": 8, "Value": 2.203057289123535}, {"ListeningId": 0, "ParameterID": 9, "Value": 2.8324649333953857}, {"ListeningId": 0, "ParameterID": 17, "Value": 526.4454956054688}, {"ListeningId": 0, "ParameterID": 18, "Value": 509.76171875}, {"ListeningId": 0, "ParameterID": 19, "Value": 614.9727172851562}, {"ListeningId": 0, "ParameterID": 20, "Value": 1651.860595703125}, {"ListeningId": 0, "ParameterID": 21, "Value": 544.4242553710938}, {"ListeningId": 0, "ParameterID": 22, "Value": 509.92010498046875}, {"ListeningId": 0, "ParameterID": 23, "Value": 653.05224609375}, {"ListeningId": 0, "ParameterID": 24, "Value": 1706.620849609375}, {"ListeningId": 0, "ParameterID": 25, "Value": 138.09877014160156}, {"ListeningId": 0, "ParameterID": 26, "Value": 0.0}, {"ListeningId": 0, "ParameterID": 27, "Value": 217.74317932128906}, {"ListeningId": 0, "ParameterID": 28, "Value": 356.4245910644531}, {"ListeningId": 0, "ParameterID": 13, "Value": 0.9658099412918091}, {"ListeningId": 0, "ParameterID": 14, "Value": 1.0}, {"ListeningId": 0, "ParameterID": 15, "Value": 0.9461410045623779}, {"ListeningId": 0, "ParameterID": 16, "Value": 0.9706503748893738}, {"ListeningId": 0, "ParameterID": 10, "Value": 50.112403869628906}, {"ListeningId": 0, "ParameterID": 11, "Value": 50.112403869628906}, {"ListeningId": 0, "ParameterID": 12, "Value": 50.112403869628906}, {"ListeningId": 0, "ParameterID": 32, "Value": 5604.48779296875}]}, {"ListeningId": 0, "MeterId": 4, "Timestamp": 1632423240, "listeningvalues": [{"ListeningId": 0, "ParameterID": 1, "Value": 231.161865234375}, {"ListeningId": 0, "ParameterID": 2, "Value": 232.28561401367188}, {"ListeningId": 0, "ParameterID": 3, "Value": 231.21327209472656}, {"ListeningId": 0, "ParameterID": 4, "Value": 401.1613464355469}, {"ListeningId": 0, "ParameterID": 5, "Value": 401.29766845703125}, {"ListeningId": 0, "ParameterID": 6, "Value": 400.2157897949219}, {"ListeningId": 0, "ParameterID": 7, "Value": 2.4984753131866455}, {"ListeningId": 0, "ParameterID": 8, "Value": 1.8026503324508667}, {"ListeningId": 0, "ParameterID": 9, "Value": 3.0335214138031006}, {"ListeningId": 0, "ParameterID": 17, "Value": 573.7643432617188}, {"ListeningId": 0, "ParameterID": 18, "Value": 418.729736328125}, {"ListeningId": 0, "ParameterID": 19, "Value": 669.5579223632812}, {"ListeningId": 0, "ParameterID": 20, "Value": 1662.052001953125}, {"ListeningId": 0, "ParameterID": 21, "Value": 577.5521850585938}, {"ListeningId": 0, "ParameterID": 22, "Value": 418.729736328125}, {"ListeningId": 0, "ParameterID": 23, "Value": 701.3904418945312}, {"ListeningId": 0, "ParameterID": 24, "Value": 1697.67236328125}, {"ListeningId": 0, "ParameterID": 25, "Value": 66.0378646850586}, {"ListeningId": 0, "ParameterID": 26, "Value": 0.0}, {"ListeningId": 0, "ParameterID": 27, "Value": 208.9036865234375}, {"ListeningId": 0, "ParameterID": 28, "Value": 274.9415588378906}, {"ListeningId": 0, "ParameterID": 13, "Value": 0.9934415817260742}, {"ListeningId": 0, "ParameterID": 14, "Value": 1.0}, {"ListeningId": 0, "ParameterID": 15, "Value": 0.9546151161193848}, {"ListeningId": 0, "ParameterID": 16, "Value": 0.9826855659484863}, {"ListeningId": 0, "ParameterID": 10, "Value": 50.03398895263672}, {"ListeningId": 0, "ParameterID": 11, "Value": 50.03398895263672}, {"ListeningId": 0, "ParameterID": 12, "Value": 50.03398895263672}, {"ListeningId": 0, "ParameterID": 32, "Value": 5603.822265625}]}, {"ListeningId": 0, "MeterId": 5, "Timestamp": 1632423240, "listeningvalues": [{"ListeningId": 0, "ParameterID": 1, "Value": 230.96578979492188}, {"ListeningId": 0, "ParameterID": 2, "Value": 231.70542907714844}, {"ListeningId": 0, "ParameterID": 3, "Value": 231.0584716796875}, {"ListeningId": 0, "ParameterID": 4, "Value": 400.1879577636719}, {"ListeningId": 0, "ParameterID": 5, "Value": 400.5301208496094}, {"ListeningId": 0, "ParameterID": 6, "Value": 400.2732849121094}, {"ListeningId": 0, "ParameterID": 7, "Value": 2.6455657482147217}, {"ListeningId": 0, "ParameterID": 8, "Value": 1.9142860174179077}, {"ListeningId": 0, "ParameterID": 9, "Value": 2.871941089630127}, {"ListeningId": 0, "ParameterID": 17, "Value": 601.0047607421875}, {"ListeningId": 0, "ParameterID": 18, "Value": 443.32025146484375}, {"ListeningId": 0, "ParameterID": 19, "Value": 643.1799926757812}, {"ListeningId": 0, "ParameterID": 20, "Value": 1687.278076171875}, {"ListeningId": 0, "ParameterID": 21, "Value": 610.9834594726562}, {"ListeningId": 0, "ParameterID": 22, "Value": 443.66070556640625}, {"ListeningId": 0, "ParameterID": 23, "Value": 664.3350219726562}, {"ListeningId": 0, "ParameterID": 24, "Value": 1717.74755859375}, {"ListeningId": 0, "ParameterID": 25, "Value": 105.17953491210938}, {"ListeningId": 0, "ParameterID": 26, "Value": 0.0}, {"ListeningId": 0, "ParameterID": 27, "Value": 169.36444091796875}, {"ListeningId": 0, "ParameterID": 28, "Value": 274.2256164550781}, {"ListeningId": 0, "ParameterID": 13, "Value": 0.9955082535743713}, {"ListeningId": 0, "ParameterID": 14, "Value": 0.988667905330658}, {"ListeningId": 0, "ParameterID": 15, "Value": 0.9553154706954956}, {"ListeningId": 0, "ParameterID": 16, "Value": 0.9798305630683899}, {"ListeningId": 0, "ParameterID": 10, "Value": 50.03398895263672}, {"ListeningId": 0, "ParameterID": 11, "Value": 50.03398895263672}, {"ListeningId": 0, "ParameterID": 12, "Value": 50.03398895263672}, {"ListeningId": 0, "ParameterID": 32, "Value": 5600.94580078125}]}, {"ListeningId": 0, "MeterId": 6, "Timestamp": 1632423240, "listeningvalues": [{"ListeningId": 0, "ParameterID": 1, "Value": 230.53941345214844}, {"ListeningId": 0, "ParameterID": 2, "Value": 232.04144287109375}, {"ListeningId": 0, "ParameterID": 3, "Value": 231.29246520996094}, {"ListeningId": 0, "ParameterID": 4, "Value": 400.9461669921875}, {"ListeningId": 0, "ParameterID": 5, "Value": 401.3158874511719}, {"ListeningId": 0, "ParameterID": 6, "Value": 400.0743408203125}, {"ListeningId": 0, "ParameterID": 7, "Value": 2.3982698917388916}, {"ListeningId": 0, "ParameterID": 8, "Value": 1.7865482568740845}, {"ListeningId": 0, "ParameterID": 9, "Value": 2.819054365158081}, {"ListeningId": 0, "ParameterID": 17, "Value": 549.585205078125}, {"ListeningId": 0, "ParameterID": 18, "Value": 414.9429016113281}, {"ListeningId": 0, "ParameterID": 19, "Value": 631.6739501953125}, {"ListeningId": 0, "ParameterID": 20, "Value": 1594.382080078125}, {"ListeningId": 0, "ParameterID": 21, "Value": 552.802734375}, {"ListeningId": 0, "ParameterID": 22, "Value": 415.28045654296875}, {"ListeningId": 0, "ParameterID": 23, "Value": 652.2794189453125}, {"ListeningId": 0, "ParameterID": 24, "Value": 1618.7669677734375}, {"ListeningId": 0, "ParameterID": 25, "Value": 56.4417724609375}, {"ListeningId": 0, "ParameterID": 26, "Value": 0.0}, {"ListeningId": 0, "ParameterID": 27, "Value": 163.9266815185547}, {"ListeningId": 0, "ParameterID": 28, "Value": 220.36473083496094}, {"ListeningId": 0, "ParameterID": 13, "Value": 0.9881320595741272}, {"ListeningId": 0, "ParameterID": 14, "Value": 1.0}, {"ListeningId": 0, "ParameterID": 15, "Value": 0.9581406712532043}, {"ListeningId": 0, "ParameterID": 16, "Value": 0.9820908904075623}, {"ListeningId": 0, "ParameterID": 10, "Value": 50.03398895263672}, {"ListeningId": 0, "ParameterID": 11, "Value": 50.03398895263672}, {"ListeningId": 0, "ParameterID": 12, "Value": 50.03398895263672}, {"ListeningId": 0, "ParameterID": 32, "Value": 5602.35986328125}]}, {"ListeningId": 0, "MeterId": 7, "Timestamp": 1632423240, "listeningvalues": [{"ListeningId": 0, "ParameterID": 1, "Value": 231.28082275390625}, {"ListeningId": 0, "ParameterID": 2, "Value": 232.39608764648438}, {"ListeningId": 0, "ParameterID": 3, "Value": 229.98936462402344}, {"ListeningId": 0, "ParameterID": 4, "Value": 401.35113525390625}, {"ListeningId": 0, "ParameterID": 5, "Value": 400.56524658203125}, {"ListeningId": 0, "ParameterID": 6, "Value": 399.2406005859375}, {"ListeningId": 0, "ParameterID": 7, "Value": 2.487788438796997}, {"ListeningId": 0, "ParameterID": 8, "Value": 1.9457621574401855}, {"ListeningId": 0, "ParameterID": 9, "Value": 3.025108814239502}, {"ListeningId": 0, "ParameterID": 17, "Value": 563.9269409179688}, {"ListeningId": 0, "ParameterID": 18, "Value": 448.40496826171875}, {"ListeningId": 0, "ParameterID": 19, "Value": 674.21728515625}, {"ListeningId": 0, "ParameterID": 20, "Value": 1685.9656982421875}, {"ListeningId": 0, "ParameterID": 21, "Value": 575.2577514648438}, {"ListeningId": 0, "ParameterID": 22, "Value": 451.5181884765625}, {"ListeningId": 0, "ParameterID": 23, "Value": 695.0812377929688}, {"ListeningId": 0, "ParameterID": 24, "Value": 1722.8851318359375}, {"ListeningId": 0, "ParameterID": 25, "Value": 117.21825408935547}, {"ListeningId": 0, "ParameterID": 26, "Value": 55.93153381347656}, {"ListeningId": 0, "ParameterID": 27, "Value": 170.42384338378906}, {"ListeningId": 0, "ParameterID": 28, "Value": 343.3737487792969}, {"ListeningId": 0, "ParameterID": 13, "Value": 0.9709259867668152}, {"ListeningId": 0, "ParameterID": 14, "Value": 1.0}, {"ListeningId": 0, "ParameterID": 15, "Value": 0.9824559688568115}, {"ListeningId": 0, "ParameterID": 16, "Value": 0.9844606518745422}, {"ListeningId": 0, "ParameterID": 10, "Value": 50.03398895263672}, {"ListeningId": 0, "ParameterID": 11, "Value": 50.03398895263672}, {"ListeningId": 0, "ParameterID": 12, "Value": 50.03398895263672}, {"ListeningId": 0, "ParameterID": 32, "Value": 5603.947265625}]}, {"ListeningId": 0, "MeterId": 8, "Timestamp": 1632423240, "listeningvalues": [{"ListeningId": 0, "ParameterID": 1, "Value": 231.3250274658203}, {"ListeningId": 0, "ParameterID": 2, "Value": 232.49595642089844}, {"ListeningId": 0, "ParameterID": 3, "Value": 229.85848999023438}, {"ListeningId": 0, "ParameterID": 4, "Value": 401.417236328125}, {"ListeningId": 0, "ParameterID": 5, "Value": 400.49737548828125}, {"ListeningId": 0, "ParameterID": 6, "Value": 399.540283203125}, {"ListeningId": 0, "ParameterID": 7, "Value": 2.4864039421081543}, {"ListeningId": 0, "ParameterID": 8, "Value": 1.9460477828979492}, {"ListeningId": 0, "ParameterID": 9, "Value": 3.0251476764678955}, {"ListeningId": 0, "ParameterID": 17, "Value": 564.0699462890625}, {"ListeningId": 0, "ParameterID": 18, "Value": 448.6147155761719}, {"ListeningId": 0, "ParameterID": 19, "Value": 674.4913940429688}, {"ListeningId": 0, "ParameterID": 20, "Value": 1686.6837158203125}, {"ListeningId": 0, "ParameterID": 21, "Value": 575.763427734375}, {"ListeningId": 0, "ParameterID": 22, "Value": 451.3786926269531}, {"ListeningId": 0, "ParameterID": 23, "Value": 695.3461303710938}, {"ListeningId": 0, "ParameterID": 24, "Value": 1722.465576171875}, {"ListeningId": 0, "ParameterID": 25, "Value": 117.16687774658203}, {"ListeningId": 0, "ParameterID": 26, "Value": 55.892486572265625}, {"ListeningId": 0, "ParameterID": 27, "Value": 170.5103759765625}, {"ListeningId": 0, "ParameterID": 28, "Value": 343.9554748535156}, {"ListeningId": 0, "ParameterID": 13, "Value": 0.9709259867668152}, {"ListeningId": 0, "ParameterID": 14, "Value": 1.0}, {"ListeningId": 0, "ParameterID": 15, "Value": 0.9824559688568115}, {"ListeningId": 0, "ParameterID": 16, "Value": 0.9844606518745422}, {"ListeningId": 0, "ParameterID": 10, "Value": 50.03398895263672}, {"ListeningId": 0, "ParameterID": 11, "Value": 50.03398895263672}, {"ListeningId": 0, "ParameterID": 12, "Value": 50.03398895263672}, {"ListeningId": 0, "ParameterID": 32, "Value": 5603.947265625}]}, {"ListeningId": 0, "MeterId": 9, "Timestamp": 1632423240, "listeningvalues": [{"ListeningId": 0, "ParameterID": 1, "Value": 231.26080322265625}, {"ListeningId": 0, "ParameterID": 2, "Value": 231.3167724609375}, {"ListeningId": 0, "ParameterID": 3, "Value": 230.4345703125}, {"ListeningId": 0, "ParameterID": 4, "Value": 400.9213562011719}, {"ListeningId": 0, "ParameterID": 5, "Value": 400.130126953125}, {"ListeningId": 0, "ParameterID": 6, "Value": 399.9415283203125}, {"ListeningId": 0, "ParameterID": 7, "Value": 2.588740110397339}, {"ListeningId": 0, "ParameterID": 8, "Value": 2.0202670097351074}, {"ListeningId": 0, "ParameterID": 9, "Value": 3.0541441440582275}, {"ListeningId": 0, "ParameterID": 17, "Value": 575.7743530273438}, {"ListeningId": 0, "ParameterID": 18, "Value": 467.3216552734375}, {"ListeningId": 0, "ParameterID": 19, "Value": 670.9931030273438}, {"ListeningId": 0, "ParameterID": 20, "Value": 1714.089111328125}, {"ListeningId": 0, "ParameterID": 21, "Value": 598.6741333007812}, {"ListeningId": 0, "ParameterID": 22, "Value": 467.3216552734375}, {"ListeningId": 0, "ParameterID": 23, "Value": 703.7803955078125}, {"ListeningId": 0, "ParameterID": 24, "Value": 1769.7762451171875}, {"ListeningId": 0, "ParameterID": 25, "Value": 163.9958038330078}, {"ListeningId": 0, "ParameterID": 26, "Value": 0.0}, {"ListeningId": 0, "ParameterID": 27, "Value": 212.3089599609375}, {"ListeningId": 0, "ParameterID": 28, "Value": 376.30474853515625}, {"ListeningId": 0, "ParameterID": 13, "Value": 0.9617491960525513}, {"ListeningId": 0, "ParameterID": 14, "Value": 1.0}, {"ListeningId": 0, "ParameterID": 15, "Value": 0.953412652015686}, {"ListeningId": 0, "ParameterID": 16, "Value": 0.9717206358909607}, {"ListeningId": 0, "ParameterID": 10, "Value": 50.03019714355469}, {"ListeningId": 0, "ParameterID": 11, "Value": 50.03019714355469}, {"ListeningId": 0, "ParameterID": 12, "Value": 50.03019714355469}, {"ListeningId": 0, "ParameterID": 32, "Value": 5609.51318359375}]}, {"ListeningId": 0, "MeterId": 10, "Timestamp": 1632423240, "listeningvalues": [{"ListeningId": 0, "ParameterID": 1, "Value": 230.67835998535156}, {"ListeningId": 0, "ParameterID": 2, "Value": 231.23602294921875}, {"ListeningId": 0, "ParameterID": 3, "Value": 229.9927520751953}, {"ListeningId": 0, "ParameterID": 4, "Value": 400.50811767578125}, {"ListeningId": 0, "ParameterID": 5, "Value": 399.1311340332031}, {"ListeningId": 0, "ParameterID": 6, "Value": 398.960205078125}, {"ListeningId": 0, "ParameterID": 7, "Value": 2.514493942260742}, {"ListeningId": 0, "ParameterID": 8, "Value": 1.850280523300171}, {"ListeningId": 0, "ParameterID": 9, "Value": 2.6568641662597656}, {"ListeningId": 0, "ParameterID": 17, "Value": 572.2890625}, {"ListeningId": 0, "ParameterID": 18, "Value": 427.8218078613281}, {"ListeningId": 0, "ParameterID": 19, "Value": 603.2368774414062}, {"ListeningId": 0, "ParameterID": 20, "Value": 1604.75732421875}, {"ListeningId": 0, "ParameterID": 21, "Value": 579.9401245117188}, {"ListeningId": 0, "ParameterID": 22, "Value": 428.1817626953125}, {"ListeningId": 0, "ParameterID": 23, "Value": 611.1814575195312}, {"ListeningId": 0, "ParameterID": 24, "Value": 1617.959716796875}, {"ListeningId": 0, "ParameterID": 25, "Value": 94.64673614501953}, {"ListeningId": 0, "ParameterID": 26, "Value": 0.0}, {"ListeningId": 0, "ParameterID": 27, "Value": 97.50855255126953}, {"ListeningId": 0, "ParameterID": 28, "Value": 192.21270751953125}, {"ListeningId": 0, "ParameterID": 13, "Value": 0.9887802600860596}, {"ListeningId": 0, "ParameterID": 14, "Value": 0.9925137758255005}, {"ListeningId": 0, "ParameterID": 15, "Value": 0.9711062908172607}, {"ListeningId": 0, "ParameterID": 16, "Value": 0.9841334223747253}, {"ListeningId": 0, "ParameterID": 10, "Value": 50.03019714355469}, {"ListeningId": 0, "ParameterID": 11, "Value": 50.03019714355469}, {"ListeningId": 0, "ParameterID": 12, "Value": 50.03019714355469}, {"ListeningId": 0, "ParameterID": 32, "Value": 7186.61376953125}]}, {"ListeningId": 0, "MeterId": 11, "Timestamp": 1632423240, "listeningvalues": [{"ListeningId": 0, "ParameterID": 1, "Value": 231.39308166503906}, {"ListeningId": 0, "ParameterID": 2, "Value": 232.5541229248047}, {"ListeningId": 0, "ParameterID": 3, "Value": 230.64468383789062}, {"ListeningId": 0, "ParameterID": 4, "Value": 401.8556213378906}, {"ListeningId": 0, "ParameterID": 5, "Value": 401.23590087890625}, {"ListeningId": 0, "ParameterID": 6, "Value": 399.87078857421875}, {"ListeningId": 0, "ParameterID": 7, "Value": 2.312457799911499}, {"ListeningId": 0, "ParameterID": 8, "Value": 2.1826703548431396}, {"ListeningId": 0, "ParameterID": 9, "Value": 2.6558258533477783}, {"ListeningId": 0, "ParameterID": 17, "Value": 521.5582275390625}, {"ListeningId": 0, "ParameterID": 18, "Value": 501.7720642089844}, {"ListeningId": 0, "ParameterID": 19, "Value": 599.1779174804688}, {"ListeningId": 0, "ParameterID": 20, "Value": 1623.69970703125}, {"ListeningId": 0, "ParameterID": 21, "Value": 535.4000244140625}, {"ListeningId": 0, "ParameterID": 22, "Value": 508.11956787109375}, {"ListeningId": 0, "ParameterID": 23, "Value": 611.363037109375}, {"ListeningId": 0, "ParameterID": 24, "Value": 1655.447021484375}, {"ListeningId": 0, "ParameterID": 25, "Value": 119.54297637939453}, {"ListeningId": 0, "ParameterID": 26, "Value": 80.73238372802734}, {"ListeningId": 0, "ParameterID": 27, "Value": 121.22422790527344}, {"ListeningId": 0, "ParameterID": 28, "Value": 321.62200927734375}, {"ListeningId": 0, "ParameterID": 13, "Value": 0.9697559475898743}, {"ListeningId": 0, "ParameterID": 14, "Value": 1.0}, {"ListeningId": 0, "ParameterID": 15, "Value": 0.9842008352279663}, {"ListeningId": 0, "ParameterID": 16, "Value": 0.9846522212028503}, {"ListeningId": 0, "ParameterID": 10, "Value": 50.03019714355469}, {"ListeningId": 0, "ParameterID": 11, "Value": 50.03019714355469}, {"ListeningId": 0, "ParameterID": 12, "Value": 50.03019714355469}, {"ListeningId": 0, "ParameterID": 32, "Value": 5598.4072265625}]}, {"ListeningId": 0, "MeterId": 12, "Timestamp": 1632423240, "listeningvalues": [{"ListeningId": 0, "ParameterID": 1, "Value": 231.48251342773438}, {"ListeningId": 0, "ParameterID": 2, "Value": 232.51739501953125}, {"ListeningId": 0, "ParameterID": 3, "Value": 231.264892578125}, {"ListeningId": 0, "ParameterID": 4, "Value": 401.89544677734375}, {"ListeningId": 0, "ParameterID": 5, "Value": 401.60784912109375}, {"ListeningId": 0, "ParameterID": 6, "Value": 400.8865966796875}, {"ListeningId": 0, "ParameterID": 7, "Value": 2.471959114074707}, {"ListeningId": 0, "ParameterID": 8, "Value": 2.072357654571533}, {"ListeningId": 0, "ParameterID": 9, "Value": 2.722407341003418}, {"ListeningId": 0, "ParameterID": 17, "Value": 566.15185546875}, {"ListeningId": 0, "ParameterID": 18, "Value": 481.9814147949219}, {"ListeningId": 0, "ParameterID": 19, "Value": 620.4328002929688}, {"ListeningId": 0, "ParameterID": 20, "Value": 1669.5994873046875}, {"ListeningId": 0, "ParameterID": 21, "Value": 572.10009765625}, {"ListeningId": 0, "ParameterID": 22, "Value": 482.24981689453125}, {"ListeningId": 0, "ParameterID": 23, "Value": 629.0559692382812}, {"ListeningId": 0, "ParameterID": 24, "Value": 1684.9793701171875}, {"ListeningId": 0, "ParameterID": 25, "Value": 84.56665802001953}, {"ListeningId": 0, "ParameterID": 26, "Value": 0.0}, {"ListeningId": 0, "ParameterID": 27, "Value": 107.91950988769531}, {"ListeningId": 0, "ParameterID": 28, "Value": 192.52304077148438}, {"ListeningId": 0, "ParameterID": 13, "Value": 0.9717713594436646}, {"ListeningId": 0, "ParameterID": 14, "Value": 0.9895065426826477}, {"ListeningId": 0, "ParameterID": 15, "Value": 0.9516090750694275}, {"ListeningId": 0, "ParameterID": 16, "Value": 0.9709623456001282}, {"ListeningId": 0, "ParameterID": 10, "Value": 50.03019714355469}, {"ListeningId": 0, "ParameterID": 11, "Value": 50.03019714355469}, {"ListeningId": 0, "ParameterID": 12, "Value": 50.03019714355469}, {"ListeningId": 0, "ParameterID": 32, "Value": 5598.9892578125}]}]