[{"ListeningId": 0, "MeterId": 1, "Timestamp": 1632423420, "listeningvalues": [{"ListeningId": 0, "ParameterID": 1, "Value": 230.43959045410156}, {"ListeningId": 0, "ParameterID": 2, "Value": 231.981201171875}, {"ListeningId": 0, "ParameterID": 3, "Value": 230.51663208007812}, {"ListeningId": 0, "ParameterID": 4, "Value": 400.2899169921875}, {"ListeningId": 0, "ParameterID": 5, "Value": 400.7908935546875}, {"ListeningId": 0, "ParameterID": 6, "Value": 399.5342712402344}, {"ListeningId": 0, "ParameterID": 7, "Value": 2.442413806915283}, {"ListeningId": 0, "ParameterID": 8, "Value": 1.7701486349105835}, {"ListeningId": 0, "ParameterID": 9, "Value": 3.0065131187438965}, {"ListeningId": 0, "ParameterID": 17, "Value": 548.51806640625}, {"ListeningId": 0, "ParameterID": 18, "Value": 410.6412048339844}, {"ListeningId": 0, "ParameterID": 19, "Value": 663.9845581054688}, {"ListeningId": 0, "ParameterID": 20, "Value": 1623.143798828125}, {"ListeningId": 0, "ParameterID": 21, "Value": 562.828857421875}, {"ListeningId": 0, "ParameterID": 22, "Value": 410.6412048339844}, {"ListeningId": 0, "ParameterID": 23, "Value": 693.05126953125}, {"ListeningId": 0, "ParameterID": 24, "Value": 1666.5213623046875}, {"ListeningId": 0, "ParameterID": 25, "Value": 126.11205291748047}, {"ListeningId": 0, "ParameterID": 26, "Value": 0.0}, {"ListeningId": 0, "ParameterID": 27, "Value": 198.60655212402344}, {"ListeningId": 0, "ParameterID": 28, "Value": 324.7185974121094}, {"ListeningId": 0, "ParameterID": 13, "Value": 0.963901937007904}, {"ListeningId": 0, "ParameterID": 14, "Value": 0.9983195066452026}, {"ListeningId": 0, "ParameterID": 15, "Value": 0.9715030193328857}, {"ListeningId": 0, "ParameterID": 16, "Value": 0.9779081344604492}, {"ListeningId": 0, "ParameterID": 10, "Value": 50.108604431152344}, {"ListeningId": 0, "ParameterID": 11, "Value": 50.108604431152344}, {"ListeningId": 0, "ParameterID": 12, "Value": 50.108604431152344}, {"ListeningId": 0, "ParameterID": 32, "Value": 5678.99853515625}]}, {"ListeningId": 0, "MeterId": 2, "Timestamp": 1632423420, "listeningvalues": [{"ListeningId": 0, "ParameterID": 1, "Value": 231.7065887451172}, {"ListeningId": 0, "ParameterID": 2, "Value": 232.04637145996094}, {"ListeningId": 0, "ParameterID": 3, "Value": 230.78733825683594}, {"ListeningId": 0, "ParameterID": 4, "Value": 401.74481201171875}, {"ListeningId": 0, "ParameterID": 5, "Value": 401.1222839355469}, {"ListeningId": 0, "ParameterID": 6, "Value": 400.6965026855469}, {"ListeningId": 0, "ParameterID": 7, "Value": 2.581446409225464}, {"ListeningId": 0, "ParameterID": 8, "Value": 2.084629535675049}, {"ListeningId": 0, "ParameterID": 9, "Value": 2.7414257526397705}, {"ListeningId": 0, "ParameterID": 17, "Value": 587.2824096679688}, {"ListeningId": 0, "ParameterID": 18, "Value": 483.08135986328125}, {"ListeningId": 0, "ParameterID": 19, "Value": 600.8990478515625}, {"ListeningId": 0, "ParameterID": 20, "Value": 1671.2628173828125}, {"ListeningId": 0, "ParameterID": 21, "Value": 598.1381225585938}, {"ListeningId": 0, "ParameterID": 22, "Value": 483.730712890625}, {"ListeningId": 0, "ParameterID": 23, "Value": 632.6863403320312}, {"ListeningId": 0, "ParameterID": 24, "Value": 1714.55517578125}, {"ListeningId": 0, "ParameterID": 25, "Value": 113.43982696533203}, {"ListeningId": 0, "ParameterID": 26, "Value": 25.05618667602539}, {"ListeningId": 0, "ParameterID": 27, "Value": 198.0210723876953}, {"ListeningId": 0, "ParameterID": 28, "Value": 336.51708984375}, {"ListeningId": 0, "ParameterID": 13, "Value": 0.9818508625030518}, {"ListeningId": 0, "ParameterID": 14, "Value": 0.9986576437950134}, {"ListeningId": 0, "ParameterID": 15, "Value": 0.9497581720352173}, {"ListeningId": 0, "ParameterID": 16, "Value": 0.9767556190490723}, {"ListeningId": 0, "ParameterID": 10, "Value": 50.14845657348633}, {"ListeningId": 0, "ParameterID": 11, "Value": 50.14845657348633}, {"ListeningId": 0, "ParameterID": 12, "Value": 50.14845657348633}, {"ListeningId": 0, "ParameterID": 32, "Value": 5684.09619140625}]}, {"ListeningId": 0, "MeterId": 3, "Timestamp": 1632423420, "listeningvalues": [{"ListeningId": 0, "ParameterID": 1, "Value": 230.49334716796875}, {"ListeningId": 0, "ParameterID": 2, "Value": 231.64866638183594}, {"ListeningId": 0, "ParameterID": 3, "Value": 229.8446807861328}, {"ListeningId": 0, "ParameterID": 4, "Value": 400.1677551269531}, {"ListeningId": 0, "ParameterID": 5, "Value": 399.879150390625}, {"ListeningId": 0, "ParameterID": 6, "Value": 398.8493957519531}, {"ListeningId": 0, "ParameterID": 7, "Value": 2.5021865367889404}, {"ListeningId": 0, "ParameterID": 8, "Value": 2.225511074066162}, {"ListeningId": 0, "ParameterID": 9, "Value": 3.0581748485565186}, {"ListeningId": 0, "ParameterID": 17, "Value": 563.1323852539062}, {"ListeningId": 0, "ParameterID": 18, "Value": 515.4163818359375}, {"ListeningId": 0, "ParameterID": 19, "Value": 692.9332885742188}, {"ListeningId": 0, "ParameterID": 20, "Value": 1772.8460693359375}, {"ListeningId": 0, "ParameterID": 21, "Value": 576.2630004882812}, {"ListeningId": 0, "ParameterID": 22, "Value": 515.7549438476562}, {"ListeningId": 0, "ParameterID": 23, "Value": 702.2949829101562}, {"ListeningId": 0, "ParameterID": 24, "Value": 1794.504638671875}, {"ListeningId": 0, "ParameterID": 25, "Value": 125.89918518066406}, {"ListeningId": 0, "ParameterID": 26, "Value": 0.0}, {"ListeningId": 0, "ParameterID": 27, "Value": 115.9092025756836}, {"ListeningId": 0, "ParameterID": 28, "Value": 241.5722198486328}, {"ListeningId": 0, "ParameterID": 13, "Value": 0.9572746753692627}, {"ListeningId": 0, "ParameterID": 14, "Value": 1.0}, {"ListeningId": 0, "ParameterID": 15, "Value": 0.9634019732475281}, {"ListeningId": 0, "ParameterID": 16, "Value": 0.9735589027404785}, {"ListeningId": 0, "ParameterID": 10, "Value": 50.14845657348633}, {"ListeningId": 0, "ParameterID": 11, "Value": 50.14845657348633}, {"ListeningId": 0, "ParameterID": 12, "Value": 50.14845657348633}, {"ListeningId": 0, "ParameterID": 32, "Value": 5686.9609375}]}, {"ListeningId": 0, "MeterId": 4, "Timestamp": 1632423420, "listeningvalues": [{"ListeningId": 0, "ParameterID": 1, "Value": 230.5264129638672}, {"ListeningId": 0, "ParameterID": 2, "Value": 231.39520263671875}, {"ListeningId": 0, "ParameterID": 3, "Value": 231.26036071777344}, {"ListeningId": 0, "ParameterID": 4, "Value": 399.4986572265625}, {"ListeningId": 0, "ParameterID": 5, "Value": 400.6702880859375}, {"ListeningId": 0, "ParameterID": 6, "Value": 399.77447509765625}, {"ListeningId": 0, "ParameterID": 7, "Value": 2.367114305496216}, {"ListeningId": 0, "ParameterID": 8, "Value": 1.8412635326385498}, {"ListeningId": 0, "ParameterID": 9, "Value": 2.9447062015533447}, {"ListeningId": 0, "ParameterID": 17, "Value": 524.5731811523438}, {"ListeningId": 0, "ParameterID": 18, "Value": 419.94561767578125}, {"ListeningId": 0, "ParameterID": 19, "Value": 671.2990112304688}, {"ListeningId": 0, "ParameterID": 20, "Value": 1615.3262939453125}, {"ListeningId": 0, "ParameterID": 21, "Value": 545.0864868164062}, {"ListeningId": 0, "ParameterID": 22, "Value": 425.59112548828125}, {"ListeningId": 0, "ParameterID": 23, "Value": 681.408203125}, {"ListeningId": 0, "ParameterID": 24, "Value": 1652.83984375}, {"ListeningId": 0, "ParameterID": 25, "Value": 146.1058807373047}, {"ListeningId": 0, "ParameterID": 26, "Value": 68.13489532470703}, {"ListeningId": 0, "ParameterID": 27, "Value": 112.7525405883789}, {"ListeningId": 0, "ParameterID": 28, "Value": 326.7112731933594}, {"ListeningId": 0, "ParameterID": 13, "Value": 0.9885782599449158}, {"ListeningId": 0, "ParameterID": 14, "Value": 1.0}, {"ListeningId": 0, "ParameterID": 15, "Value": 0.9538094401359558}, {"ListeningId": 0, "ParameterID": 16, "Value": 0.9807959198951721}, {"ListeningId": 0, "ParameterID": 10, "Value": 50.14845657348633}, {"ListeningId": 0, "ParameterID": 11, "Value": 50.14845657348633}, {"ListeningId": 0, "ParameterID": 12, "Value": 50.14845657348633}, {"ListeningId": 0, "ParameterID": 32, "Value": 5685.890625}]}, {"ListeningId": 0, "MeterId": 5, "Timestamp": 1632423420, "listeningvalues": [{"ListeningId": 0, "ParameterID": 1, "Value": 230.79153442382812}, {"ListeningId": 0, "ParameterID": 2, "Value": 231.67987060546875}, {"ListeningId": 0, "ParameterID": 3, "Value": 230.8222198486328}, {"ListeningId": 0, "ParameterID": 4, "Value": 400.4220886230469}, {"ListeningId": 0, "ParameterID": 5, "Value": 400.9748840332031}, {"ListeningId": 0, "ParameterID": 6, "Value": 399.5716857910156}, {"ListeningId": 0, "ParameterID": 7, "Value": 2.316652774810791}, {"ListeningId": 0, "ParameterID": 8, "Value": 2.2194323539733887}, {"ListeningId": 0, "ParameterID": 9, "Value": 2.703773021697998}, {"ListeningId": 0, "ParameterID": 17, "Value": 513.3014526367188}, {"ListeningId": 0, "ParameterID": 18, "Value": 514.8956298828125}, {"ListeningId": 0, "ParameterID": 19, "Value": 596.5489501953125}, {"ListeningId": 0, "ParameterID": 20, "Value": 1624.2088623046875}, {"ListeningId": 0, "ParameterID": 21, "Value": 534.657470703125}, {"ListeningId": 0, "ParameterID": 22, "Value": 515.259033203125}, {"ListeningId": 0, "ParameterID": 23, "Value": 625.142333984375}, {"ListeningId": 0, "ParameterID": 24, "Value": 1673.4285888671875}, {"ListeningId": 0, "ParameterID": 25, "Value": 148.66017150878906}, {"ListeningId": 0, "ParameterID": 26, "Value": 0.0}, {"ListeningId": 0, "ParameterID": 27, "Value": 183.40960693359375}, {"ListeningId": 0, "ParameterID": 28, "Value": 332.1766052246094}, {"ListeningId": 0, "ParameterID": 13, "Value": 0.9648071527481079}, {"ListeningId": 0, "ParameterID": 14, "Value": 1.0}, {"ListeningId": 0, "ParameterID": 15, "Value": 0.9461631178855896}, {"ListeningId": 0, "ParameterID": 16, "Value": 0.970323383808136}, {"ListeningId": 0, "ParameterID": 10, "Value": 50.14845657348633}, {"ListeningId": 0, "ParameterID": 11, "Value": 50.14845657348633}, {"ListeningId": 0, "ParameterID": 12, "Value": 50.14845657348633}, {"ListeningId": 0, "ParameterID": 32, "Value": 5682.927734375}]}, {"ListeningId": 0, "MeterId": 6, "Timestamp": 1632423420, "listeningvalues": [{"ListeningId": 0, "ParameterID": 1, "Value": 231.23727416992188}, {"ListeningId": 0, "ParameterID": 2, "Value": 232.30584716796875}, {"ListeningId": 0, "ParameterID": 3, "Value": 230.73895263671875}, {"ListeningId": 0, "ParameterID": 4, "Value": 401.174072265625}, {"ListeningId": 0, "ParameterID": 5, "Value": 400.9586486816406}, {"ListeningId": 0, "ParameterID": 6, "Value": 400.3753967285156}, {"ListeningId": 0, "ParameterID": 7, "Value": 2.4440107345581055}, {"ListeningId": 0, "ParameterID": 8, "Value": 1.903656005859375}, {"ListeningId": 0, "ParameterID": 9, "Value": 2.8485615253448486}, {"ListeningId": 0, "ParameterID": 17, "Value": 551.7529296875}, {"ListeningId": 0, "ParameterID": 18, "Value": 440.2212829589844}, {"ListeningId": 0, "ParameterID": 19, "Value": 639.3067016601562}, {"ListeningId": 0, "ParameterID": 20, "Value": 1631.0830078125}, {"ListeningId": 0, "ParameterID": 21, "Value": 565.2492065429688}, {"ListeningId": 0, "ParameterID": 22, "Value": 442.2527770996094}, {"ListeningId": 0, "ParameterID": 23, "Value": 657.4000244140625}, {"ListeningId": 0, "ParameterID": 24, "Value": 1663.165771484375}, {"ListeningId": 0, "ParameterID": 25, "Value": 122.34303283691406}, {"ListeningId": 0, "ParameterID": 26, "Value": 36.43680953979492}, {"ListeningId": 0, "ParameterID": 27, "Value": 150.63917541503906}, {"ListeningId": 0, "ParameterID": 28, "Value": 309.37347412109375}, {"ListeningId": 0, "ParameterID": 13, "Value": 0.9888083338737488}, {"ListeningId": 0, "ParameterID": 14, "Value": 1.0}, {"ListeningId": 0, "ParameterID": 15, "Value": 0.973463773727417}, {"ListeningId": 0, "ParameterID": 16, "Value": 0.9874240756034851}, {"ListeningId": 0, "ParameterID": 10, "Value": 50.14845657348633}, {"ListeningId": 0, "ParameterID": 11, "Value": 50.14845657348633}, {"ListeningId": 0, "ParameterID": 12, "Value": 50.14845657348633}, {"ListeningId": 0, "ParameterID": 32, "Value": 5684.54931640625}]}, {"ListeningId": 0, "MeterId": 7, "Timestamp": 1632423420, "listeningvalues": [{"ListeningId": 0, "ParameterID": 1, "Value": 230.23867797851562}, {"ListeningId": 0, "ParameterID": 2, "Value": 231.7614288330078}, {"ListeningId": 0, "ParameterID": 3, "Value": 231.14739990234375}, {"ListeningId": 0, "ParameterID": 4, "Value": 399.8979187011719}, {"ListeningId": 0, "ParameterID": 5, "Value": 400.697021484375}, {"ListeningId": 0, "ParameterID": 6, "Value": 399.5826416015625}, {"ListeningId": 0, "ParameterID": 7, "Value": 2.7209672927856445}, {"ListeningId": 0, "ParameterID": 8, "Value": 2.2023298740386963}, {"ListeningId": 0, "ParameterID": 9, "Value": 2.7776124477386475}, {"ListeningId": 0, "ParameterID": 17, "Value": 601.9334106445312}, {"ListeningId": 0, "ParameterID": 18, "Value": 510.4151306152344}, {"ListeningId": 0, "ParameterID": 19, "Value": 619.74072265625}, {"ListeningId": 0, "ParameterID": 20, "Value": 1732.0892333984375}, {"ListeningId": 0, "ParameterID": 21, "Value": 626.471923828125}, {"ListeningId": 0, "ParameterID": 22, "Value": 510.4151306152344}, {"ListeningId": 0, "ParameterID": 23, "Value": 642.0379028320312}, {"ListeningId": 0, "ParameterID": 24, "Value": 1778.925048828125}, {"ListeningId": 0, "ParameterID": 25, "Value": 173.61802673339844}, {"ListeningId": 0, "ParameterID": 26, "Value": 0.0}, {"ListeningId": 0, "ParameterID": 27, "Value": 167.73220825195312}, {"ListeningId": 0, "ParameterID": 28, "Value": 341.3502197265625}, {"ListeningId": 0, "ParameterID": 13, "Value": 0.9608306288719177}, {"ListeningId": 0, "ParameterID": 14, "Value": 1.0}, {"ListeningId": 0, "ParameterID": 15, "Value": 0.9652712345123291}, {"ListeningId": 0, "ParameterID": 16, "Value": 0.9753673076629639}, {"ListeningId": 0, "ParameterID": 10, "Value": 50.082603454589844}, {"ListeningId": 0, "ParameterID": 11, "Value": 50.082603454589844}, {"ListeningId": 0, "ParameterID": 12, "Value": 50.082603454589844}, {"ListeningId": 0, "ParameterID": 32, "Value": 5686.1494140625}]}, {"ListeningId": 0, "MeterId": 8, "Timestamp": 1632423420, "listeningvalues": [{"ListeningId": 0, "ParameterID": 1, "Value": 230.03294372558594}, {"ListeningId": 0, "ParameterID": 2, "Value": 231.6705322265625}, {"ListeningId": 0, "ParameterID": 3, "Value": 231.14410400390625}, {"ListeningId": 0, "ParameterID": 4, "Value": 399.85394287109375}, {"ListeningId": 0, "ParameterID": 5, "Value": 400.87213134765625}, {"ListeningId": 0, "ParameterID": 6, "Value": 399.42095947265625}, {"ListeningId": 0, "ParameterID": 7, "Value": 2.7231433391571045}, {"ListeningId": 0, "ParameterID": 8, "Value": 2.2035880088806152}, {"ListeningId": 0, "ParameterID": 9, "Value": 2.776451826095581}, {"ListeningId": 0, "ParameterID": 17, "Value": 602.1726684570312}, {"ListeningId": 0, "ParameterID": 18, "Value": 510.54150390625}, {"ListeningId": 0, "ParameterID": 19, "Value": 619.9588012695312}, {"ListeningId": 0, "ParameterID": 20, "Value": 1732.5377197265625}, {"ListeningId": 0, "ParameterID": 21, "Value": 627.0291748046875}, {"ListeningId": 0, "ParameterID": 22, "Value": 510.5273132324219}, {"ListeningId": 0, "ParameterID": 23, "Value": 642.5474243164062}, {"ListeningId": 0, "ParameterID": 24, "Value": 1779.813232421875}, {"ListeningId": 0, "ParameterID": 25, "Value": 173.49656677246094}, {"ListeningId": 0, "ParameterID": 26, "Value": 0.0}, {"ListeningId": 0, "ParameterID": 27, "Value": 167.60214233398438}, {"ListeningId": 0, "ParameterID": 28, "Value": 341.03228759765625}, {"ListeningId": 0, "ParameterID": 13, "Value": 0.9619885087013245}, {"ListeningId": 0, "ParameterID": 14, "Value": 0.9880679249763489}, {"ListeningId": 0, "ParameterID": 15, "Value": 0.9405187964439392}, {"ListeningId": 0, "ParameterID": 16, "Value": 0.9635250568389893}, {"ListeningId": 0, "ParameterID": 10, "Value": 50.082603454589844}, {"ListeningId": 0, "ParameterID": 11, "Value": 50.082603454589844}, {"ListeningId": 0, "ParameterID": 12, "Value": 50.082603454589844}, {"ListeningId": 0, "ParameterID": 32, "Value": 5686.62451171875}]}, {"ListeningId": 0, "MeterId": 9, "Timestamp": 1632423420, "listeningvalues": [{"ListeningId": 0, "ParameterID": 1, "Value": 230.6248779296875}, {"ListeningId": 0, "ParameterID": 2, "Value": 231.83102416992188}, {"ListeningId": 0, "ParameterID": 3, "Value": 230.97650146484375}, {"ListeningId": 0, "ParameterID": 4, "Value": 400.96533203125}, {"ListeningId": 0, "ParameterID": 5, "Value": 401.0256042480469}, {"ListeningId": 0, "ParameterID": 6, "Value": 399.8728942871094}, {"ListeningId": 0, "ParameterID": 7, "Value": 2.294429302215576}, {"ListeningId": 0, "ParameterID": 8, "Value": 1.895215630531311}, {"ListeningId": 0, "ParameterID": 9, "Value": 2.699713706970215}, {"ListeningId": 0, "ParameterID": 17, "Value": 512.5331420898438}, {"ListeningId": 0, "ParameterID": 18, "Value": 439.5574951171875}, {"ListeningId": 0, "ParameterID": 19, "Value": 587.16162109375}, {"ListeningId": 0, "ParameterID": 20, "Value": 1538.9073486328125}, {"ListeningId": 0, "ParameterID": 21, "Value": 529.63916015625}, {"ListeningId": 0, "ParameterID": 22, "Value": 438.97283935546875}, {"ListeningId": 0, "ParameterID": 23, "Value": 623.3515014648438}, {"ListeningId": 0, "ParameterID": 24, "Value": 1593.29345703125}, {"ListeningId": 0, "ParameterID": 25, "Value": 134.2112274169922}, {"ListeningId": 0, "ParameterID": 26, "Value": 0.0}, {"ListeningId": 0, "ParameterID": 27, "Value": 208.0865020751953}, {"ListeningId": 0, "ParameterID": 28, "Value": 342.73736572265625}, {"ListeningId": 0, "ParameterID": 13, "Value": 0.9699335694313049}, {"ListeningId": 0, "ParameterID": 14, "Value": 1.0}, {"ListeningId": 0, "ParameterID": 15, "Value": 0.9602464437484741}, {"ListeningId": 0, "ParameterID": 16, "Value": 0.9767267107963562}, {"ListeningId": 0, "ParameterID": 10, "Value": 50.082603454589844}, {"ListeningId": 0, "ParameterID": 11, "Value": 50.082603454589844}, {"ListeningId": 0, "ParameterID": 12, "Value": 50.082603454589844}, {"ListeningId": 0, "ParameterID": 32, "Value": 5691.494140625}]}, {"ListeningId": 0, "MeterId": 10, "Timestamp": 1632423420, "listeningvalues": [{"ListeningId": 0, "ParameterID": 1, "Value": 231.55043029785156}, {"ListeningId": 0, "ParameterID": 2, "Value": 232.1276397705078}, {"ListeningId": 0, "ParameterID": 3, "Value": 229.8634033203125}, {"ListeningId": 0, "ParameterID": 4, "Value": 401.4486389160156}, {"ListeningId": 0, "ParameterID": 5, "Value": 400.35260009765625}, {"ListeningId": 0, "ParameterID": 6, "Value": 399.639404296875}, {"ListeningId": 0, "ParameterID": 7, "Value": 2.3169913291931152}, {"ListeningId": 0, "ParameterID": 8, "Value": 2.0341315269470215}, {"ListeningId": 0, "ParameterID": 9, "Value": 3.0844967365264893}, {"ListeningId": 0, "ParameterID": 17, "Value": 520.8069458007812}, {"ListeningId": 0, "ParameterID": 18, "Value": 472.103515625}, {"ListeningId": 0, "ParameterID": 19, "Value": 692.0380859375}, {"ListeningId": 0, "ParameterID": 20, "Value": 1684.313232421875}, {"ListeningId": 0, "ParameterID": 21, "Value": 537.2559814453125}, {"ListeningId": 0, "ParameterID": 22, "Value": 471.74200439453125}, {"ListeningId": 0, "ParameterID": 23, "Value": 709.2587890625}, {"ListeningId": 0, "ParameterID": 24, "Value": 1717.98095703125}, {"ListeningId": 0, "ParameterID": 25, "Value": 131.2519073486328}, {"ListeningId": 0, "ParameterID": 26, "Value": 0.0}, {"ListeningId": 0, "ParameterID": 27, "Value": 156.10977172851562}, {"ListeningId": 0, "ParameterID": 28, "Value": 287.34063720703125}, {"ListeningId": 0, "ParameterID": 13, "Value": 0.9920445084571838}, {"ListeningId": 0, "ParameterID": 14, "Value": 1.0}, {"ListeningId": 0, "ParameterID": 15, "Value": 0.9573395848274231}, {"ListeningId": 0, "ParameterID": 16, "Value": 0.983128011226654}, {"ListeningId": 0, "ParameterID": 10, "Value": 50.082603454589844}, {"ListeningId": 0, "ParameterID": 11, "Value": 50.082603454589844}, {"ListeningId": 0, "ParameterID": 12, "Value": 50.082603454589844}, {"ListeningId": 0, "ParameterID": 32, "Value": 7268.43017578125}]}, {"ListeningId": 0, "MeterId": 11, "Timestamp": 1632423420, "listeningvalues": [{"ListeningId": 0, "ParameterID": 1, "Value": 231.17800903320312}, {"ListeningId": 0, "ParameterID": 2, "Value": 231.80882263183594}, {"ListeningId": 0, "ParameterID": 3, "Value": 230.11105346679688}, {"ListeningId": 0, "ParameterID": 4, "Value": 401.1606140136719}, {"ListeningId": 0, "ParameterID": 5, "Value": 399.6596984863281}, {"ListeningId": 0, "ParameterID": 6, "Value": 399.2027893066406}, {"ListeningId": 0, "ParameterID": 7, "Value": 2.7144887447357178}, {"ListeningId": 0, "ParameterID": 8, "Value": 2.1298632621765137}, {"ListeningId": 0, "ParameterID": 9, "Value": 2.8441076278686523}, {"ListeningId": 0, "ParameterID": 17, "Value": 620.5167846679688}, {"ListeningId": 0, "ParameterID": 18, "Value": 492.92041015625}, {"ListeningId": 0, "ParameterID": 19, "Value": 638.5729370117188}, {"ListeningId": 0, "ParameterID": 20, "Value": 1754.4495849609375}, {"ListeningId": 0, "ParameterID": 21, "Value": 626.46875}, {"ListeningId": 0, "ParameterID": 22, "Value": 493.6949157714844}, {"ListeningId": 0, "ParameterID": 23, "Value": 655.5100708007812}, {"ListeningId": 0, "ParameterID": 24, "Value": 1776.0360107421875}, {"ListeningId": 0, "ParameterID": 25, "Value": 88.18523406982422}, {"ListeningId": 0, "ParameterID": 26, "Value": 0.0}, {"ListeningId": 0, "ParameterID": 27, "Value": 143.65545654296875}, {"ListeningId": 0, "ParameterID": 28, "Value": 231.7476348876953}, {"ListeningId": 0, "ParameterID": 13, "Value": 0.9780690670013428}, {"ListeningId": 0, "ParameterID": 14, "Value": 0.992698073387146}, {"ListeningId": 0, "ParameterID": 15, "Value": 0.9893431067466736}, {"ListeningId": 0, "ParameterID": 16, "Value": 0.9867033958435059}, {"ListeningId": 0, "ParameterID": 10, "Value": 50.082603454589844}, {"ListeningId": 0, "ParameterID": 11, "Value": 50.082603454589844}, {"ListeningId": 0, "ParameterID": 12, "Value": 50.082603454589844}, {"ListeningId": 0, "ParameterID": 32, "Value": 5680.53759765625}]}, {"ListeningId": 0, "MeterId": 12, "Timestamp": 1632423420, "listeningvalues": [{"ListeningId": 0, "ParameterID": 1, "Value": 230.74668884277344}, {"ListeningId": 0, "ParameterID": 2, "Value": 232.4423828125}, {"ListeningId": 0, "ParameterID": 3, "Value": 230.0072479248047}, {"ListeningId": 0, "ParameterID": 4, "Value": 401.1510925292969}, {"ListeningId": 0, "ParameterID": 5, "Value": 400.1866149902344}, {"ListeningId": 0, "ParameterID": 6, "Value": 399.3209533691406}, {"ListeningId": 0, "ParameterID": 7, "Value": 2.6248276233673096}, {"ListeningId": 0, "ParameterID": 8, "Value": 2.039691686630249}, {"ListeningId": 0, "ParameterID": 9, "Value": 3.038595199584961}, {"ListeningId": 0, "ParameterID": 17, "Value": 583.8189697265625}, {"ListeningId": 0, "ParameterID": 18, "Value": 474.1108093261719}, {"ListeningId": 0, "ParameterID": 19, "Value": 675.642822265625}, {"ListeningId": 0, "ParameterID": 20, "Value": 1733.5726318359375}, {"ListeningId": 0, "ParameterID": 21, "Value": 605.6702880859375}, {"ListeningId": 0, "ParameterID": 22, "Value": 474.1108093261719}, {"ListeningId": 0, "ParameterID": 23, "Value": 698.89892578125}, {"ListeningId": 0, "ParameterID": 24, "Value": 1778.6800537109375}, {"ListeningId": 0, "ParameterID": 25, "Value": 161.22006225585938}, {"ListeningId": 0, "ParameterID": 26, "Value": 0.0}, {"ListeningId": 0, "ParameterID": 27, "Value": 178.79177856445312}, {"ListeningId": 0, "ParameterID": 28, "Value": 340.0118408203125}, {"ListeningId": 0, "ParameterID": 13, "Value": 0.9639220833778381}, {"ListeningId": 0, "ParameterID": 14, "Value": 1.0}, {"ListeningId": 0, "ParameterID": 15, "Value": 0.9667246341705322}, {"ListeningId": 0, "ParameterID": 16, "Value": 0.9768822193145752}, {"ListeningId": 0, "ParameterID": 10, "Value": 49.99469757080078}, {"ListeningId": 0, "ParameterID": 11, "Value": 49.99469757080078}, {"ListeningId": 0, "ParameterID": 12, "Value": 49.99469757080078}, {"ListeningId": 0, "ParameterID": 32, "Value": 5681.044921875}]}]