[{"ListeningId": 0, "MeterId": 1, "Timestamp": 1632423600, "listeningvalues": [{"ListeningId": 0, "ParameterID": 1, "Value": 231.67098999023438}, {"ListeningId": 0, "ParameterID": 2, "Value": 231.48333740234375}, {"ListeningId": 0, "ParameterID": 3, "Value": 230.90573120117188}, {"ListeningId": 0, "ParameterID": 4, "Value": 401.3706359863281}, {"ListeningId": 0, "ParameterID": 5, "Value": 400.0737609863281}, {"ListeningId": 0, "ParameterID": 6, "Value": 400.6361083984375}, {"ListeningId": 0, "ParameterID": 7, "Value": 2.712986707687378}, {"ListeningId": 0, "ParameterID": 8, "Value": 1.9809062480926514}, {"ListeningId": 0, "ParameterID": 9, "Value": 2.8224892616271973}, {"ListeningId": 0, "ParameterID": 17, "Value": 607.6319580078125}, {"ListeningId": 0, "ParameterID": 18, "Value": 458.5467834472656}, {"ListeningId": 0, "ParameterID": 19, "Value": 634.7418212890625}, {"ListeningId": 0, "ParameterID": 20, "Value": 1700.9205322265625}, {"ListeningId": 0, "ParameterID": 21, "Value": 628.5203247070312}, {"ListeningId": 0, "ParameterID": 22, "Value": 458.5467834472656}, {"ListeningId": 0, "ParameterID": 23, "Value": 651.7289428710938}, {"ListeningId": 0, "ParameterID": 24, "Value": 1738.796142578125}, {"ListeningId": 0, "ParameterID": 25, "Value": 160.6898193359375}, {"ListeningId": 0, "ParameterID": 26, "Value": 0.0}, {"ListeningId": 0, "ParameterID": 27, "Value": 147.82908630371094}, {"ListeningId": 0, "ParameterID": 28, "Value": 308.5189208984375}, {"ListeningId": 0, "ParameterID": 13, "Value": 0.9946885704994202}, {"ListeningId": 0, "ParameterID": 14, "Value": 1.0}, {"ListeningId": 0, "ParameterID": 15, "Value": 0.9528076648712158}, {"ListeningId": 0, "ParameterID": 16, "Value": 0.9824987053871155}, {"ListeningId": 0, "ParameterID": 10, "Value": 50.124351501464844}, {"ListeningId": 0, "ParameterID": 11, "Value": 50.124351501464844}, {"ListeningId": 0, "ParameterID": 12, "Value": 50.124351501464844}, {"ListeningId": 0, "ParameterID": 32, "Value": 5761.17138671875}]}, {"ListeningId": 0, "MeterId": 2, "Timestamp": 1632423600, "listeningvalues": [{"ListeningId": 0, "ParameterID": 1, "Value": 231.5514373779297}, {"ListeningId": 0, "ParameterID": 2, "Value": 232.63914489746094}, {"ListeningId": 0, "ParameterID": 3, "Value": 230.7118377685547}, {"ListeningId": 0, "ParameterID": 4, "Value": 402.361572265625}, {"ListeningId": 0, "ParameterID": 5, "Value": 401.18994140625}, {"ListeningId": 0, "ParameterID": 6, "Value": 400.651611328125}, {"ListeningId": 0, "ParameterID": 7, "Value": 2.5856966972351074}, {"ListeningId": 0, "ParameterID": 8, "Value": 1.8302249908447266}, {"ListeningId": 0, "ParameterID": 9, "Value": 2.8748395442962646}, {"ListeningId": 0, "ParameterID": 17, "Value": 579.7847900390625}, {"ListeningId": 0, "ParameterID": 18, "Value": 423.32366943359375}, {"ListeningId": 0, "ParameterID": 19, "Value": 629.7473754882812}, {"ListeningId": 0, "ParameterID": 20, "Value": 1633.5159912109375}, {"ListeningId": 0, "ParameterID": 21, "Value": 599.6569213867188}, {"ListeningId": 0, "ParameterID": 22, "Value": 425.53289794921875}, {"ListeningId": 0, "ParameterID": 23, "Value": 663.9287719726562}, {"ListeningId": 0, "ParameterID": 24, "Value": 1688.040771484375}, {"ListeningId": 0, "ParameterID": 25, "Value": 150.9362335205078}, {"ListeningId": 0, "ParameterID": 26, "Value": 45.70476150512695}, {"ListeningId": 0, "ParameterID": 27, "Value": 208.3393096923828}, {"ListeningId": 0, "ParameterID": 28, "Value": 404.93988037109375}, {"ListeningId": 0, "ParameterID": 13, "Value": 0.9891409873962402}, {"ListeningId": 0, "ParameterID": 14, "Value": 1.0}, {"ListeningId": 0, "ParameterID": 15, "Value": 0.9597009420394897}, {"ListeningId": 0, "ParameterID": 16, "Value": 0.9829473495483398}, {"ListeningId": 0, "ParameterID": 10, "Value": 50.124351501464844}, {"ListeningId": 0, "ParameterID": 11, "Value": 50.124351501464844}, {"ListeningId": 0, "ParameterID": 12, "Value": 50.124351501464844}, {"ListeningId": 0, "ParameterID": 32, "Value": 5766.3349609375}]}, {"ListeningId": 0, "MeterId": 3, "Timestamp": 1632423600, "listeningvalues": [{"ListeningId": 0, "ParameterID": 1, "Value": 231.06556701660156}, {"ListeningId": 0, "ParameterID": 2, "Value": 232.55947875976562}, {"ListeningId": 0, "ParameterID": 3, "Value": 230.4425811767578}, {"ListeningId": 0, "ParameterID": 4, "Value": 401.31243896484375}, {"ListeningId": 0, "ParameterID": 5, "Value": 401.1273193359375}, {"ListeningId": 0, "ParameterID": 6, "Value": 399.4166564941406}, {"ListeningId": 0, "ParameterID": 7, "Value": 2.398719549179077}, {"ListeningId": 0, "ParameterID": 8, "Value": 2.034900188446045}, {"ListeningId": 0, "ParameterID": 9, "Value": 2.8444697856903076}, {"ListeningId": 0, "ParameterID": 17, "Value": 548.9484252929688}, {"ListeningId": 0, "ParameterID": 18, "Value": 471.6015319824219}, {"ListeningId": 0, "ParameterID": 19, "Value": 625.791748046875}, {"ListeningId": 0, "ParameterID": 20, "Value": 1646.3416748046875}, {"ListeningId": 0, "ParameterID": 21, "Value": 554.261474609375}, {"ListeningId": 0, "ParameterID": 22, "Value": 473.2353210449219}, {"ListeningId": 0, "ParameterID": 23, "Value": 655.4869384765625}, {"ListeningId": 0, "ParameterID": 24, "Value": 1682.9837646484375}, {"ListeningId": 0, "ParameterID": 25, "Value": 76.55982208251953}, {"ListeningId": 0, "ParameterID": 26, "Value": 39.289588928222656}, {"ListeningId": 0, "ParameterID": 27, "Value": 195.05848693847656}, {"ListeningId": 0, "ParameterID": 28, "Value": 310.90789794921875}, {"ListeningId": 0, "ParameterID": 13, "Value": 0.9904142022132874}, {"ListeningId": 0, "ParameterID": 14, "Value": 0.9965476393699646}, {"ListeningId": 0, "ParameterID": 15, "Value": 0.9546974897384644}, {"ListeningId": 0, "ParameterID": 16, "Value": 0.980553150177002}, {"ListeningId": 0, "ParameterID": 10, "Value": 50.16241455078125}, {"ListeningId": 0, "ParameterID": 11, "Value": 50.16241455078125}, {"ListeningId": 0, "ParameterID": 12, "Value": 50.16241455078125}, {"ListeningId": 0, "ParameterID": 32, "Value": 5769.0498046875}]}, {"ListeningId": 0, "MeterId": 4, "Timestamp": 1632423600, "listeningvalues": [{"ListeningId": 0, "ParameterID": 1, "Value": 230.25424194335938}, {"ListeningId": 0, "ParameterID": 2, "Value": 231.80130004882812}, {"ListeningId": 0, "ParameterID": 3, "Value": 230.89541625976562}, {"ListeningId": 0, "ParameterID": 4, "Value": 400.22161865234375}, {"ListeningId": 0, "ParameterID": 5, "Value": 400.39398193359375}, {"ListeningId": 0, "ParameterID": 6, "Value": 399.06878662109375}, {"ListeningId": 0, "ParameterID": 7, "Value": 2.568760395050049}, {"ListeningId": 0, "ParameterID": 8, "Value": 1.8495904207229614}, {"ListeningId": 0, "ParameterID": 9, "Value": 3.018627166748047}, {"ListeningId": 0, "ParameterID": 17, "Value": 580.6904296875}, {"ListeningId": 0, "ParameterID": 18, "Value": 428.6159973144531}, {"ListeningId": 0, "ParameterID": 19, "Value": 664.5116577148438}, {"ListeningId": 0, "ParameterID": 20, "Value": 1672.9085693359375}, {"ListeningId": 0, "ParameterID": 21, "Value": 590.8197631835938}, {"ListeningId": 0, "ParameterID": 22, "Value": 428.4700622558594}, {"ListeningId": 0, "ParameterID": 23, "Value": 696.8825073242188}, {"ListeningId": 0, "ParameterID": 24, "Value": 1715.509521484375}, {"ListeningId": 0, "ParameterID": 25, "Value": 110.48370361328125}, {"ListeningId": 0, "ParameterID": 26, "Value": 0.0}, {"ListeningId": 0, "ParameterID": 27, "Value": 208.78189086914062}, {"ListeningId": 0, "ParameterID": 28, "Value": 318.9944152832031}, {"ListeningId": 0, "ParameterID": 13, "Value": 0.9689032435417175}, {"ListeningId": 0, "ParameterID": 14, "Value": 1.0}, {"ListeningId": 0, "ParameterID": 15, "Value": 0.9880697131156921}, {"ListeningId": 0, "ParameterID": 16, "Value": 0.9856576919555664}, {"ListeningId": 0, "ParameterID": 10, "Value": 50.16241455078125}, {"ListeningId": 0, "ParameterID": 11, "Value": 50.16241455078125}, {"ListeningId": 0, "ParameterID": 12, "Value": 50.16241455078125}, {"ListeningId": 0, "ParameterID": 32, "Value": 5767.97998046875}]}, {"ListeningId": 0, "MeterId": 5, "Timestamp": 1632423600, "listeningvalues": [{"ListeningId": 0, "ParameterID": 1, "Value": 231.15013122558594}, {"ListeningId": 0, "ParameterID": 2, "Value": 232.52139282226562}, {"ListeningId": 0, "ParameterID": 3, "Value": 230.15309143066406}, {"ListeningId": 0, "ParameterID": 4, "Value": 402.0167541503906}, {"ListeningId": 0, "ParameterID": 5, "Value": 401.3384094238281}, {"ListeningId": 0, "ParameterID": 6, "Value": 399.46453857421875}, {"ListeningId": 0, "ParameterID": 7, "Value": 2.6009602546691895}, {"ListeningId": 0, "ParameterID": 8, "Value": 1.8072271347045898}, {"ListeningId": 0, "ParameterID": 9, "Value": 3.0118536949157715}, {"ListeningId": 0, "ParameterID": 17, "Value": 583.713134765625}, {"ListeningId": 0, "ParameterID": 18, "Value": 418.5163879394531}, {"ListeningId": 0, "ParameterID": 19, "Value": 669.9349365234375}, {"ListeningId": 0, "ParameterID": 20, "Value": 1670.7279052734375}, {"ListeningId": 0, "ParameterID": 21, "Value": 602.17041015625}, {"ListeningId": 0, "ParameterID": 22, "Value": 420.3673400878906}, {"ListeningId": 0, "ParameterID": 23, "Value": 694.0933837890625}, {"ListeningId": 0, "ParameterID": 24, "Value": 1718.263427734375}, {"ListeningId": 0, "ParameterID": 25, "Value": 148.47581481933594}, {"ListeningId": 0, "ParameterID": 26, "Value": 41.919559478759766}, {"ListeningId": 0, "ParameterID": 27, "Value": 182.13491821289062}, {"ListeningId": 0, "ParameterID": 28, "Value": 373.0115661621094}, {"ListeningId": 0, "ParameterID": 13, "Value": 0.9858218431472778}, {"ListeningId": 0, "ParameterID": 14, "Value": 1.0}, {"ListeningId": 0, "ParameterID": 15, "Value": 0.9592263698577881}, {"ListeningId": 0, "ParameterID": 16, "Value": 0.9816827774047852}, {"ListeningId": 0, "ParameterID": 10, "Value": 50.16241455078125}, {"ListeningId": 0, "ParameterID": 11, "Value": 50.16241455078125}, {"ListeningId": 0, "ParameterID": 12, "Value": 50.16241455078125}, {"ListeningId": 0, "ParameterID": 32, "Value": 5765.13232421875}]}, {"ListeningId": 0, "MeterId": 6, "Timestamp": 1632423600, "listeningvalues": [{"ListeningId": 0, "ParameterID": 1, "Value": 231.18113708496094}, {"ListeningId": 0, "ParameterID": 2, "Value": 231.78155517578125}, {"ListeningId": 0, "ParameterID": 3, "Value": 230.05809020996094}, {"ListeningId": 0, "ParameterID": 4, "Value": 400.6870422363281}, {"ListeningId": 0, "ParameterID": 5, "Value": 399.85382080078125}, {"ListeningId": 0, "ParameterID": 6, "Value": 399.3516540527344}, {"ListeningId": 0, "ParameterID": 7, "Value": 2.5125060081481934}, {"ListeningId": 0, "ParameterID": 8, "Value": 1.8384721279144287}, {"ListeningId": 0, "ParameterID": 9, "Value": 2.7774596214294434}, {"ListeningId": 0, "ParameterID": 17, "Value": 576.7886962890625}, {"ListeningId": 0, "ParameterID": 18, "Value": 425.4760437011719}, {"ListeningId": 0, "ParameterID": 19, "Value": 629.5167236328125}, {"ListeningId": 0, "ParameterID": 20, "Value": 1631.783447265625}, {"ListeningId": 0, "ParameterID": 21, "Value": 581.1846313476562}, {"ListeningId": 0, "ParameterID": 22, "Value": 425.28131103515625}, {"ListeningId": 0, "ParameterID": 23, "Value": 639.8041381835938}, {"ListeningId": 0, "ParameterID": 24, "Value": 1646.6552734375}, {"ListeningId": 0, "ParameterID": 25, "Value": 65.95523834228516}, {"ListeningId": 0, "ParameterID": 26, "Value": 0.0}, {"ListeningId": 0, "ParameterID": 27, "Value": 108.5738525390625}, {"ListeningId": 0, "ParameterID": 28, "Value": 174.49037170410156}, {"ListeningId": 0, "ParameterID": 13, "Value": 0.9684082269668579}, {"ListeningId": 0, "ParameterID": 14, "Value": 0.9898104667663574}, {"ListeningId": 0, "ParameterID": 15, "Value": 0.9797421097755432}, {"ListeningId": 0, "ParameterID": 16, "Value": 0.9793202877044678}, {"ListeningId": 0, "ParameterID": 10, "Value": 50.16241455078125}, {"ListeningId": 0, "ParameterID": 11, "Value": 50.16241455078125}, {"ListeningId": 0, "ParameterID": 12, "Value": 50.16241455078125}, {"ListeningId": 0, "ParameterID": 32, "Value": 5766.8544921875}]}, {"ListeningId": 0, "MeterId": 7, "Timestamp": 1632423600, "listeningvalues": [{"ListeningId": 0, "ParameterID": 1, "Value": 231.1634979248047}, {"ListeningId": 0, "ParameterID": 2, "Value": 231.87315368652344}, {"ListeningId": 0, "ParameterID": 3, "Value": 230.69015502929688}, {"ListeningId": 0, "ParameterID": 4, "Value": 400.4873046875}, {"ListeningId": 0, "ParameterID": 5, "Value": 400.5858459472656}, {"ListeningId": 0, "ParameterID": 6, "Value": 399.8617248535156}, {"ListeningId": 0, "ParameterID": 7, "Value": 2.4768495559692383}, {"ListeningId": 0, "ParameterID": 8, "Value": 1.870977520942688}, {"ListeningId": 0, "ParameterID": 9, "Value": 2.8557682037353516}, {"ListeningId": 0, "ParameterID": 17, "Value": 547.3477783203125}, {"ListeningId": 0, "ParameterID": 18, "Value": 428.6196594238281}, {"ListeningId": 0, "ParameterID": 19, "Value": 646.15576171875}, {"ListeningId": 0, "ParameterID": 20, "Value": 1623.21826171875}, {"ListeningId": 0, "ParameterID": 21, "Value": 571.2261352539062}, {"ListeningId": 0, "ParameterID": 22, "Value": 433.5992126464844}, {"ListeningId": 0, "ParameterID": 23, "Value": 659.7915649414062}, {"ListeningId": 0, "ParameterID": 24, "Value": 1664.509033203125}, {"ListeningId": 0, "ParameterID": 25, "Value": 165.62435913085938}, {"ListeningId": 0, "ParameterID": 26, "Value": 62.71167755126953}, {"ListeningId": 0, "ParameterID": 27, "Value": 133.03378295898438}, {"ListeningId": 0, "ParameterID": 28, "Value": 361.5879821777344}, {"ListeningId": 0, "ParameterID": 13, "Value": 0.9931028485298157}, {"ListeningId": 0, "ParameterID": 14, "Value": 1.0}, {"ListeningId": 0, "ParameterID": 15, "Value": 0.9667956233024597}, {"ListeningId": 0, "ParameterID": 16, "Value": 0.9866328239440918}, {"ListeningId": 0, "ParameterID": 10, "Value": 50.16241455078125}, {"ListeningId": 0, "ParameterID": 11, "Value": 50.16241455078125}, {"ListeningId": 0, "ParameterID": 12, "Value": 50.16241455078125}, {"ListeningId": 0, "ParameterID": 32, "Value": 5768.5283203125}]}, {"ListeningId": 0, "MeterId": 8, "Timestamp": 1632423600, "listeningvalues": [{"ListeningId": 0, "ParameterID": 1, "Value": 231.10031127929688}, {"ListeningId": 0, "ParameterID": 2, "Value": 232.3902587890625}, {"ListeningId": 0, "ParameterID": 3, "Value": 230.8961944580078}, {"ListeningId": 0, "ParameterID": 4, "Value": 401.4450378417969}, {"ListeningId": 0, "ParameterID": 5, "Value": 401.32427978515625}, {"ListeningId": 0, "ParameterID": 6, "Value": 399.74102783203125}, {"ListeningId": 0, "ParameterID": 7, "Value": 2.289640426635742}, {"ListeningId": 0, "ParameterID": 8, "Value": 2.1634576320648193}, {"ListeningId": 0, "ParameterID": 9, "Value": 2.772592306137085}, {"ListeningId": 0, "ParameterID": 17, "Value": 525.487060546875}, {"ListeningId": 0, "ParameterID": 18, "Value": 502.7664794921875}, {"ListeningId": 0, "ParameterID": 19, "Value": 618.9241943359375}, {"ListeningId": 0, "ParameterID": 20, "Value": 1647.177734375}, {"ListeningId": 0, "ParameterID": 21, "Value": 529.1365966796875}, {"ListeningId": 0, "ParameterID": 22, "Value": 502.7664794921875}, {"ListeningId": 0, "ParameterID": 23, "Value": 640.1810302734375}, {"ListeningId": 0, "ParameterID": 24, "Value": 1672.0841064453125}, {"ListeningId": 0, "ParameterID": 25, "Value": 62.039302825927734}, {"ListeningId": 0, "ParameterID": 26, "Value": 0.0}, {"ListeningId": 0, "ParameterID": 27, "Value": 163.598876953125}, {"ListeningId": 0, "ParameterID": 28, "Value": 225.63818359375}, {"ListeningId": 0, "ParameterID": 13, "Value": 0.9931028485298157}, {"ListeningId": 0, "ParameterID": 14, "Value": 1.0}, {"ListeningId": 0, "ParameterID": 15, "Value": 0.9667956233024597}, {"ListeningId": 0, "ParameterID": 16, "Value": 0.9866328239440918}, {"ListeningId": 0, "ParameterID": 10, "Value": 50.03643798828125}, {"ListeningId": 0, "ParameterID": 11, "Value": 50.03643798828125}, {"ListeningId": 0, "ParameterID": 12, "Value": 50.03643798828125}, {"ListeningId": 0, "ParameterID": 32, "Value": 5768.98828125}]}, {"ListeningId": 0, "MeterId": 9, "Timestamp": 1632423600, "listeningvalues": [{"ListeningId": 0, "ParameterID": 1, "Value": 231.41404724121094}, {"ListeningId": 0, "ParameterID": 2, "Value": 232.5791473388672}, {"ListeningId": 0, "ParameterID": 3, "Value": 230.47755432128906}, {"ListeningId": 0, "ParameterID": 4, "Value": 401.73828125}, {"ListeningId": 0, "ParameterID": 5, "Value": 400.7607116699219}, {"ListeningId": 0, "ParameterID": 6, "Value": 400.13006591796875}, {"ListeningId": 0, "ParameterID": 7, "Value": 2.658396005630493}, {"ListeningId": 0, "ParameterID": 8, "Value": 1.891667127609253}, {"ListeningId": 0, "ParameterID": 9, "Value": 2.9532129764556885}, {"ListeningId": 0, "ParameterID": 17, "Value": 594.4298095703125}, {"ListeningId": 0, "ParameterID": 18, "Value": 439.8821716308594}, {"ListeningId": 0, "ParameterID": 19, "Value": 667.4404296875}, {"ListeningId": 0, "ParameterID": 20, "Value": 1699.763427734375}, {"ListeningId": 0, "ParameterID": 21, "Value": 615.5760498046875}, {"ListeningId": 0, "ParameterID": 22, "Value": 439.8175048828125}, {"ListeningId": 0, "ParameterID": 23, "Value": 680.0641479492188}, {"ListeningId": 0, "ParameterID": 24, "Value": 1735.5257568359375}, {"ListeningId": 0, "ParameterID": 25, "Value": 159.26275634765625}, {"ListeningId": 0, "ParameterID": 26, "Value": 0.0}, {"ListeningId": 0, "ParameterID": 27, "Value": 132.02511596679688}, {"ListeningId": 0, "ParameterID": 28, "Value": 291.3824462890625}, {"ListeningId": 0, "ParameterID": 13, "Value": 0.9764381647109985}, {"ListeningId": 0, "ParameterID": 14, "Value": 1.0}, {"ListeningId": 0, "ParameterID": 15, "Value": 0.9414633512496948}, {"ListeningId": 0, "ParameterID": 16, "Value": 0.9726338386535645}, {"ListeningId": 0, "ParameterID": 10, "Value": 50.03643798828125}, {"ListeningId": 0, "ParameterID": 11, "Value": 50.03643798828125}, {"ListeningId": 0, "ParameterID": 12, "Value": 50.03643798828125}, {"ListeningId": 0, "ParameterID": 32, "Value": 5773.5517578125}]}, {"ListeningId": 0, "MeterId": 10, "Timestamp": 1632423600, "listeningvalues": [{"ListeningId": 0, "ParameterID": 1, "Value": 231.17457580566406}, {"ListeningId": 0, "ParameterID": 2, "Value": 231.5756378173828}, {"ListeningId": 0, "ParameterID": 3, "Value": 230.2106475830078}, {"ListeningId": 0, "ParameterID": 4, "Value": 400.99346923828125}, {"ListeningId": 0, "ParameterID": 5, "Value": 400.3887939453125}, {"ListeningId": 0, "ParameterID": 6, "Value": 400.0971984863281}, {"ListeningId": 0, "ParameterID": 7, "Value": 2.6279289722442627}, {"ListeningId": 0, "ParameterID": 8, "Value": 2.0482916831970215}, {"ListeningId": 0, "ParameterID": 9, "Value": 2.938579797744751}, {"ListeningId": 0, "ParameterID": 17, "Value": 603.8038940429688}, {"ListeningId": 0, "ParameterID": 18, "Value": 472.0134582519531}, {"ListeningId": 0, "ParameterID": 19, "Value": 644.38623046875}, {"ListeningId": 0, "ParameterID": 20, "Value": 1720.282958984375}, {"ListeningId": 0, "ParameterID": 21, "Value": 607.055419921875}, {"ListeningId": 0, "ParameterID": 22, "Value": 474.78363037109375}, {"ListeningId": 0, "ParameterID": 23, "Value": 677.5701904296875}, {"ListeningId": 0, "ParameterID": 24, "Value": 1759.84130859375}, {"ListeningId": 0, "ParameterID": 25, "Value": 67.13127899169922}, {"ListeningId": 0, "ParameterID": 26, "Value": 50.41328811645508}, {"ListeningId": 0, "ParameterID": 27, "Value": 211.02122497558594}, {"ListeningId": 0, "ParameterID": 28, "Value": 328.5948791503906}, {"ListeningId": 0, "ParameterID": 13, "Value": 0.9839938282966614}, {"ListeningId": 0, "ParameterID": 14, "Value": 1.0}, {"ListeningId": 0, "ParameterID": 15, "Value": 0.9853169918060303}, {"ListeningId": 0, "ParameterID": 16, "Value": 0.989770233631134}, {"ListeningId": 0, "ParameterID": 10, "Value": 50.03643798828125}, {"ListeningId": 0, "ParameterID": 11, "Value": 50.03643798828125}, {"ListeningId": 0, "ParameterID": 12, "Value": 50.03643798828125}, {"ListeningId": 0, "ParameterID": 32, "Value": 7350.75341796875}]}, {"ListeningId": 0, "MeterId": 11, "Timestamp": 1632423600, "listeningvalues": [{"ListeningId": 0, "ParameterID": 1, "Value": 231.77584838867188}, {"ListeningId": 0, "ParameterID": 2, "Value": 231.63369750976562}, {"ListeningId": 0, "ParameterID": 3, "Value": 229.83978271484375}, {"ListeningId": 0, "ParameterID": 4, "Value": 401.6587829589844}, {"ListeningId": 0, "ParameterID": 5, "Value": 399.9012756347656}, {"ListeningId": 0, "ParameterID": 6, "Value": 399.3348083496094}, {"ListeningId": 0, "ParameterID": 7, "Value": 2.464200258255005}, {"ListeningId": 0, "ParameterID": 8, "Value": 2.171701669692993}, {"ListeningId": 0, "ParameterID": 9, "Value": 2.755990505218506}, {"ListeningId": 0, "ParameterID": 17, "Value": 565.750732421875}, {"ListeningId": 0, "ParameterID": 18, "Value": 503.2066345214844}, {"ListeningId": 0, "ParameterID": 19, "Value": 608.3617553710938}, {"ListeningId": 0, "ParameterID": 20, "Value": 1677.045654296875}, {"ListeningId": 0, "ParameterID": 21, "Value": 571.0672607421875}, {"ListeningId": 0, "ParameterID": 22, "Value": 502.8153381347656}, {"ListeningId": 0, "ParameterID": 23, "Value": 632.6212158203125}, {"ListeningId": 0, "ParameterID": 24, "Value": 1705.7301025390625}, {"ListeningId": 0, "ParameterID": 25, "Value": 79.99235534667969}, {"ListeningId": 0, "ParameterID": 26, "Value": 0.0}, {"ListeningId": 0, "ParameterID": 27, "Value": 174.5841064453125}, {"ListeningId": 0, "ParameterID": 28, "Value": 254.56491088867188}, {"ListeningId": 0, "ParameterID": 13, "Value": 0.9794148802757263}, {"ListeningId": 0, "ParameterID": 14, "Value": 1.0}, {"ListeningId": 0, "ParameterID": 15, "Value": 0.9731693267822266}, {"ListeningId": 0, "ParameterID": 16, "Value": 0.9841947555541992}, {"ListeningId": 0, "ParameterID": 10, "Value": 50.03643798828125}, {"ListeningId": 0, "ParameterID": 11, "Value": 50.03643798828125}, {"ListeningId": 0, "ParameterID": 12, "Value": 50.03643798828125}, {"ListeningId": 0, "ParameterID": 32, "Value": 5762.51806640625}]}, {"ListeningId": 0, "MeterId": 12, "Timestamp": 1632423600, "listeningvalues": [{"ListeningId": 0, "ParameterID": 1, "Value": 231.150146484375}, {"ListeningId": 0, "ParameterID": 2, "Value": 231.9883575439453}, {"ListeningId": 0, "ParameterID": 3, "Value": 230.3011474609375}, {"ListeningId": 0, "ParameterID": 4, "Value": 400.8843688964844}, {"ListeningId": 0, "ParameterID": 5, "Value": 400.36083984375}, {"ListeningId": 0, "ParameterID": 6, "Value": 399.31268310546875}, {"ListeningId": 0, "ParameterID": 7, "Value": 2.337975263595581}, {"ListeningId": 0, "ParameterID": 8, "Value": 2.172374963760376}, {"ListeningId": 0, "ParameterID": 9, "Value": 2.9279470443725586}, {"ListeningId": 0, "ParameterID": 17, "Value": 524.9491577148438}, {"ListeningId": 0, "ParameterID": 18, "Value": 504.803466796875}, {"ListeningId": 0, "ParameterID": 19, "Value": 658.6728515625}, {"ListeningId": 0, "ParameterID": 20, "Value": 1687.719970703125}, {"ListeningId": 0, "ParameterID": 21, "Value": 540.853271484375}, {"ListeningId": 0, "ParameterID": 22, "Value": 504.8096618652344}, {"ListeningId": 0, "ParameterID": 23, "Value": 674.4269409179688}, {"ListeningId": 0, "ParameterID": 24, "Value": 1721.1710205078125}, {"ListeningId": 0, "ParameterID": 25, "Value": 131.78240966796875}, {"ListeningId": 0, "ParameterID": 26, "Value": 0.0}, {"ListeningId": 0, "ParameterID": 27, "Value": 144.12600708007812}, {"ListeningId": 0, "ParameterID": 28, "Value": 275.44891357421875}, {"ListeningId": 0, "ParameterID": 13, "Value": 0.9846487641334534}, {"ListeningId": 0, "ParameterID": 14, "Value": 1.0}, {"ListeningId": 0, "ParameterID": 15, "Value": 0.9451010823249817}, {"ListeningId": 0, "ParameterID": 16, "Value": 0.9765832424163818}, {"ListeningId": 0, "ParameterID": 10, "Value": 50.03643798828125}, {"ListeningId": 0, "ParameterID": 11, "Value": 50.03643798828125}, {"ListeningId": 0, "ParameterID": 12, "Value": 50.03643798828125}, {"ListeningId": 0, "ParameterID": 32, "Value": 5763.23095703125}]}]