[{"ListeningId": 0, "MeterId": 1, "Timestamp": 1632423360, "listeningvalues": [{"ListeningId": 0, "ParameterID": 1, "Value": 230.81723022460938}, {"ListeningId": 0, "ParameterID": 2, "Value": 232.7017059326172}, {"ListeningId": 0, "ParameterID": 3, "Value": 229.93753051757812}, {"ListeningId": 0, "ParameterID": 4, "Value": 401.26080322265625}, {"ListeningId": 0, "ParameterID": 5, "Value": 400.7708435058594}, {"ListeningId": 0, "ParameterID": 6, "Value": 398.6756286621094}, {"ListeningId": 0, "ParameterID": 7, "Value": 2.3985211849212646}, {"ListeningId": 0, "ParameterID": 8, "Value": 2.0523414611816406}, {"ListeningId": 0, "ParameterID": 9, "Value": 3.003331422805786}, {"ListeningId": 0, "ParameterID": 17, "Value": 538.8158569335938}, {"ListeningId": 0, "ParameterID": 18, "Value": 477.5833740234375}, {"ListeningId": 0, "ParameterID": 19, "Value": 674.9598388671875}, {"ListeningId": 0, "ParameterID": 20, "Value": 1691.359130859375}, {"ListeningId": 0, "ParameterID": 21, "Value": 553.6199951171875}, {"ListeningId": 0, "ParameterID": 22, "Value": 477.5833740234375}, {"ListeningId": 0, "ParameterID": 23, "Value": 690.57861328125}, {"ListeningId": 0, "ParameterID": 24, "Value": 1721.781982421875}, {"ListeningId": 0, "ParameterID": 25, "Value": 127.17138671875}, {"ListeningId": 0, "ParameterID": 26, "Value": 0.0}, {"ListeningId": 0, "ParameterID": 27, "Value": 146.04119873046875}, {"ListeningId": 0, "ParameterID": 28, "Value": 273.21258544921875}, {"ListeningId": 0, "ParameterID": 13, "Value": 0.9922953248023987}, {"ListeningId": 0, "ParameterID": 14, "Value": 1.0}, {"ListeningId": 0, "ParameterID": 15, "Value": 0.9523735642433167}, {"ListeningId": 0, "ParameterID": 16, "Value": 0.981556236743927}, {"ListeningId": 0, "ParameterID": 10, "Value": 50.04469680786133}, {"ListeningId": 0, "ParameterID": 11, "Value": 50.04469680786133}, {"ListeningId": 0, "ParameterID": 12, "Value": 50.04469680786133}, {"ListeningId": 0, "ParameterID": 32, "Value": 5651.87060546875}]}, {"ListeningId": 0, "MeterId": 2, "Timestamp": 1632423360, "listeningvalues": [{"ListeningId": 0, "ParameterID": 1, "Value": 230.75442504882812}, {"ListeningId": 0, "ParameterID": 2, "Value": 232.2335968017578}, {"ListeningId": 0, "ParameterID": 3, "Value": 230.63385009765625}, {"ListeningId": 0, "ParameterID": 4, "Value": 401.1409606933594}, {"ListeningId": 0, "ParameterID": 5, "Value": 400.8313903808594}, {"ListeningId": 0, "ParameterID": 6, "Value": 399.5169372558594}, {"ListeningId": 0, "ParameterID": 7, "Value": 2.352511405944824}, {"ListeningId": 0, "ParameterID": 8, "Value": 2.016591787338257}, {"ListeningId": 0, "ParameterID": 9, "Value": 2.7577643394470215}, {"ListeningId": 0, "ParameterID": 17, "Value": 534.2098999023438}, {"ListeningId": 0, "ParameterID": 18, "Value": 467.6993103027344}, {"ListeningId": 0, "ParameterID": 19, "Value": 608.1317749023438}, {"ListeningId": 0, "ParameterID": 20, "Value": 1609.2279052734375}, {"ListeningId": 0, "ParameterID": 21, "Value": 543.08349609375}, {"ListeningId": 0, "ParameterID": 22, "Value": 467.62139892578125}, {"ListeningId": 0, "ParameterID": 23, "Value": 636.7017211914062}, {"ListeningId": 0, "ParameterID": 24, "Value": 1647.5618896484375}, {"ListeningId": 0, "ParameterID": 25, "Value": 97.74562072753906}, {"ListeningId": 0, "ParameterID": 26, "Value": 0.0}, {"ListeningId": 0, "ParameterID": 27, "Value": 187.93997192382812}, {"ListeningId": 0, "ParameterID": 28, "Value": 285.53302001953125}, {"ListeningId": 0, "ParameterID": 13, "Value": 0.9765986800193787}, {"ListeningId": 0, "ParameterID": 14, "Value": 0.9927438497543335}, {"ListeningId": 0, "ParameterID": 15, "Value": 0.9881582260131836}, {"ListeningId": 0, "ParameterID": 16, "Value": 0.9858335852622986}, {"ListeningId": 0, "ParameterID": 10, "Value": 50.04469680786133}, {"ListeningId": 0, "ParameterID": 11, "Value": 50.04469680786133}, {"ListeningId": 0, "ParameterID": 12, "Value": 50.04469680786133}, {"ListeningId": 0, "ParameterID": 32, "Value": 5656.70849609375}]}, {"ListeningId": 0, "MeterId": 3, "Timestamp": 1632423360, "listeningvalues": [{"ListeningId": 0, "ParameterID": 1, "Value": 230.3159942626953}, {"ListeningId": 0, "ParameterID": 2, "Value": 231.54046630859375}, {"ListeningId": 0, "ParameterID": 3, "Value": 230.38278198242188}, {"ListeningId": 0, "ParameterID": 4, "Value": 399.75494384765625}, {"ListeningId": 0, "ParameterID": 5, "Value": 399.86273193359375}, {"ListeningId": 0, "ParameterID": 6, "Value": 399.3284606933594}, {"ListeningId": 0, "ParameterID": 7, "Value": 2.6773416996002197}, {"ListeningId": 0, "ParameterID": 8, "Value": 1.845650315284729}, {"ListeningId": 0, "ParameterID": 9, "Value": 2.8298134803771973}, {"ListeningId": 0, "ParameterID": 17, "Value": 600.2421875}, {"ListeningId": 0, "ParameterID": 18, "Value": 427.3427429199219}, {"ListeningId": 0, "ParameterID": 19, "Value": 637.6296997070312}, {"ListeningId": 0, "ParameterID": 20, "Value": 1665.214599609375}, {"ListeningId": 0, "ParameterID": 21, "Value": 616.6346435546875}, {"ListeningId": 0, "ParameterID": 22, "Value": 427.3427429199219}, {"ListeningId": 0, "ParameterID": 23, "Value": 651.9403076171875}, {"ListeningId": 0, "ParameterID": 24, "Value": 1695.917724609375}, {"ListeningId": 0, "ParameterID": 25, "Value": 141.23594665527344}, {"ListeningId": 0, "ParameterID": 26, "Value": 0.0}, {"ListeningId": 0, "ParameterID": 27, "Value": 135.8474578857422}, {"ListeningId": 0, "ParameterID": 28, "Value": 277.0834045410156}, {"ListeningId": 0, "ParameterID": 13, "Value": 0.973416268825531}, {"ListeningId": 0, "ParameterID": 14, "Value": 1.0}, {"ListeningId": 0, "ParameterID": 15, "Value": 0.9780491590499878}, {"ListeningId": 0, "ParameterID": 16, "Value": 0.9838218688964844}, {"ListeningId": 0, "ParameterID": 10, "Value": 50.00678253173828}, {"ListeningId": 0, "ParameterID": 11, "Value": 50.00678253173828}, {"ListeningId": 0, "ParameterID": 12, "Value": 50.00678253173828}, {"ListeningId": 0, "ParameterID": 32, "Value": 5659.15966796875}]}, {"ListeningId": 0, "MeterId": 4, "Timestamp": 1632423360, "listeningvalues": [{"ListeningId": 0, "ParameterID": 1, "Value": 231.2017364501953}, {"ListeningId": 0, "ParameterID": 2, "Value": 232.07513427734375}, {"ListeningId": 0, "ParameterID": 3, "Value": 230.327392578125}, {"ListeningId": 0, "ParameterID": 4, "Value": 401.14361572265625}, {"ListeningId": 0, "ParameterID": 5, "Value": 400.3996276855469}, {"ListeningId": 0, "ParameterID": 6, "Value": 399.4537048339844}, {"ListeningId": 0, "ParameterID": 7, "Value": 2.53354549407959}, {"ListeningId": 0, "ParameterID": 8, "Value": 1.7769577503204346}, {"ListeningId": 0, "ParameterID": 9, "Value": 3.038466691970825}, {"ListeningId": 0, "ParameterID": 17, "Value": 562.7411499023438}, {"ListeningId": 0, "ParameterID": 18, "Value": 412.7145690917969}, {"ListeningId": 0, "ParameterID": 19, "Value": 685.3656616210938}, {"ListeningId": 0, "ParameterID": 20, "Value": 1660.7567138671875}, {"ListeningId": 0, "ParameterID": 21, "Value": 586.0074462890625}, {"ListeningId": 0, "ParameterID": 22, "Value": 412.71197509765625}, {"ListeningId": 0, "ParameterID": 23, "Value": 698.1588134765625}, {"ListeningId": 0, "ParameterID": 24, "Value": 1695.4437255859375}, {"ListeningId": 0, "ParameterID": 25, "Value": 161.2632293701172}, {"ListeningId": 0, "ParameterID": 26, "Value": 0.0}, {"ListeningId": 0, "ParameterID": 27, "Value": 133.76759338378906}, {"ListeningId": 0, "ParameterID": 28, "Value": 294.9206848144531}, {"ListeningId": 0, "ParameterID": 13, "Value": 0.9859732389450073}, {"ListeningId": 0, "ParameterID": 14, "Value": 0.996237576007843}, {"ListeningId": 0, "ParameterID": 15, "Value": 0.9733898043632507}, {"ListeningId": 0, "ParameterID": 16, "Value": 0.9852002263069153}, {"ListeningId": 0, "ParameterID": 10, "Value": 50.00678253173828}, {"ListeningId": 0, "ParameterID": 11, "Value": 50.00678253173828}, {"ListeningId": 0, "ParameterID": 12, "Value": 50.00678253173828}, {"ListeningId": 0, "ParameterID": 32, "Value": 5658.91162109375}]}, {"ListeningId": 0, "MeterId": 5, "Timestamp": 1632423360, "listeningvalues": [{"ListeningId": 0, "ParameterID": 1, "Value": 231.24365234375}, {"ListeningId": 0, "ParameterID": 2, "Value": 231.8621368408203}, {"ListeningId": 0, "ParameterID": 3, "Value": 230.31727600097656}, {"ListeningId": 0, "ParameterID": 4, "Value": 401.2325134277344}, {"ListeningId": 0, "ParameterID": 5, "Value": 400.56878662109375}, {"ListeningId": 0, "ParameterID": 6, "Value": 399.9096374511719}, {"ListeningId": 0, "ParameterID": 7, "Value": 2.2910618782043457}, {"ListeningId": 0, "ParameterID": 8, "Value": 1.8458287715911865}, {"ListeningId": 0, "ParameterID": 9, "Value": 3.026825428009033}, {"ListeningId": 0, "ParameterID": 17, "Value": 511.186279296875}, {"ListeningId": 0, "ParameterID": 18, "Value": 428.1883239746094}, {"ListeningId": 0, "ParameterID": 19, "Value": 669.7884521484375}, {"ListeningId": 0, "ParameterID": 20, "Value": 1607.55419921875}, {"ListeningId": 0, "ParameterID": 21, "Value": 530.6019287109375}, {"ListeningId": 0, "ParameterID": 22, "Value": 428.5545959472656}, {"ListeningId": 0, "ParameterID": 23, "Value": 698.07177734375}, {"ListeningId": 0, "ParameterID": 24, "Value": 1656.9793701171875}, {"ListeningId": 0, "ParameterID": 25, "Value": 140.25209045410156}, {"ListeningId": 0, "ParameterID": 26, "Value": 0.0}, {"ListeningId": 0, "ParameterID": 27, "Value": 197.17691040039062}, {"ListeningId": 0, "ParameterID": 28, "Value": 337.21795654296875}, {"ListeningId": 0, "ParameterID": 13, "Value": 0.9660626649856567}, {"ListeningId": 0, "ParameterID": 14, "Value": 1.0}, {"ListeningId": 0, "ParameterID": 15, "Value": 0.9467284679412842}, {"ListeningId": 0, "ParameterID": 16, "Value": 0.9709303975105286}, {"ListeningId": 0, "ParameterID": 10, "Value": 50.00678253173828}, {"ListeningId": 0, "ParameterID": 11, "Value": 50.00678253173828}, {"ListeningId": 0, "ParameterID": 12, "Value": 50.00678253173828}, {"ListeningId": 0, "ParameterID": 32, "Value": 5655.98681640625}]}, {"ListeningId": 0, "MeterId": 6, "Timestamp": 1632423360, "listeningvalues": [{"ListeningId": 0, "ParameterID": 1, "Value": 230.51185607910156}, {"ListeningId": 0, "ParameterID": 2, "Value": 232.41961669921875}, {"ListeningId": 0, "ParameterID": 3, "Value": 230.53903198242188}, {"ListeningId": 0, "ParameterID": 4, "Value": 400.8282470703125}, {"ListeningId": 0, "ParameterID": 5, "Value": 400.5161437988281}, {"ListeningId": 0, "ParameterID": 6, "Value": 399.35986328125}, {"ListeningId": 0, "ParameterID": 7, "Value": 2.2589874267578125}, {"ListeningId": 0, "ParameterID": 8, "Value": 1.950737714767456}, {"ListeningId": 0, "ParameterID": 9, "Value": 3.0374035835266113}, {"ListeningId": 0, "ParameterID": 17, "Value": 511.0399169921875}, {"ListeningId": 0, "ParameterID": 18, "Value": 453.5087585449219}, {"ListeningId": 0, "ParameterID": 19, "Value": 671.1786499023438}, {"ListeningId": 0, "ParameterID": 20, "Value": 1635.515625}, {"ListeningId": 0, "ParameterID": 21, "Value": 521.1524658203125}, {"ListeningId": 0, "ParameterID": 22, "Value": 453.7857666015625}, {"ListeningId": 0, "ParameterID": 23, "Value": 700.8378295898438}, {"ListeningId": 0, "ParameterID": 24, "Value": 1674.5965576171875}, {"ListeningId": 0, "ParameterID": 25, "Value": 99.8790054321289}, {"ListeningId": 0, "ParameterID": 26, "Value": 16.750946044921875}, {"ListeningId": 0, "ParameterID": 27, "Value": 200.68836975097656}, {"ListeningId": 0, "ParameterID": 28, "Value": 317.32647705078125}, {"ListeningId": 0, "ParameterID": 13, "Value": 0.9951707720756531}, {"ListeningId": 0, "ParameterID": 14, "Value": 1.0}, {"ListeningId": 0, "ParameterID": 15, "Value": 0.977812647819519}, {"ListeningId": 0, "ParameterID": 16, "Value": 0.9909944534301758}, {"ListeningId": 0, "ParameterID": 10, "Value": 50.00678253173828}, {"ListeningId": 0, "ParameterID": 11, "Value": 50.00678253173828}, {"ListeningId": 0, "ParameterID": 12, "Value": 50.00678253173828}, {"ListeningId": 0, "ParameterID": 32, "Value": 5657.31103515625}]}, {"ListeningId": 0, "MeterId": 7, "Timestamp": 1632423360, "listeningvalues": [{"ListeningId": 0, "ParameterID": 1, "Value": 230.56532287597656}, {"ListeningId": 0, "ParameterID": 2, "Value": 231.66053771972656}, {"ListeningId": 0, "ParameterID": 3, "Value": 230.88140869140625}, {"ListeningId": 0, "ParameterID": 4, "Value": 400.6129455566406}, {"ListeningId": 0, "ParameterID": 5, "Value": 401.0516357421875}, {"ListeningId": 0, "ParameterID": 6, "Value": 400.0820007324219}, {"ListeningId": 0, "ParameterID": 7, "Value": 2.2442467212677}, {"ListeningId": 0, "ParameterID": 8, "Value": 2.0676348209381104}, {"ListeningId": 0, "ParameterID": 9, "Value": 2.643307685852051}, {"ListeningId": 0, "ParameterID": 17, "Value": 504.9769287109375}, {"ListeningId": 0, "ParameterID": 18, "Value": 478.5953063964844}, {"ListeningId": 0, "ParameterID": 19, "Value": 588.5979614257812}, {"ListeningId": 0, "ParameterID": 20, "Value": 1573.373291015625}, {"ListeningId": 0, "ParameterID": 21, "Value": 517.6295166015625}, {"ListeningId": 0, "ParameterID": 22, "Value": 479.42877197265625}, {"ListeningId": 0, "ParameterID": 23, "Value": 611.0560302734375}, {"ListeningId": 0, "ParameterID": 24, "Value": 1608.037109375}, {"ListeningId": 0, "ParameterID": 25, "Value": 110.96788787841797}, {"ListeningId": 0, "ParameterID": 26, "Value": 0.0}, {"ListeningId": 0, "ParameterID": 27, "Value": 161.79373168945312}, {"ListeningId": 0, "ParameterID": 28, "Value": 272.8933410644531}, {"ListeningId": 0, "ParameterID": 13, "Value": 0.962664783000946}, {"ListeningId": 0, "ParameterID": 14, "Value": 1.0}, {"ListeningId": 0, "ParameterID": 15, "Value": 0.9558418989181519}, {"ListeningId": 0, "ParameterID": 16, "Value": 0.9728355407714844}, {"ListeningId": 0, "ParameterID": 10, "Value": 50.00678253173828}, {"ListeningId": 0, "ParameterID": 11, "Value": 50.00678253173828}, {"ListeningId": 0, "ParameterID": 12, "Value": 50.00678253173828}, {"ListeningId": 0, "ParameterID": 32, "Value": 5658.88623046875}]}, {"ListeningId": 0, "MeterId": 8, "Timestamp": 1632423360, "listeningvalues": [{"ListeningId": 0, "ParameterID": 1, "Value": 231.7144317626953}, {"ListeningId": 0, "ParameterID": 2, "Value": 231.93402099609375}, {"ListeningId": 0, "ParameterID": 3, "Value": 230.16319274902344}, {"ListeningId": 0, "ParameterID": 4, "Value": 401.14666748046875}, {"ListeningId": 0, "ParameterID": 5, "Value": 400.0218200683594}, {"ListeningId": 0, "ParameterID": 6, "Value": 400.08575439453125}, {"ListeningId": 0, "ParameterID": 7, "Value": 2.6762659549713135}, {"ListeningId": 0, "ParameterID": 8, "Value": 1.8245165348052979}, {"ListeningId": 0, "ParameterID": 9, "Value": 2.957493305206299}, {"ListeningId": 0, "ParameterID": 17, "Value": 596.976806640625}, {"ListeningId": 0, "ParameterID": 18, "Value": 423.1674499511719}, {"ListeningId": 0, "ParameterID": 19, "Value": 650.6473999023438}, {"ListeningId": 0, "ParameterID": 20, "Value": 1670.791748046875}, {"ListeningId": 0, "ParameterID": 21, "Value": 620.1294555664062}, {"ListeningId": 0, "ParameterID": 22, "Value": 423.1674499511719}, {"ListeningId": 0, "ParameterID": 23, "Value": 680.7061157226562}, {"ListeningId": 0, "ParameterID": 24, "Value": 1724.0029296875}, {"ListeningId": 0, "ParameterID": 25, "Value": 167.86666870117188}, {"ListeningId": 0, "ParameterID": 26, "Value": 0.0}, {"ListeningId": 0, "ParameterID": 27, "Value": 200.0469512939453}, {"ListeningId": 0, "ParameterID": 28, "Value": 367.91363525390625}, {"ListeningId": 0, "ParameterID": 13, "Value": 0.962664783000946}, {"ListeningId": 0, "ParameterID": 14, "Value": 1.0}, {"ListeningId": 0, "ParameterID": 15, "Value": 0.9558418989181519}, {"ListeningId": 0, "ParameterID": 16, "Value": 0.9728355407714844}, {"ListeningId": 0, "ParameterID": 10, "Value": 50.08787536621094}, {"ListeningId": 0, "ParameterID": 11, "Value": 50.08787536621094}, {"ListeningId": 0, "ParameterID": 12, "Value": 50.08787536621094}, {"ListeningId": 0, "ParameterID": 32, "Value": 5658.88623046875}]}, {"ListeningId": 0, "MeterId": 9, "Timestamp": 1632423360, "listeningvalues": [{"ListeningId": 0, "ParameterID": 1, "Value": 230.4999237060547}, {"ListeningId": 0, "ParameterID": 2, "Value": 232.03538513183594}, {"ListeningId": 0, "ParameterID": 3, "Value": 229.89527893066406}, {"ListeningId": 0, "ParameterID": 4, "Value": 400.6651611328125}, {"ListeningId": 0, "ParameterID": 5, "Value": 400.2132263183594}, {"ListeningId": 0, "ParameterID": 6, "Value": 398.96197509765625}, {"ListeningId": 0, "ParameterID": 7, "Value": 2.2523460388183594}, {"ListeningId": 0, "ParameterID": 8, "Value": 1.8267054557800293}, {"ListeningId": 0, "ParameterID": 9, "Value": 2.77996563911438}, {"ListeningId": 0, "ParameterID": 17, "Value": 497.77349853515625}, {"ListeningId": 0, "ParameterID": 18, "Value": 421.09619140625}, {"ListeningId": 0, "ParameterID": 19, "Value": 605.4593505859375}, {"ListeningId": 0, "ParameterID": 20, "Value": 1524.18359375}, {"ListeningId": 0, "ParameterID": 21, "Value": 518.5274047851562}, {"ListeningId": 0, "ParameterID": 22, "Value": 424.3474426269531}, {"ListeningId": 0, "ParameterID": 23, "Value": 639.7913208007812}, {"ListeningId": 0, "ParameterID": 24, "Value": 1582.8043212890625}, {"ListeningId": 0, "ParameterID": 25, "Value": 144.86184692382812}, {"ListeningId": 0, "ParameterID": 26, "Value": 55.140037536621094}, {"ListeningId": 0, "ParameterID": 27, "Value": 205.96612548828125}, {"ListeningId": 0, "ParameterID": 28, "Value": 405.95654296875}, {"ListeningId": 0, "ParameterID": 13, "Value": 0.9867355823516846}, {"ListeningId": 0, "ParameterID": 14, "Value": 1.0}, {"ListeningId": 0, "ParameterID": 15, "Value": 0.9410231113433838}, {"ListeningId": 0, "ParameterID": 16, "Value": 0.9759195446968079}, {"ListeningId": 0, "ParameterID": 10, "Value": 50.08787536621094}, {"ListeningId": 0, "ParameterID": 11, "Value": 50.08787536621094}, {"ListeningId": 0, "ParameterID": 12, "Value": 50.08787536621094}, {"ListeningId": 0, "ParameterID": 32, "Value": 5664.39501953125}]}, {"ListeningId": 0, "MeterId": 10, "Timestamp": 1632423360, "listeningvalues": [{"ListeningId": 0, "ParameterID": 1, "Value": 230.57675170898438}, {"ListeningId": 0, "ParameterID": 2, "Value": 231.75729370117188}, {"ListeningId": 0, "ParameterID": 3, "Value": 230.27548217773438}, {"ListeningId": 0, "ParameterID": 4, "Value": 400.2861328125}, {"ListeningId": 0, "ParameterID": 5, "Value": 400.0269775390625}, {"ListeningId": 0, "ParameterID": 6, "Value": 399.1863708496094}, {"ListeningId": 0, "ParameterID": 7, "Value": 2.400330066680908}, {"ListeningId": 0, "ParameterID": 8, "Value": 2.006890296936035}, {"ListeningId": 0, "ParameterID": 9, "Value": 3.1074681282043457}, {"ListeningId": 0, "ParameterID": 17, "Value": 530.1567993164062}, {"ListeningId": 0, "ParameterID": 18, "Value": 465.49322509765625}, {"ListeningId": 0, "ParameterID": 19, "Value": 677.997314453125}, {"ListeningId": 0, "ParameterID": 20, "Value": 1672.0926513671875}, {"ListeningId": 0, "ParameterID": 21, "Value": 553.676513671875}, {"ListeningId": 0, "ParameterID": 22, "Value": 464.76385498046875}, {"ListeningId": 0, "ParameterID": 23, "Value": 715.75048828125}, {"ListeningId": 0, "ParameterID": 24, "Value": 1733.919921875}, {"ListeningId": 0, "ParameterID": 25, "Value": 159.09852600097656}, {"ListeningId": 0, "ParameterID": 26, "Value": 0.0}, {"ListeningId": 0, "ParameterID": 27, "Value": 231.33888244628906}, {"ListeningId": 0, "ParameterID": 28, "Value": 390.1115417480469}, {"ListeningId": 0, "ParameterID": 13, "Value": 0.9934196472167969}, {"ListeningId": 0, "ParameterID": 14, "Value": 1.0}, {"ListeningId": 0, "ParameterID": 15, "Value": 0.9689189195632935}, {"ListeningId": 0, "ParameterID": 16, "Value": 0.987446129322052}, {"ListeningId": 0, "ParameterID": 10, "Value": 50.08787536621094}, {"ListeningId": 0, "ParameterID": 11, "Value": 50.08787536621094}, {"ListeningId": 0, "ParameterID": 12, "Value": 50.08787536621094}, {"ListeningId": 0, "ParameterID": 32, "Value": 7241.4013671875}]}, {"ListeningId": 0, "MeterId": 11, "Timestamp": 1632423360, "listeningvalues": [{"ListeningId": 0, "ParameterID": 1, "Value": 231.04261779785156}, {"ListeningId": 0, "ParameterID": 2, "Value": 231.60336303710938}, {"ListeningId": 0, "ParameterID": 3, "Value": 231.10382080078125}, {"ListeningId": 0, "ParameterID": 4, "Value": 400.5879821777344}, {"ListeningId": 0, "ParameterID": 5, "Value": 400.5837097167969}, {"ListeningId": 0, "ParameterID": 6, "Value": 400.53021240234375}, {"ListeningId": 0, "ParameterID": 7, "Value": 2.3907783031463623}, {"ListeningId": 0, "ParameterID": 8, "Value": 1.8458271026611328}, {"ListeningId": 0, "ParameterID": 9, "Value": 2.6678414344787598}, {"ListeningId": 0, "ParameterID": 17, "Value": 530.6998901367188}, {"ListeningId": 0, "ParameterID": 18, "Value": 425.9684753417969}, {"ListeningId": 0, "ParameterID": 19, "Value": 602.818359375}, {"ListeningId": 0, "ParameterID": 20, "Value": 1558.36474609375}, {"ListeningId": 0, "ParameterID": 21, "Value": 551.958984375}, {"ListeningId": 0, "ParameterID": 22, "Value": 426.6130065917969}, {"ListeningId": 0, "ParameterID": 23, "Value": 617.0592041015625}, {"ListeningId": 0, "ParameterID": 24, "Value": 1595.867431640625}, {"ListeningId": 0, "ParameterID": 25, "Value": 152.12403869628906}, {"ListeningId": 0, "ParameterID": 26, "Value": 24.106678009033203}, {"ListeningId": 0, "ParameterID": 27, "Value": 129.4832000732422}, {"ListeningId": 0, "ParameterID": 28, "Value": 305.903564453125}, {"ListeningId": 0, "ParameterID": 13, "Value": 0.9635839462280273}, {"ListeningId": 0, "ParameterID": 14, "Value": 1.0}, {"ListeningId": 0, "ParameterID": 15, "Value": 0.9590631127357483}, {"ListeningId": 0, "ParameterID": 16, "Value": 0.9742156863212585}, {"ListeningId": 0, "ParameterID": 10, "Value": 50.08787536621094}, {"ListeningId": 0, "ParameterID": 11, "Value": 50.08787536621094}, {"ListeningId": 0, "ParameterID": 12, "Value": 50.08787536621094}, {"ListeningId": 0, "ParameterID": 32, "Value": 5653.3623046875}]}, {"ListeningId": 0, "MeterId": 12, "Timestamp": 1632423360, "listeningvalues": [{"ListeningId": 0, "ParameterID": 1, "Value": 230.03067016601562}, {"ListeningId": 0, "ParameterID": 2, "Value": 232.1466064453125}, {"ListeningId": 0, "ParameterID": 3, "Value": 230.5119171142578}, {"ListeningId": 0, "ParameterID": 4, "Value": 400.01690673828125}, {"ListeningId": 0, "ParameterID": 5, "Value": 400.5592956542969}, {"ListeningId": 0, "ParameterID": 6, "Value": 399.35345458984375}, {"ListeningId": 0, "ParameterID": 7, "Value": 2.3304595947265625}, {"ListeningId": 0, "ParameterID": 8, "Value": 1.9237749576568604}, {"ListeningId": 0, "ParameterID": 9, "Value": 2.93699049949646}, {"ListeningId": 0, "ParameterID": 17, "Value": 526.423095703125}, {"ListeningId": 0, "ParameterID": 18, "Value": 442.8066101074219}, {"ListeningId": 0, "ParameterID": 19, "Value": 651.6311645507812}, {"ListeningId": 0, "ParameterID": 20, "Value": 1620.761474609375}, {"ListeningId": 0, "ParameterID": 21, "Value": 537.0125122070312}, {"ListeningId": 0, "ParameterID": 22, "Value": 445.8008117675781}, {"ListeningId": 0, "ParameterID": 23, "Value": 677.74365234375}, {"ListeningId": 0, "ParameterID": 24, "Value": 1661.400390625}, {"ListeningId": 0, "ParameterID": 25, "Value": 108.79985809326172}, {"ListeningId": 0, "ParameterID": 26, "Value": 53.08966827392578}, {"ListeningId": 0, "ParameterID": 27, "Value": 184.27816772460938}, {"ListeningId": 0, "ParameterID": 28, "Value": 346.5216369628906}, {"ListeningId": 0, "ParameterID": 13, "Value": 0.9799190759658813}, {"ListeningId": 0, "ParameterID": 14, "Value": 1.0}, {"ListeningId": 0, "ParameterID": 15, "Value": 0.9489486813545227}, {"ListeningId": 0, "ParameterID": 16, "Value": 0.9762892723083496}, {"ListeningId": 0, "ParameterID": 10, "Value": 50.08787536621094}, {"ListeningId": 0, "ParameterID": 11, "Value": 50.08787536621094}, {"ListeningId": 0, "ParameterID": 12, "Value": 50.08787536621094}, {"ListeningId": 0, "ParameterID": 32, "Value": 5653.80029296875}]}]