[{"ListeningId": 0, "MeterId": 1, "Timestamp": 1632423540, "listeningvalues": [{"ListeningId": 0, "ParameterID": 1, "Value": 230.60867309570312}, {"ListeningId": 0, "ParameterID": 2, "Value": 232.00022888183594}, {"ListeningId": 0, "ParameterID": 3, "Value": 229.88278198242188}, {"ListeningId": 0, "ParameterID": 4, "Value": 400.81439208984375}, {"ListeningId": 0, "ParameterID": 5, "Value": 399.7673645019531}, {"ListeningId": 0, "ParameterID": 6, "Value": 398.8339538574219}, {"ListeningId": 0, "ParameterID": 7, "Value": 2.437156915664673}, {"ListeningId": 0, "ParameterID": 8, "Value": 2.2323367595672607}, {"ListeningId": 0, "ParameterID": 9, "Value": 2.7162787914276123}, {"ListeningId": 0, "ParameterID": 17, "Value": 538.8580932617188}, {"ListeningId": 0, "ParameterID": 18, "Value": 517.9026489257812}, {"ListeningId": 0, "ParameterID": 19, "Value": 587.92724609375}, {"ListeningId": 0, "ParameterID": 20, "Value": 1644.68798828125}, {"ListeningId": 0, "ParameterID": 21, "Value": 562.029541015625}, {"ListeningId": 0, "ParameterID": 22, "Value": 517.9026489257812}, {"ListeningId": 0, "ParameterID": 23, "Value": 624.4257202148438}, {"ListeningId": 0, "ParameterID": 24, "Value": 1704.35791015625}, {"ListeningId": 0, "ParameterID": 25, "Value": 159.71595764160156}, {"ListeningId": 0, "ParameterID": 26, "Value": 0.0}, {"ListeningId": 0, "ParameterID": 27, "Value": 210.3545379638672}, {"ListeningId": 0, "ParameterID": 28, "Value": 370.07049560546875}, {"ListeningId": 0, "ParameterID": 13, "Value": 0.9801515936851501}, {"ListeningId": 0, "ParameterID": 14, "Value": 0.9973154664039612}, {"ListeningId": 0, "ParameterID": 15, "Value": 0.9741573333740234}, {"ListeningId": 0, "ParameterID": 16, "Value": 0.9838747978210449}, {"ListeningId": 0, "ParameterID": 10, "Value": 50.13095474243164}, {"ListeningId": 0, "ParameterID": 11, "Value": 50.13095474243164}, {"ListeningId": 0, "ParameterID": 12, "Value": 50.13095474243164}, {"ListeningId": 0, "ParameterID": 32, "Value": 5733.7822265625}]}, {"ListeningId": 0, "MeterId": 2, "Timestamp": 1632423540, "listeningvalues": [{"ListeningId": 0, "ParameterID": 1, "Value": 230.94960021972656}, {"ListeningId": 0, "ParameterID": 2, "Value": 232.2576446533203}, {"ListeningId": 0, "ParameterID": 3, "Value": 229.92019653320312}, {"ListeningId": 0, "ParameterID": 4, "Value": 400.58807373046875}, {"ListeningId": 0, "ParameterID": 5, "Value": 400.14410400390625}, {"ListeningId": 0, "ParameterID": 6, "Value": 399.3081359863281}, {"ListeningId": 0, "ParameterID": 7, "Value": 2.4667975902557373}, {"ListeningId": 0, "ParameterID": 8, "Value": 1.9010013341903687}, {"ListeningId": 0, "ParameterID": 9, "Value": 3.118474006652832}, {"ListeningId": 0, "ParameterID": 17, "Value": 567.0576171875}, {"ListeningId": 0, "ParameterID": 18, "Value": 441.093994140625}, {"ListeningId": 0, "ParameterID": 19, "Value": 690.6581420898438}, {"ListeningId": 0, "ParameterID": 20, "Value": 1699.6148681640625}, {"ListeningId": 0, "ParameterID": 21, "Value": 569.9425659179688}, {"ListeningId": 0, "ParameterID": 22, "Value": 441.2325744628906}, {"ListeningId": 0, "ParameterID": 23, "Value": 716.0504760742188}, {"ListeningId": 0, "ParameterID": 24, "Value": 1726.45361328125}, {"ListeningId": 0, "ParameterID": 25, "Value": 48.02737045288086}, {"ListeningId": 0, "ParameterID": 26, "Value": 0.0}, {"ListeningId": 0, "ParameterID": 27, "Value": 192.49746704101562}, {"ListeningId": 0, "ParameterID": 28, "Value": 240.2780303955078}, {"ListeningId": 0, "ParameterID": 13, "Value": 0.9736152291297913}, {"ListeningId": 0, "ParameterID": 14, "Value": 1.0}, {"ListeningId": 0, "ParameterID": 15, "Value": 0.9747120141983032}, {"ListeningId": 0, "ParameterID": 16, "Value": 0.9827756881713867}, {"ListeningId": 0, "ParameterID": 10, "Value": 50.13095474243164}, {"ListeningId": 0, "ParameterID": 11, "Value": 50.13095474243164}, {"ListeningId": 0, "ParameterID": 12, "Value": 50.13095474243164}, {"ListeningId": 0, "ParameterID": 32, "Value": 5739.0625}]}, {"ListeningId": 0, "MeterId": 3, "Timestamp": 1632423540, "listeningvalues": [{"ListeningId": 0, "ParameterID": 1, "Value": 231.2547149658203}, {"ListeningId": 0, "ParameterID": 2, "Value": 231.3881072998047}, {"ListeningId": 0, "ParameterID": 3, "Value": 230.8048095703125}, {"ListeningId": 0, "ParameterID": 4, "Value": 400.1628723144531}, {"ListeningId": 0, "ParameterID": 5, "Value": 400.41351318359375}, {"ListeningId": 0, "ParameterID": 6, "Value": 400.0615234375}, {"ListeningId": 0, "ParameterID": 7, "Value": 2.635258674621582}, {"ListeningId": 0, "ParameterID": 8, "Value": 1.9071465730667114}, {"ListeningId": 0, "ParameterID": 9, "Value": 2.6919825077056885}, {"ListeningId": 0, "ParameterID": 17, "Value": 585.8693237304688}, {"ListeningId": 0, "ParameterID": 18, "Value": 436.8658752441406}, {"ListeningId": 0, "ParameterID": 19, "Value": 588.8275756835938}, {"ListeningId": 0, "ParameterID": 20, "Value": 1610.7979736328125}, {"ListeningId": 0, "ParameterID": 21, "Value": 608.8719482421875}, {"ListeningId": 0, "ParameterID": 22, "Value": 441.2843017578125}, {"ListeningId": 0, "ParameterID": 23, "Value": 621.4226684570312}, {"ListeningId": 0, "ParameterID": 24, "Value": 1672.13037109375}, {"ListeningId": 0, "ParameterID": 25, "Value": 163.83885192871094}, {"ListeningId": 0, "ParameterID": 26, "Value": 59.50611877441406}, {"ListeningId": 0, "ParameterID": 27, "Value": 198.20623779296875}, {"ListeningId": 0, "ParameterID": 28, "Value": 421.489013671875}, {"ListeningId": 0, "ParameterID": 13, "Value": 0.9684211015701294}, {"ListeningId": 0, "ParameterID": 14, "Value": 1.0}, {"ListeningId": 0, "ParameterID": 15, "Value": 0.9630647897720337}, {"ListeningId": 0, "ParameterID": 16, "Value": 0.9771619439125061}, {"ListeningId": 0, "ParameterID": 10, "Value": 50.13095474243164}, {"ListeningId": 0, "ParameterID": 11, "Value": 50.13095474243164}, {"ListeningId": 0, "ParameterID": 12, "Value": 50.13095474243164}, {"ListeningId": 0, "ParameterID": 32, "Value": 5741.388671875}]}, {"ListeningId": 0, "MeterId": 4, "Timestamp": 1632423540, "listeningvalues": [{"ListeningId": 0, "ParameterID": 1, "Value": 230.7015380859375}, {"ListeningId": 0, "ParameterID": 2, "Value": 232.31724548339844}, {"ListeningId": 0, "ParameterID": 3, "Value": 231.0068359375}, {"ListeningId": 0, "ParameterID": 4, "Value": 400.955810546875}, {"ListeningId": 0, "ParameterID": 5, "Value": 401.1806335449219}, {"ListeningId": 0, "ParameterID": 6, "Value": 400.16864013671875}, {"ListeningId": 0, "ParameterID": 7, "Value": 2.3432743549346924}, {"ListeningId": 0, "ParameterID": 8, "Value": 1.9957815408706665}, {"ListeningId": 0, "ParameterID": 9, "Value": 3.127549171447754}, {"ListeningId": 0, "ParameterID": 17, "Value": 518.3148193359375}, {"ListeningId": 0, "ParameterID": 18, "Value": 461.37921142578125}, {"ListeningId": 0, "ParameterID": 19, "Value": 703.7020263671875}, {"ListeningId": 0, "ParameterID": 20, "Value": 1684.9481201171875}, {"ListeningId": 0, "ParameterID": 21, "Value": 541.3499755859375}, {"ListeningId": 0, "ParameterID": 22, "Value": 463.66412353515625}, {"ListeningId": 0, "ParameterID": 23, "Value": 722.6519165039062}, {"ListeningId": 0, "ParameterID": 24, "Value": 1729.3363037109375}, {"ListeningId": 0, "ParameterID": 25, "Value": 156.10755920410156}, {"ListeningId": 0, "ParameterID": 26, "Value": 42.06010437011719}, {"ListeningId": 0, "ParameterID": 27, "Value": 162.7565155029297}, {"ListeningId": 0, "ParameterID": 28, "Value": 361.1221618652344}, {"ListeningId": 0, "ParameterID": 13, "Value": 0.9722974896430969}, {"ListeningId": 0, "ParameterID": 14, "Value": 0.9986063838005066}, {"ListeningId": 0, "ParameterID": 15, "Value": 0.9630853533744812}, {"ListeningId": 0, "ParameterID": 16, "Value": 0.9779964089393616}, {"ListeningId": 0, "ParameterID": 10, "Value": 50.13095474243164}, {"ListeningId": 0, "ParameterID": 11, "Value": 50.13095474243164}, {"ListeningId": 0, "ParameterID": 12, "Value": 50.13095474243164}, {"ListeningId": 0, "ParameterID": 32, "Value": 5740.3857421875}]}, {"ListeningId": 0, "MeterId": 5, "Timestamp": 1632423540, "listeningvalues": [{"ListeningId": 0, "ParameterID": 1, "Value": 230.84800720214844}, {"ListeningId": 0, "ParameterID": 2, "Value": 231.2642364501953}, {"ListeningId": 0, "ParameterID": 3, "Value": 230.322265625}, {"ListeningId": 0, "ParameterID": 4, "Value": 399.80169677734375}, {"ListeningId": 0, "ParameterID": 5, "Value": 399.8064880371094}, {"ListeningId": 0, "ParameterID": 6, "Value": 399.4573669433594}, {"ListeningId": 0, "ParameterID": 7, "Value": 2.292783737182617}, {"ListeningId": 0, "ParameterID": 8, "Value": 2.195112466812134}, {"ListeningId": 0, "ParameterID": 9, "Value": 2.8737289905548096}, {"ListeningId": 0, "ParameterID": 17, "Value": 523.6126098632812}, {"ListeningId": 0, "ParameterID": 18, "Value": 507.6510009765625}, {"ListeningId": 0, "ParameterID": 19, "Value": 629.880859375}, {"ListeningId": 0, "ParameterID": 20, "Value": 1661.14453125}, {"ListeningId": 0, "ParameterID": 21, "Value": 529.2845458984375}, {"ListeningId": 0, "ParameterID": 22, "Value": 507.6510009765625}, {"ListeningId": 0, "ParameterID": 23, "Value": 661.8837890625}, {"ListeningId": 0, "ParameterID": 24, "Value": 1698.8193359375}, {"ListeningId": 0, "ParameterID": 25, "Value": 77.27851104736328}, {"ListeningId": 0, "ParameterID": 26, "Value": 0.0}, {"ListeningId": 0, "ParameterID": 27, "Value": 203.32301330566406}, {"ListeningId": 0, "ParameterID": 28, "Value": 280.6015319824219}, {"ListeningId": 0, "ParameterID": 13, "Value": 0.9892838001251221}, {"ListeningId": 0, "ParameterID": 14, "Value": 1.0}, {"ListeningId": 0, "ParameterID": 15, "Value": 0.9516487121582031}, {"ListeningId": 0, "ParameterID": 16, "Value": 0.98031085729599}, {"ListeningId": 0, "ParameterID": 10, "Value": 50.13629913330078}, {"ListeningId": 0, "ParameterID": 11, "Value": 50.13629913330078}, {"ListeningId": 0, "ParameterID": 12, "Value": 50.13629913330078}, {"ListeningId": 0, "ParameterID": 32, "Value": 5737.787109375}]}, {"ListeningId": 0, "MeterId": 6, "Timestamp": 1632423540, "listeningvalues": [{"ListeningId": 0, "ParameterID": 1, "Value": 231.26219177246094}, {"ListeningId": 0, "ParameterID": 2, "Value": 232.57489013671875}, {"ListeningId": 0, "ParameterID": 3, "Value": 230.96295166015625}, {"ListeningId": 0, "ParameterID": 4, "Value": 401.9550476074219}, {"ListeningId": 0, "ParameterID": 5, "Value": 401.35302734375}, {"ListeningId": 0, "ParameterID": 6, "Value": 400.08538818359375}, {"ListeningId": 0, "ParameterID": 7, "Value": 2.6484742164611816}, {"ListeningId": 0, "ParameterID": 8, "Value": 1.783488392829895}, {"ListeningId": 0, "ParameterID": 9, "Value": 2.8568146228790283}, {"ListeningId": 0, "ParameterID": 17, "Value": 596.7880249023438}, {"ListeningId": 0, "ParameterID": 18, "Value": 411.6967468261719}, {"ListeningId": 0, "ParameterID": 19, "Value": 642.6842651367188}, {"ListeningId": 0, "ParameterID": 20, "Value": 1650.2884521484375}, {"ListeningId": 0, "ParameterID": 21, "Value": 612.7618408203125}, {"ListeningId": 0, "ParameterID": 22, "Value": 414.8143615722656}, {"ListeningId": 0, "ParameterID": 23, "Value": 660.022216796875}, {"ListeningId": 0, "ParameterID": 24, "Value": 1688.2989501953125}, {"ListeningId": 0, "ParameterID": 25, "Value": 135.33143615722656}, {"ListeningId": 0, "ParameterID": 26, "Value": 50.730430603027344}, {"ListeningId": 0, "ParameterID": 27, "Value": 148.96530151367188}, {"ListeningId": 0, "ParameterID": 28, "Value": 335.1750183105469}, {"ListeningId": 0, "ParameterID": 13, "Value": 0.9821157455444336}, {"ListeningId": 0, "ParameterID": 14, "Value": 0.9907785058021545}, {"ListeningId": 0, "ParameterID": 15, "Value": 0.9733531475067139}, {"ListeningId": 0, "ParameterID": 16, "Value": 0.9820824265480042}, {"ListeningId": 0, "ParameterID": 10, "Value": 50.13629913330078}, {"ListeningId": 0, "ParameterID": 11, "Value": 50.13629913330078}, {"ListeningId": 0, "ParameterID": 12, "Value": 50.13629913330078}, {"ListeningId": 0, "ParameterID": 32, "Value": 5739.58203125}]}, {"ListeningId": 0, "MeterId": 7, "Timestamp": 1632423540, "listeningvalues": [{"ListeningId": 0, "ParameterID": 1, "Value": 230.5482635498047}, {"ListeningId": 0, "ParameterID": 2, "Value": 231.78489685058594}, {"ListeningId": 0, "ParameterID": 3, "Value": 229.87635803222656}, {"ListeningId": 0, "ParameterID": 4, "Value": 399.6555480957031}, {"ListeningId": 0, "ParameterID": 5, "Value": 399.7588806152344}, {"ListeningId": 0, "ParameterID": 6, "Value": 398.5715026855469}, {"ListeningId": 0, "ParameterID": 7, "Value": 2.5691332817077637}, {"ListeningId": 0, "ParameterID": 8, "Value": 2.1590139865875244}, {"ListeningId": 0, "ParameterID": 9, "Value": 2.638314962387085}, {"ListeningId": 0, "ParameterID": 17, "Value": 587.190673828125}, {"ListeningId": 0, "ParameterID": 18, "Value": 500.22369384765625}, {"ListeningId": 0, "ParameterID": 19, "Value": 580.05712890625}, {"ListeningId": 0, "ParameterID": 20, "Value": 1668.3319091796875}, {"ListeningId": 0, "ParameterID": 21, "Value": 590.8878173828125}, {"ListeningId": 0, "ParameterID": 22, "Value": 500.2323913574219}, {"ListeningId": 0, "ParameterID": 23, "Value": 606.9298706054688}, {"ListeningId": 0, "ParameterID": 24, "Value": 1699.7469482421875}, {"ListeningId": 0, "ParameterID": 25, "Value": 74.63217163085938}, {"ListeningId": 0, "ParameterID": 26, "Value": 0.0}, {"ListeningId": 0, "ParameterID": 27, "Value": 179.96763610839844}, {"ListeningId": 0, "ParameterID": 28, "Value": 254.80140686035156}, {"ListeningId": 0, "ParameterID": 13, "Value": 0.97786945104599}, {"ListeningId": 0, "ParameterID": 14, "Value": 1.0}, {"ListeningId": 0, "ParameterID": 15, "Value": 0.9776005148887634}, {"ListeningId": 0, "ParameterID": 16, "Value": 0.9851567149162292}, {"ListeningId": 0, "ParameterID": 10, "Value": 50.13629913330078}, {"ListeningId": 0, "ParameterID": 11, "Value": 50.13629913330078}, {"ListeningId": 0, "ParameterID": 12, "Value": 50.13629913330078}, {"ListeningId": 0, "ParameterID": 32, "Value": 5741.203125}]}, {"ListeningId": 0, "MeterId": 8, "Timestamp": 1632423540, "listeningvalues": [{"ListeningId": 0, "ParameterID": 1, "Value": 230.15289306640625}, {"ListeningId": 0, "ParameterID": 2, "Value": 231.3542938232422}, {"ListeningId": 0, "ParameterID": 3, "Value": 230.1113739013672}, {"ListeningId": 0, "ParameterID": 4, "Value": 399.7205505371094}, {"ListeningId": 0, "ParameterID": 5, "Value": 399.6453552246094}, {"ListeningId": 0, "ParameterID": 6, "Value": 398.52935791015625}, {"ListeningId": 0, "ParameterID": 7, "Value": 2.5673258304595947}, {"ListeningId": 0, "ParameterID": 8, "Value": 2.160466194152832}, {"ListeningId": 0, "ParameterID": 9, "Value": 2.641954183578491}, {"ListeningId": 0, "ParameterID": 17, "Value": 586.4684448242188}, {"ListeningId": 0, "ParameterID": 18, "Value": 500.1082458496094}, {"ListeningId": 0, "ParameterID": 19, "Value": 579.4172973632812}, {"ListeningId": 0, "ParameterID": 20, "Value": 1668.2646484375}, {"ListeningId": 0, "ParameterID": 21, "Value": 591.8945922851562}, {"ListeningId": 0, "ParameterID": 22, "Value": 500.5473937988281}, {"ListeningId": 0, "ParameterID": 23, "Value": 606.488525390625}, {"ListeningId": 0, "ParameterID": 24, "Value": 1698.2958984375}, {"ListeningId": 0, "ParameterID": 25, "Value": 74.67935180664062}, {"ListeningId": 0, "ParameterID": 26, "Value": 0.0}, {"ListeningId": 0, "ParameterID": 27, "Value": 180.19085693359375}, {"ListeningId": 0, "ParameterID": 28, "Value": 254.7059326171875}, {"ListeningId": 0, "ParameterID": 13, "Value": 0.97786945104599}, {"ListeningId": 0, "ParameterID": 14, "Value": 1.0}, {"ListeningId": 0, "ParameterID": 15, "Value": 0.9776005148887634}, {"ListeningId": 0, "ParameterID": 16, "Value": 0.9851567149162292}, {"ListeningId": 0, "ParameterID": 10, "Value": 50.13629913330078}, {"ListeningId": 0, "ParameterID": 11, "Value": 50.13629913330078}, {"ListeningId": 0, "ParameterID": 12, "Value": 50.13629913330078}, {"ListeningId": 0, "ParameterID": 32, "Value": 5741.203125}]}, {"ListeningId": 0, "MeterId": 9, "Timestamp": 1632423540, "listeningvalues": [{"ListeningId": 0, "ParameterID": 1, "Value": 230.52345275878906}, {"ListeningId": 0, "ParameterID": 2, "Value": 231.81182861328125}, {"ListeningId": 0, "ParameterID": 3, "Value": 230.3631591796875}, {"ListeningId": 0, "ParameterID": 4, "Value": 400.5203552246094}, {"ListeningId": 0, "ParameterID": 5, "Value": 400.65130615234375}, {"ListeningId": 0, "ParameterID": 6, "Value": 399.2839660644531}, {"ListeningId": 0, "ParameterID": 7, "Value": 2.4317522048950195}, {"ListeningId": 0, "ParameterID": 8, "Value": 1.8831409215927124}, {"ListeningId": 0, "ParameterID": 9, "Value": 2.8737106323242188}, {"ListeningId": 0, "ParameterID": 17, "Value": 544.7675170898438}, {"ListeningId": 0, "ParameterID": 18, "Value": 432.18682861328125}, {"ListeningId": 0, "ParameterID": 19, "Value": 640.2726440429688}, {"ListeningId": 0, "ParameterID": 20, "Value": 1618.687744140625}, {"ListeningId": 0, "ParameterID": 21, "Value": 560.4786376953125}, {"ListeningId": 0, "ParameterID": 22, "Value": 436.84393310546875}, {"ListeningId": 0, "ParameterID": 23, "Value": 661.878173828125}, {"ListeningId": 0, "ParameterID": 24, "Value": 1659.6453857421875}, {"ListeningId": 0, "ParameterID": 25, "Value": 132.3181915283203}, {"ListeningId": 0, "ParameterID": 26, "Value": 58.72021484375}, {"ListeningId": 0, "ParameterID": 27, "Value": 167.36676025390625}, {"ListeningId": 0, "ParameterID": 28, "Value": 358.50299072265625}, {"ListeningId": 0, "ParameterID": 13, "Value": 0.9800185561180115}, {"ListeningId": 0, "ParameterID": 14, "Value": 1.0}, {"ListeningId": 0, "ParameterID": 15, "Value": 0.9647409915924072}, {"ListeningId": 0, "ParameterID": 16, "Value": 0.9815865159034729}, {"ListeningId": 0, "ParameterID": 10, "Value": 50.13629913330078}, {"ListeningId": 0, "ParameterID": 11, "Value": 50.13629913330078}, {"ListeningId": 0, "ParameterID": 12, "Value": 50.13629913330078}, {"ListeningId": 0, "ParameterID": 32, "Value": 5745.8564453125}]}, {"ListeningId": 0, "MeterId": 10, "Timestamp": 1632423540, "listeningvalues": [{"ListeningId": 0, "ParameterID": 1, "Value": 231.7057647705078}, {"ListeningId": 0, "ParameterID": 2, "Value": 232.00343322753906}, {"ListeningId": 0, "ParameterID": 3, "Value": 231.21644592285156}, {"ListeningId": 0, "ParameterID": 4, "Value": 401.793701171875}, {"ListeningId": 0, "ParameterID": 5, "Value": 401.427001953125}, {"ListeningId": 0, "ParameterID": 6, "Value": 400.5909729003906}, {"ListeningId": 0, "ParameterID": 7, "Value": 2.3430087566375732}, {"ListeningId": 0, "ParameterID": 8, "Value": 2.0484654903411865}, {"ListeningId": 0, "ParameterID": 9, "Value": 2.690246820449829}, {"ListeningId": 0, "ParameterID": 17, "Value": 532.31591796875}, {"ListeningId": 0, "ParameterID": 18, "Value": 475.25103759765625}, {"ListeningId": 0, "ParameterID": 19, "Value": 610.20849609375}, {"ListeningId": 0, "ParameterID": 20, "Value": 1617.775390625}, {"ListeningId": 0, "ParameterID": 21, "Value": 542.8886108398438}, {"ListeningId": 0, "ParameterID": 22, "Value": 475.25103759765625}, {"ListeningId": 0, "ParameterID": 23, "Value": 622.029296875}, {"ListeningId": 0, "ParameterID": 24, "Value": 1640.1689453125}, {"ListeningId": 0, "ParameterID": 25, "Value": 106.61979675292969}, {"ListeningId": 0, "ParameterID": 26, "Value": 0.0}, {"ListeningId": 0, "ParameterID": 27, "Value": 120.68981170654297}, {"ListeningId": 0, "ParameterID": 28, "Value": 227.30960083007812}, {"ListeningId": 0, "ParameterID": 13, "Value": 0.9805251359939575}, {"ListeningId": 0, "ParameterID": 14, "Value": 1.0}, {"ListeningId": 0, "ParameterID": 15, "Value": 0.9809964299201965}, {"ListeningId": 0, "ParameterID": 16, "Value": 0.987173855304718}, {"ListeningId": 0, "ParameterID": 10, "Value": 50.12245559692383}, {"ListeningId": 0, "ParameterID": 11, "Value": 50.12245559692383}, {"ListeningId": 0, "ParameterID": 12, "Value": 50.12245559692383}, {"ListeningId": 0, "ParameterID": 32, "Value": 7323.48486328125}]}, {"ListeningId": 0, "MeterId": 11, "Timestamp": 1632423540, "listeningvalues": [{"ListeningId": 0, "ParameterID": 1, "Value": 231.33914184570312}, {"ListeningId": 0, "ParameterID": 2, "Value": 232.7505645751953}, {"ListeningId": 0, "ParameterID": 3, "Value": 229.96360778808594}, {"ListeningId": 0, "ParameterID": 4, "Value": 401.45172119140625}, {"ListeningId": 0, "ParameterID": 5, "Value": 400.4466552734375}, {"ListeningId": 0, "ParameterID": 6, "Value": 399.5176696777344}, {"ListeningId": 0, "ParameterID": 7, "Value": 2.5644474029541016}, {"ListeningId": 0, "ParameterID": 8, "Value": 2.1471810340881348}, {"ListeningId": 0, "ParameterID": 9, "Value": 2.8683478832244873}, {"ListeningId": 0, "ParameterID": 17, "Value": 579.9829711914062}, {"ListeningId": 0, "ParameterID": 18, "Value": 499.61163330078125}, {"ListeningId": 0, "ParameterID": 19, "Value": 632.981689453125}, {"ListeningId": 0, "ParameterID": 20, "Value": 1711.90234375}, {"ListeningId": 0, "ParameterID": 21, "Value": 592.9258422851562}, {"ListeningId": 0, "ParameterID": 22, "Value": 499.19244384765625}, {"ListeningId": 0, "ParameterID": 23, "Value": 660.1234130859375}, {"ListeningId": 0, "ParameterID": 24, "Value": 1751.04638671875}, {"ListeningId": 0, "ParameterID": 25, "Value": 121.7428207397461}, {"ListeningId": 0, "ParameterID": 26, "Value": 0.0}, {"ListeningId": 0, "ParameterID": 27, "Value": 186.1655731201172}, {"ListeningId": 0, "ParameterID": 28, "Value": 307.7044372558594}, {"ListeningId": 0, "ParameterID": 13, "Value": 0.9959251284599304}, {"ListeningId": 0, "ParameterID": 14, "Value": 0.9981693625450134}, {"ListeningId": 0, "ParameterID": 15, "Value": 0.953389048576355}, {"ListeningId": 0, "ParameterID": 16, "Value": 0.9824945330619812}, {"ListeningId": 0, "ParameterID": 10, "Value": 50.12245559692383}, {"ListeningId": 0, "ParameterID": 11, "Value": 50.12245559692383}, {"ListeningId": 0, "ParameterID": 12, "Value": 50.12245559692383}, {"ListeningId": 0, "ParameterID": 32, "Value": 5735.2587890625}]}, {"ListeningId": 0, "MeterId": 12, "Timestamp": 1632423540, "listeningvalues": [{"ListeningId": 0, "ParameterID": 1, "Value": 230.74258422851562}, {"ListeningId": 0, "ParameterID": 2, "Value": 232.5266876220703}, {"ListeningId": 0, "ParameterID": 3, "Value": 230.72955322265625}, {"ListeningId": 0, "ParameterID": 4, "Value": 401.5986328125}, {"ListeningId": 0, "ParameterID": 5, "Value": 401.4935607910156}, {"ListeningId": 0, "ParameterID": 6, "Value": 399.505615234375}, {"ListeningId": 0, "ParameterID": 7, "Value": 2.482278823852539}, {"ListeningId": 0, "ParameterID": 8, "Value": 1.9527033567428589}, {"ListeningId": 0, "ParameterID": 9, "Value": 2.8660202026367188}, {"ListeningId": 0, "ParameterID": 17, "Value": 561.637451171875}, {"ListeningId": 0, "ParameterID": 18, "Value": 454.54876708984375}, {"ListeningId": 0, "ParameterID": 19, "Value": 651.7681274414062}, {"ListeningId": 0, "ParameterID": 20, "Value": 1668.7635498046875}, {"ListeningId": 0, "ParameterID": 21, "Value": 573.1370239257812}, {"ListeningId": 0, "ParameterID": 22, "Value": 453.8154602050781}, {"ListeningId": 0, "ParameterID": 23, "Value": 662.2535400390625}, {"ListeningId": 0, "ParameterID": 24, "Value": 1687.7294921875}, {"ListeningId": 0, "ParameterID": 25, "Value": 111.72637176513672}, {"ListeningId": 0, "ParameterID": 26, "Value": 0.0}, {"ListeningId": 0, "ParameterID": 27, "Value": 118.04561614990234}, {"ListeningId": 0, "ParameterID": 28, "Value": 229.82000732421875}, {"ListeningId": 0, "ParameterID": 13, "Value": 0.9667102098464966}, {"ListeningId": 0, "ParameterID": 14, "Value": 1.0}, {"ListeningId": 0, "ParameterID": 15, "Value": 0.9446143507957458}, {"ListeningId": 0, "ParameterID": 16, "Value": 0.9704415202140808}, {"ListeningId": 0, "ParameterID": 10, "Value": 50.12245559692383}, {"ListeningId": 0, "ParameterID": 11, "Value": 50.12245559692383}, {"ListeningId": 0, "ParameterID": 12, "Value": 50.12245559692383}, {"ListeningId": 0, "ParameterID": 32, "Value": 5736.09521484375}]}]