[{"ListeningId": 0, "MeterId": 1, "Timestamp": 1632423300, "listeningvalues": [{"ListeningId": 0, "ParameterID": 1, "Value": 230.30111694335938}, {"ListeningId": 0, "ParameterID": 2, "Value": 231.3485107421875}, {"ListeningId": 0, "ParameterID": 3, "Value": 230.29722595214844}, {"ListeningId": 0, "ParameterID": 4, "Value": 399.5892028808594}, {"ListeningId": 0, "ParameterID": 5, "Value": 399.6758117675781}, {"ListeningId": 0, "ParameterID": 6, "Value": 398.97943115234375}, {"ListeningId": 0, "ParameterID": 7, "Value": 2.5667290687561035}, {"ListeningId": 0, "ParameterID": 8, "Value": 2.1093719005584717}, {"ListeningId": 0, "ParameterID": 9, "Value": 2.989102363586426}, {"ListeningId": 0, "ParameterID": 17, "Value": 572.2363891601562}, {"ListeningId": 0, "ParameterID": 18, "Value": 483.2274169921875}, {"ListeningId": 0, "ParameterID": 19, "Value": 659.3377685546875}, {"ListeningId": 0, "ParameterID": 20, "Value": 1714.8016357421875}, {"ListeningId": 0, "ParameterID": 21, "Value": 591.1205444335938}, {"ListeningId": 0, "ParameterID": 22, "Value": 488.00006103515625}, {"ListeningId": 0, "ParameterID": 23, "Value": 688.3819580078125}, {"ListeningId": 0, "ParameterID": 24, "Value": 1767.5025634765625}, {"ListeningId": 0, "ParameterID": 25, "Value": 148.2194366455078}, {"ListeningId": 0, "ParameterID": 26, "Value": 68.08324432373047}, {"ListeningId": 0, "ParameterID": 27, "Value": 197.8470001220703}, {"ListeningId": 0, "ParameterID": 28, "Value": 414.149658203125}, {"ListeningId": 0, "ParameterID": 13, "Value": 0.9680536389350891}, {"ListeningId": 0, "ParameterID": 14, "Value": 0.9902200102806091}, {"ListeningId": 0, "ParameterID": 15, "Value": 0.9578080177307129}, {"ListeningId": 0, "ParameterID": 16, "Value": 0.9720272421836853}, {"ListeningId": 0, "ParameterID": 10, "Value": 50.066314697265625}, {"ListeningId": 0, "ParameterID": 11, "Value": 50.066314697265625}, {"ListeningId": 0, "ParameterID": 12, "Value": 50.066314697265625}, {"ListeningId": 0, "ParameterID": 32, "Value": 5624.5546875}]}, {"ListeningId": 0, "MeterId": 2, "Timestamp": 1632423300, "listeningvalues": [{"ListeningId": 0, "ParameterID": 1, "Value": 231.73635864257812}, {"ListeningId": 0, "ParameterID": 2, "Value": 232.55926513671875}, {"ListeningId": 0, "ParameterID": 3, "Value": 229.99974060058594}, {"ListeningId": 0, "ParameterID": 4, "Value": 401.9813232421875}, {"ListeningId": 0, "ParameterID": 5, "Value": 400.5115966796875}, {"ListeningId": 0, "ParameterID": 6, "Value": 399.4034118652344}, {"ListeningId": 0, "ParameterID": 7, "Value": 2.719472646713257}, {"ListeningId": 0, "ParameterID": 8, "Value": 2.068939208984375}, {"ListeningId": 0, "ParameterID": 9, "Value": 2.850228786468506}, {"ListeningId": 0, "ParameterID": 17, "Value": 617.8591918945312}, {"ListeningId": 0, "ParameterID": 18, "Value": 481.5482482910156}, {"ListeningId": 0, "ParameterID": 19, "Value": 634.9913940429688}, {"ListeningId": 0, "ParameterID": 20, "Value": 1734.248046875}, {"ListeningId": 0, "ParameterID": 21, "Value": 629.2964477539062}, {"ListeningId": 0, "ParameterID": 22, "Value": 481.1552734375}, {"ListeningId": 0, "ParameterID": 23, "Value": 655.1613159179688}, {"ListeningId": 0, "ParameterID": 24, "Value": 1766.782470703125}, {"ListeningId": 0, "ParameterID": 25, "Value": 118.86302185058594}, {"ListeningId": 0, "ParameterID": 26, "Value": 0.0}, {"ListeningId": 0, "ParameterID": 27, "Value": 160.612060546875}, {"ListeningId": 0, "ParameterID": 28, "Value": 279.34735107421875}, {"ListeningId": 0, "ParameterID": 13, "Value": 0.9726880788803101}, {"ListeningId": 0, "ParameterID": 14, "Value": 0.9950571656227112}, {"ListeningId": 0, "ParameterID": 15, "Value": 0.9492759704589844}, {"ListeningId": 0, "ParameterID": 16, "Value": 0.9723404049873352}, {"ListeningId": 0, "ParameterID": 10, "Value": 50.066314697265625}, {"ListeningId": 0, "ParameterID": 11, "Value": 50.066314697265625}, {"ListeningId": 0, "ParameterID": 12, "Value": 50.066314697265625}, {"ListeningId": 0, "ParameterID": 32, "Value": 5629.61865234375}]}, {"ListeningId": 0, "MeterId": 3, "Timestamp": 1632423300, "listeningvalues": [{"ListeningId": 0, "ParameterID": 1, "Value": 230.24461364746094}, {"ListeningId": 0, "ParameterID": 2, "Value": 231.8313446044922}, {"ListeningId": 0, "ParameterID": 3, "Value": 230.9200897216797}, {"ListeningId": 0, "ParameterID": 4, "Value": 399.9524230957031}, {"ListeningId": 0, "ParameterID": 5, "Value": 400.6565856933594}, {"ListeningId": 0, "ParameterID": 6, "Value": 399.94305419921875}, {"ListeningId": 0, "ParameterID": 7, "Value": 2.4063093662261963}, {"ListeningId": 0, "ParameterID": 8, "Value": 2.165370225906372}, {"ListeningId": 0, "ParameterID": 9, "Value": 2.701514482498169}, {"ListeningId": 0, "ParameterID": 17, "Value": 551.7275390625}, {"ListeningId": 0, "ParameterID": 18, "Value": 502.0734558105469}, {"ListeningId": 0, "ParameterID": 19, "Value": 603.3910522460938}, {"ListeningId": 0, "ParameterID": 20, "Value": 1656.6402587890625}, {"ListeningId": 0, "ParameterID": 21, "Value": 555.1112060546875}, {"ListeningId": 0, "ParameterID": 22, "Value": 502.1851501464844}, {"ListeningId": 0, "ParameterID": 23, "Value": 624.6301879882812}, {"ListeningId": 0, "ParameterID": 24, "Value": 1680.871337890625}, {"ListeningId": 0, "ParameterID": 25, "Value": 58.86278533935547}, {"ListeningId": 0, "ParameterID": 26, "Value": 0.0}, {"ListeningId": 0, "ParameterID": 27, "Value": 160.18704223632812}, {"ListeningId": 0, "ParameterID": 28, "Value": 218.9707489013672}, {"ListeningId": 0, "ParameterID": 13, "Value": 0.9852438569068909}, {"ListeningId": 0, "ParameterID": 14, "Value": 0.9988011121749878}, {"ListeningId": 0, "ParameterID": 15, "Value": 0.9493789672851562}, {"ListeningId": 0, "ParameterID": 16, "Value": 0.9778079986572266}, {"ListeningId": 0, "ParameterID": 10, "Value": 50.066314697265625}, {"ListeningId": 0, "ParameterID": 11, "Value": 50.066314697265625}, {"ListeningId": 0, "ParameterID": 12, "Value": 50.066314697265625}, {"ListeningId": 0, "ParameterID": 32, "Value": 5631.869140625}]}, {"ListeningId": 0, "MeterId": 4, "Timestamp": 1632423300, "listeningvalues": [{"ListeningId": 0, "ParameterID": 1, "Value": 230.5937042236328}, {"ListeningId": 0, "ParameterID": 2, "Value": 231.91615295410156}, {"ListeningId": 0, "ParameterID": 3, "Value": 230.7147674560547}, {"ListeningId": 0, "ParameterID": 4, "Value": 400.3899230957031}, {"ListeningId": 0, "ParameterID": 5, "Value": 400.1041564941406}, {"ListeningId": 0, "ParameterID": 6, "Value": 399.3883972167969}, {"ListeningId": 0, "ParameterID": 7, "Value": 2.3044495582580566}, {"ListeningId": 0, "ParameterID": 8, "Value": 1.8680368661880493}, {"ListeningId": 0, "ParameterID": 9, "Value": 2.9105825424194336}, {"ListeningId": 0, "ParameterID": 17, "Value": 510.0647277832031}, {"ListeningId": 0, "ParameterID": 18, "Value": 432.45916748046875}, {"ListeningId": 0, "ParameterID": 19, "Value": 652.3231201171875}, {"ListeningId": 0, "ParameterID": 20, "Value": 1595.9150390625}, {"ListeningId": 0, "ParameterID": 21, "Value": 531.7144775390625}, {"ListeningId": 0, "ParameterID": 22, "Value": 432.0320129394531}, {"ListeningId": 0, "ParameterID": 23, "Value": 671.8411254882812}, {"ListeningId": 0, "ParameterID": 24, "Value": 1637.333740234375}, {"ListeningId": 0, "ParameterID": 25, "Value": 149.6333770751953}, {"ListeningId": 0, "ParameterID": 26, "Value": 0.0}, {"ListeningId": 0, "ParameterID": 27, "Value": 162.56918334960938}, {"ListeningId": 0, "ParameterID": 28, "Value": 312.3099060058594}, {"ListeningId": 0, "ParameterID": 13, "Value": 0.9656646847724915}, {"ListeningId": 0, "ParameterID": 14, "Value": 0.9879531264305115}, {"ListeningId": 0, "ParameterID": 15, "Value": 0.968481719493866}, {"ListeningId": 0, "ParameterID": 16, "Value": 0.9740331768989563}, {"ListeningId": 0, "ParameterID": 10, "Value": 50.066314697265625}, {"ListeningId": 0, "ParameterID": 11, "Value": 50.066314697265625}, {"ListeningId": 0, "ParameterID": 12, "Value": 50.066314697265625}, {"ListeningId": 0, "ParameterID": 32, "Value": 5631.08740234375}]}, {"ListeningId": 0, "MeterId": 5, "Timestamp": 1632423300, "listeningvalues": [{"ListeningId": 0, "ParameterID": 1, "Value": 231.61074829101562}, {"ListeningId": 0, "ParameterID": 2, "Value": 231.6880645751953}, {"ListeningId": 0, "ParameterID": 3, "Value": 230.19757080078125}, {"ListeningId": 0, "ParameterID": 4, "Value": 401.0611572265625}, {"ListeningId": 0, "ParameterID": 5, "Value": 399.7058410644531}, {"ListeningId": 0, "ParameterID": 6, "Value": 399.7676696777344}, {"ListeningId": 0, "ParameterID": 7, "Value": 2.2511117458343506}, {"ListeningId": 0, "ParameterID": 8, "Value": 2.217862129211426}, {"ListeningId": 0, "ParameterID": 9, "Value": 2.9645986557006836}, {"ListeningId": 0, "ParameterID": 17, "Value": 510.5792541503906}, {"ListeningId": 0, "ParameterID": 18, "Value": 513.9174194335938}, {"ListeningId": 0, "ParameterID": 19, "Value": 650.697265625}, {"ListeningId": 0, "ParameterID": 20, "Value": 1673.7987060546875}, {"ListeningId": 0, "ParameterID": 21, "Value": 522.1600341796875}, {"ListeningId": 0, "ParameterID": 22, "Value": 513.3649291992188}, {"ListeningId": 0, "ParameterID": 23, "Value": 682.187744140625}, {"ListeningId": 0, "ParameterID": 24, "Value": 1716.4544677734375}, {"ListeningId": 0, "ParameterID": 25, "Value": 106.46176147460938}, {"ListeningId": 0, "ParameterID": 26, "Value": 0.0}, {"ListeningId": 0, "ParameterID": 27, "Value": 205.23593139648438}, {"ListeningId": 0, "ParameterID": 28, "Value": 311.6050109863281}, {"ListeningId": 0, "ParameterID": 13, "Value": 0.9758986234664917}, {"ListeningId": 0, "ParameterID": 14, "Value": 1.0}, {"ListeningId": 0, "ParameterID": 15, "Value": 0.9466636180877686}, {"ListeningId": 0, "ParameterID": 16, "Value": 0.9741873741149902}, {"ListeningId": 0, "ParameterID": 10, "Value": 50.066314697265625}, {"ListeningId": 0, "ParameterID": 11, "Value": 50.066314697265625}, {"ListeningId": 0, "ParameterID": 12, "Value": 50.066314697265625}, {"ListeningId": 0, "ParameterID": 32, "Value": 5628.1748046875}]}, {"ListeningId": 0, "MeterId": 6, "Timestamp": 1632423300, "listeningvalues": [{"ListeningId": 0, "ParameterID": 1, "Value": 230.7754364013672}, {"ListeningId": 0, "ParameterID": 2, "Value": 232.10711669921875}, {"ListeningId": 0, "ParameterID": 3, "Value": 230.8695068359375}, {"ListeningId": 0, "ParameterID": 4, "Value": 401.0860290527344}, {"ListeningId": 0, "ParameterID": 5, "Value": 400.568115234375}, {"ListeningId": 0, "ParameterID": 6, "Value": 399.5565490722656}, {"ListeningId": 0, "ParameterID": 7, "Value": 2.3324038982391357}, {"ListeningId": 0, "ParameterID": 8, "Value": 2.1347248554229736}, {"ListeningId": 0, "ParameterID": 9, "Value": 2.9908039569854736}, {"ListeningId": 0, "ParameterID": 17, "Value": 534.8049926757812}, {"ListeningId": 0, "ParameterID": 18, "Value": 495.4848327636719}, {"ListeningId": 0, "ParameterID": 19, "Value": 652.4953002929688}, {"ListeningId": 0, "ParameterID": 20, "Value": 1682.78515625}, {"ListeningId": 0, "ParameterID": 21, "Value": 538.2615356445312}, {"ListeningId": 0, "ParameterID": 22, "Value": 495.4848327636719}, {"ListeningId": 0, "ParameterID": 23, "Value": 690.4854125976562}, {"ListeningId": 0, "ParameterID": 24, "Value": 1724.231689453125}, {"ListeningId": 0, "ParameterID": 25, "Value": 60.90232849121094}, {"ListeningId": 0, "ParameterID": 26, "Value": 0.0}, {"ListeningId": 0, "ParameterID": 27, "Value": 225.87600708007812}, {"ListeningId": 0, "ParameterID": 28, "Value": 286.7783203125}, {"ListeningId": 0, "ParameterID": 13, "Value": 0.993578314781189}, {"ListeningId": 0, "ParameterID": 14, "Value": 1.0}, {"ListeningId": 0, "ParameterID": 15, "Value": 0.9449805617332458}, {"ListeningId": 0, "ParameterID": 16, "Value": 0.9795196056365967}, {"ListeningId": 0, "ParameterID": 10, "Value": 50.147151947021484}, {"ListeningId": 0, "ParameterID": 11, "Value": 50.147151947021484}, {"ListeningId": 0, "ParameterID": 12, "Value": 50.147151947021484}, {"ListeningId": 0, "ParameterID": 32, "Value": 5630.0810546875}]}, {"ListeningId": 0, "MeterId": 7, "Timestamp": 1632423300, "listeningvalues": [{"ListeningId": 0, "ParameterID": 1, "Value": 230.5677947998047}, {"ListeningId": 0, "ParameterID": 2, "Value": 231.0368194580078}, {"ListeningId": 0, "ParameterID": 3, "Value": 230.40908813476562}, {"ListeningId": 0, "ParameterID": 4, "Value": 400.1513366699219}, {"ListeningId": 0, "ParameterID": 5, "Value": 399.7210693359375}, {"ListeningId": 0, "ParameterID": 6, "Value": 399.5444030761719}, {"ListeningId": 0, "ParameterID": 7, "Value": 2.681103467941284}, {"ListeningId": 0, "ParameterID": 8, "Value": 1.8846145868301392}, {"ListeningId": 0, "ParameterID": 9, "Value": 3.0092921257019043}, {"ListeningId": 0, "ParameterID": 17, "Value": 615.1009521484375}, {"ListeningId": 0, "ParameterID": 18, "Value": 436.209228515625}, {"ListeningId": 0, "ParameterID": 19, "Value": 655.53515625}, {"ListeningId": 0, "ParameterID": 20, "Value": 1706.38916015625}, {"ListeningId": 0, "ParameterID": 21, "Value": 618.527099609375}, {"ListeningId": 0, "ParameterID": 22, "Value": 436.4844970703125}, {"ListeningId": 0, "ParameterID": 23, "Value": 693.349365234375}, {"ListeningId": 0, "ParameterID": 24, "Value": 1746.0966796875}, {"ListeningId": 0, "ParameterID": 25, "Value": 61.31058120727539}, {"ListeningId": 0, "ParameterID": 26, "Value": 0.0}, {"ListeningId": 0, "ParameterID": 27, "Value": 226.08367919921875}, {"ListeningId": 0, "ParameterID": 28, "Value": 287.2566223144531}, {"ListeningId": 0, "ParameterID": 13, "Value": 0.9709406495094299}, {"ListeningId": 0, "ParameterID": 14, "Value": 0.9917740225791931}, {"ListeningId": 0, "ParameterID": 15, "Value": 0.956253170967102}, {"ListeningId": 0, "ParameterID": 16, "Value": 0.9729892611503601}, {"ListeningId": 0, "ParameterID": 10, "Value": 50.147151947021484}, {"ListeningId": 0, "ParameterID": 11, "Value": 50.147151947021484}, {"ListeningId": 0, "ParameterID": 12, "Value": 50.147151947021484}, {"ListeningId": 0, "ParameterID": 32, "Value": 5631.716796875}]}, {"ListeningId": 0, "MeterId": 8, "Timestamp": 1632423300, "listeningvalues": [{"ListeningId": 0, "ParameterID": 1, "Value": 230.54623413085938}, {"ListeningId": 0, "ParameterID": 2, "Value": 231.40724182128906}, {"ListeningId": 0, "ParameterID": 3, "Value": 230.32073974609375}, {"ListeningId": 0, "ParameterID": 4, "Value": 400.1660461425781}, {"ListeningId": 0, "ParameterID": 5, "Value": 399.6559143066406}, {"ListeningId": 0, "ParameterID": 6, "Value": 399.00250244140625}, {"ListeningId": 0, "ParameterID": 7, "Value": 2.678920269012451}, {"ListeningId": 0, "ParameterID": 8, "Value": 1.8859213590621948}, {"ListeningId": 0, "ParameterID": 9, "Value": 3.0106968879699707}, {"ListeningId": 0, "ParameterID": 17, "Value": 615.038330078125}, {"ListeningId": 0, "ParameterID": 18, "Value": 436.28448486328125}, {"ListeningId": 0, "ParameterID": 19, "Value": 655.4744873046875}, {"ListeningId": 0, "ParameterID": 20, "Value": 1706.360107421875}, {"ListeningId": 0, "ParameterID": 21, "Value": 618.4072875976562}, {"ListeningId": 0, "ParameterID": 22, "Value": 435.7278747558594}, {"ListeningId": 0, "ParameterID": 23, "Value": 693.0845947265625}, {"ListeningId": 0, "ParameterID": 24, "Value": 1748.846923828125}, {"ListeningId": 0, "ParameterID": 25, "Value": 61.29855728149414}, {"ListeningId": 0, "ParameterID": 26, "Value": 0.0}, {"ListeningId": 0, "ParameterID": 27, "Value": 226.25601196289062}, {"ListeningId": 0, "ParameterID": 28, "Value": 287.6664123535156}, {"ListeningId": 0, "ParameterID": 13, "Value": 0.9709406495094299}, {"ListeningId": 0, "ParameterID": 14, "Value": 0.9917740225791931}, {"ListeningId": 0, "ParameterID": 15, "Value": 0.956253170967102}, {"ListeningId": 0, "ParameterID": 16, "Value": 0.9729892611503601}, {"ListeningId": 0, "ParameterID": 10, "Value": 50.147151947021484}, {"ListeningId": 0, "ParameterID": 11, "Value": 50.147151947021484}, {"ListeningId": 0, "ParameterID": 12, "Value": 50.147151947021484}, {"ListeningId": 0, "ParameterID": 32, "Value": 5631.716796875}]}, {"ListeningId": 0, "MeterId": 9, "Timestamp": 1632423300, "listeningvalues": [{"ListeningId": 0, "ParameterID": 1, "Value": 231.13621520996094}, {"ListeningId": 0, "ParameterID": 2, "Value": 231.5485076904297}, {"ListeningId": 0, "ParameterID": 3, "Value": 230.29588317871094}, {"ListeningId": 0, "ParameterID": 4, "Value": 400.3206481933594}, {"ListeningId": 0, "ParameterID": 5, "Value": 400.32537841796875}, {"ListeningId": 0, "ParameterID": 6, "Value": 399.99017333984375}, {"ListeningId": 0, "ParameterID": 7, "Value": 2.621333599090576}, {"ListeningId": 0, "ParameterID": 8, "Value": 1.7439333200454712}, {"ListeningId": 0, "ParameterID": 9, "Value": 2.9046592712402344}, {"ListeningId": 0, "ParameterID": 17, "Value": 597.0506591796875}, {"ListeningId": 0, "ParameterID": 18, "Value": 403.67938232421875}, {"ListeningId": 0, "ParameterID": 19, "Value": 633.4846801757812}, {"ListeningId": 0, "ParameterID": 20, "Value": 1634.9635009765625}, {"ListeningId": 0, "ParameterID": 21, "Value": 606.6265258789062}, {"ListeningId": 0, "ParameterID": 22, "Value": 404.0740966796875}, {"ListeningId": 0, "ParameterID": 23, "Value": 669.4134521484375}, {"ListeningId": 0, "ParameterID": 24, "Value": 1679.808837890625}, {"ListeningId": 0, "ParameterID": 25, "Value": 105.7680892944336}, {"ListeningId": 0, "ParameterID": 26, "Value": 0.0}, {"ListeningId": 0, "ParameterID": 27, "Value": 215.71420288085938}, {"ListeningId": 0, "ParameterID": 28, "Value": 321.2135314941406}, {"ListeningId": 0, "ParameterID": 13, "Value": 0.9716468453407288}, {"ListeningId": 0, "ParameterID": 14, "Value": 1.0}, {"ListeningId": 0, "ParameterID": 15, "Value": 0.9493293762207031}, {"ListeningId": 0, "ParameterID": 16, "Value": 0.9736587405204773}, {"ListeningId": 0, "ParameterID": 10, "Value": 50.147151947021484}, {"ListeningId": 0, "ParameterID": 11, "Value": 50.147151947021484}, {"ListeningId": 0, "ParameterID": 12, "Value": 50.147151947021484}, {"ListeningId": 0, "ParameterID": 32, "Value": 5636.78662109375}]}, {"ListeningId": 0, "MeterId": 10, "Timestamp": 1632423300, "listeningvalues": [{"ListeningId": 0, "ParameterID": 1, "Value": 230.3402099609375}, {"ListeningId": 0, "ParameterID": 2, "Value": 231.74610900878906}, {"ListeningId": 0, "ParameterID": 3, "Value": 230.49891662597656}, {"ListeningId": 0, "ParameterID": 4, "Value": 400.25482177734375}, {"ListeningId": 0, "ParameterID": 5, "Value": 400.2394104003906}, {"ListeningId": 0, "ParameterID": 6, "Value": 399.3113098144531}, {"ListeningId": 0, "ParameterID": 7, "Value": 2.6819264888763428}, {"ListeningId": 0, "ParameterID": 8, "Value": 1.7884455919265747}, {"ListeningId": 0, "ParameterID": 9, "Value": 2.7222280502319336}, {"ListeningId": 0, "ParameterID": 17, "Value": 613.9794921875}, {"ListeningId": 0, "ParameterID": 18, "Value": 409.8320617675781}, {"ListeningId": 0, "ParameterID": 19, "Value": 597.8682250976562}, {"ListeningId": 0, "ParameterID": 20, "Value": 1622.708984375}, {"ListeningId": 0, "ParameterID": 21, "Value": 618.6196899414062}, {"ListeningId": 0, "ParameterID": 22, "Value": 414.7651672363281}, {"ListeningId": 0, "ParameterID": 23, "Value": 627.3934326171875}, {"ListeningId": 0, "ParameterID": 24, "Value": 1660.7894287109375}, {"ListeningId": 0, "ParameterID": 25, "Value": 77.2086181640625}, {"ListeningId": 0, "ParameterID": 26, "Value": 62.06727981567383}, {"ListeningId": 0, "ParameterID": 27, "Value": 189.59046936035156}, {"ListeningId": 0, "ParameterID": 28, "Value": 328.8991394042969}, {"ListeningId": 0, "ParameterID": 13, "Value": 0.9630255103111267}, {"ListeningId": 0, "ParameterID": 14, "Value": 1.0}, {"ListeningId": 0, "ParameterID": 15, "Value": 0.9793583750724792}, {"ListeningId": 0, "ParameterID": 16, "Value": 0.9807946681976318}, {"ListeningId": 0, "ParameterID": 10, "Value": 50.147151947021484}, {"ListeningId": 0, "ParameterID": 11, "Value": 50.147151947021484}, {"ListeningId": 0, "ParameterID": 12, "Value": 50.147151947021484}, {"ListeningId": 0, "ParameterID": 32, "Value": 7213.91552734375}]}, {"ListeningId": 0, "MeterId": 11, "Timestamp": 1632423300, "listeningvalues": [{"ListeningId": 0, "ParameterID": 1, "Value": 231.31988525390625}, {"ListeningId": 0, "ParameterID": 2, "Value": 232.35354614257812}, {"ListeningId": 0, "ParameterID": 3, "Value": 230.08660888671875}, {"ListeningId": 0, "ParameterID": 4, "Value": 401.67431640625}, {"ListeningId": 0, "ParameterID": 5, "Value": 400.27166748046875}, {"ListeningId": 0, "ParameterID": 6, "Value": 399.92071533203125}, {"ListeningId": 0, "ParameterID": 7, "Value": 2.5025649070739746}, {"ListeningId": 0, "ParameterID": 8, "Value": 1.9046416282653809}, {"ListeningId": 0, "ParameterID": 9, "Value": 2.6816484928131104}, {"ListeningId": 0, "ParameterID": 17, "Value": 576.2613525390625}, {"ListeningId": 0, "ParameterID": 18, "Value": 442.55023193359375}, {"ListeningId": 0, "ParameterID": 19, "Value": 599.2618408203125}, {"ListeningId": 0, "ParameterID": 20, "Value": 1618.073486328125}, {"ListeningId": 0, "ParameterID": 21, "Value": 578.8930053710938}, {"ListeningId": 0, "ParameterID": 22, "Value": 442.55023193359375}, {"ListeningId": 0, "ParameterID": 23, "Value": 617.0114135742188}, {"ListeningId": 0, "ParameterID": 24, "Value": 1638.45458984375}, {"ListeningId": 0, "ParameterID": 25, "Value": 55.13591003417969}, {"ListeningId": 0, "ParameterID": 26, "Value": 0.0}, {"ListeningId": 0, "ParameterID": 27, "Value": 146.92971801757812}, {"ListeningId": 0, "ParameterID": 28, "Value": 202.0656280517578}, {"ListeningId": 0, "ParameterID": 13, "Value": 0.995453953742981}, {"ListeningId": 0, "ParameterID": 14, "Value": 1.0}, {"ListeningId": 0, "ParameterID": 15, "Value": 0.9712329506874084}, {"ListeningId": 0, "ParameterID": 16, "Value": 0.9888956546783447}, {"ListeningId": 0, "ParameterID": 10, "Value": 50.04521179199219}, {"ListeningId": 0, "ParameterID": 11, "Value": 50.04521179199219}, {"ListeningId": 0, "ParameterID": 12, "Value": 50.04521179199219}, {"ListeningId": 0, "ParameterID": 32, "Value": 5626.02783203125}]}, {"ListeningId": 0, "MeterId": 12, "Timestamp": 1632423300, "listeningvalues": [{"ListeningId": 0, "ParameterID": 1, "Value": 230.80517578125}, {"ListeningId": 0, "ParameterID": 2, "Value": 232.09930419921875}, {"ListeningId": 0, "ParameterID": 3, "Value": 231.24220275878906}, {"ListeningId": 0, "ParameterID": 4, "Value": 400.7927551269531}, {"ListeningId": 0, "ParameterID": 5, "Value": 401.3347473144531}, {"ListeningId": 0, "ParameterID": 6, "Value": 399.87139892578125}, {"ListeningId": 0, "ParameterID": 7, "Value": 2.558013916015625}, {"ListeningId": 0, "ParameterID": 8, "Value": 2.0052168369293213}, {"ListeningId": 0, "ParameterID": 9, "Value": 3.132383108139038}, {"ListeningId": 0, "ParameterID": 17, "Value": 568.9646606445312}, {"ListeningId": 0, "ParameterID": 18, "Value": 464.9736633300781}, {"ListeningId": 0, "ParameterID": 19, "Value": 688.9193115234375}, {"ListeningId": 0, "ParameterID": 20, "Value": 1721.174072265625}, {"ListeningId": 0, "ParameterID": 21, "Value": 589.8794555664062}, {"ListeningId": 0, "ParameterID": 22, "Value": 465.57049560546875}, {"ListeningId": 0, "ParameterID": 23, "Value": 723.5341186523438}, {"ListeningId": 0, "ParameterID": 24, "Value": 1778.3128662109375}, {"ListeningId": 0, "ParameterID": 25, "Value": 156.95201110839844}, {"ListeningId": 0, "ParameterID": 26, "Value": 0.0}, {"ListeningId": 0, "ParameterID": 27, "Value": 220.57106018066406}, {"ListeningId": 0, "ParameterID": 28, "Value": 377.16656494140625}, {"ListeningId": 0, "ParameterID": 13, "Value": 0.9868252873420715}, {"ListeningId": 0, "ParameterID": 14, "Value": 1.0}, {"ListeningId": 0, "ParameterID": 15, "Value": 0.9742839932441711}, {"ListeningId": 0, "ParameterID": 16, "Value": 0.987036406993866}, {"ListeningId": 0, "ParameterID": 10, "Value": 50.04521179199219}, {"ListeningId": 0, "ParameterID": 11, "Value": 50.04521179199219}, {"ListeningId": 0, "ParameterID": 12, "Value": 50.04521179199219}, {"ListeningId": 0, "ParameterID": 32, "Value": 5626.69140625}]}]