[{"ListeningId": 0, "MeterId": 1, "Timestamp": 1632423480, "listeningvalues": [{"ListeningId": 0, "ParameterID": 1, "Value": 231.2424774169922}, {"ListeningId": 0, "ParameterID": 2, "Value": 232.2364044189453}, {"ListeningId": 0, "ParameterID": 3, "Value": 230.2322235107422}, {"ListeningId": 0, "ParameterID": 4, "Value": 401.2213439941406}, {"ListeningId": 0, "ParameterID": 5, "Value": 400.4803771972656}, {"ListeningId": 0, "ParameterID": 6, "Value": 399.91021728515625}, {"ListeningId": 0, "ParameterID": 7, "Value": 2.4085845947265625}, {"ListeningId": 0, "ParameterID": 8, "Value": 2.0906338691711426}, {"ListeningId": 0, "ParameterID": 9, "Value": 2.7904300689697266}, {"ListeningId": 0, "ParameterID": 17, "Value": 548.445068359375}, {"ListeningId": 0, "ParameterID": 18, "Value": 485.52130126953125}, {"ListeningId": 0, "ParameterID": 19, "Value": 631.625732421875}, {"ListeningId": 0, "ParameterID": 20, "Value": 1665.592041015625}, {"ListeningId": 0, "ParameterID": 21, "Value": 556.967041015625}, {"ListeningId": 0, "ParameterID": 22, "Value": 485.52130126953125}, {"ListeningId": 0, "ParameterID": 23, "Value": 642.4468994140625}, {"ListeningId": 0, "ParameterID": 24, "Value": 1684.9351806640625}, {"ListeningId": 0, "ParameterID": 25, "Value": 97.05813598632812}, {"ListeningId": 0, "ParameterID": 26, "Value": 0.0}, {"ListeningId": 0, "ParameterID": 27, "Value": 117.41792297363281}, {"ListeningId": 0, "ParameterID": 28, "Value": 214.47605895996094}, {"ListeningId": 0, "ParameterID": 13, "Value": 0.9603167176246643}, {"ListeningId": 0, "ParameterID": 14, "Value": 1.0}, {"ListeningId": 0, "ParameterID": 15, "Value": 0.9720386266708374}, {"ListeningId": 0, "ParameterID": 16, "Value": 0.9774518013000488}, {"ListeningId": 0, "ParameterID": 10, "Value": 50.068389892578125}, {"ListeningId": 0, "ParameterID": 11, "Value": 50.068389892578125}, {"ListeningId": 0, "ParameterID": 12, "Value": 50.068389892578125}, {"ListeningId": 0, "ParameterID": 32, "Value": 5706.677734375}]}, {"ListeningId": 0, "MeterId": 2, "Timestamp": 1632423480, "listeningvalues": [{"ListeningId": 0, "ParameterID": 1, "Value": 230.85055541992188}, {"ListeningId": 0, "ParameterID": 2, "Value": 232.7001190185547}, {"ListeningId": 0, "ParameterID": 3, "Value": 229.91683959960938}, {"ListeningId": 0, "ParameterID": 4, "Value": 401.4718017578125}, {"ListeningId": 0, "ParameterID": 5, "Value": 400.41436767578125}, {"ListeningId": 0, "ParameterID": 6, "Value": 398.69818115234375}, {"ListeningId": 0, "ParameterID": 7, "Value": 2.724144458770752}, {"ListeningId": 0, "ParameterID": 8, "Value": 1.835950493812561}, {"ListeningId": 0, "ParameterID": 9, "Value": 3.032074451446533}, {"ListeningId": 0, "ParameterID": 17, "Value": 622.4202880859375}, {"ListeningId": 0, "ParameterID": 18, "Value": 421.8896789550781}, {"ListeningId": 0, "ParameterID": 19, "Value": 661.9987182617188}, {"ListeningId": 0, "ParameterID": 20, "Value": 1707.24951171875}, {"ListeningId": 0, "ParameterID": 21, "Value": 628.9991455078125}, {"ListeningId": 0, "ParameterID": 22, "Value": 427.1142883300781}, {"ListeningId": 0, "ParameterID": 23, "Value": 696.651123046875}, {"ListeningId": 0, "ParameterID": 24, "Value": 1753.7520751953125}, {"ListeningId": 0, "ParameterID": 25, "Value": 89.28256225585938}, {"ListeningId": 0, "ParameterID": 26, "Value": 65.60169219970703}, {"ListeningId": 0, "ParameterID": 27, "Value": 214.7208251953125}, {"ListeningId": 0, "ParameterID": 28, "Value": 369.5533142089844}, {"ListeningId": 0, "ParameterID": 13, "Value": 0.9841787815093994}, {"ListeningId": 0, "ParameterID": 14, "Value": 1.0}, {"ListeningId": 0, "ParameterID": 15, "Value": 0.9732615947723389}, {"ListeningId": 0, "ParameterID": 16, "Value": 0.9858134388923645}, {"ListeningId": 0, "ParameterID": 10, "Value": 50.068389892578125}, {"ListeningId": 0, "ParameterID": 11, "Value": 50.068389892578125}, {"ListeningId": 0, "ParameterID": 12, "Value": 50.068389892578125}, {"ListeningId": 0, "ParameterID": 32, "Value": 5711.77294921875}]}, {"ListeningId": 0, "MeterId": 3, "Timestamp": 1632423480, "listeningvalues": [{"ListeningId": 0, "ParameterID": 1, "Value": 230.7783203125}, {"ListeningId": 0, "ParameterID": 2, "Value": 231.578369140625}, {"ListeningId": 0, "ParameterID": 3, "Value": 231.16964721679688}, {"ListeningId": 0, "ParameterID": 4, "Value": 400.1641540527344}, {"ListeningId": 0, "ParameterID": 5, "Value": 400.3681640625}, {"ListeningId": 0, "ParameterID": 6, "Value": 400.3213195800781}, {"ListeningId": 0, "ParameterID": 7, "Value": 2.424964427947998}, {"ListeningId": 0, "ParameterID": 8, "Value": 1.7910406589508057}, {"ListeningId": 0, "ParameterID": 9, "Value": 2.95829701423645}, {"ListeningId": 0, "ParameterID": 17, "Value": 552.552978515625}, {"ListeningId": 0, "ParameterID": 18, "Value": 414.464599609375}, {"ListeningId": 0, "ParameterID": 19, "Value": 667.5040893554688}, {"ListeningId": 0, "ParameterID": 20, "Value": 1634.646484375}, {"ListeningId": 0, "ParameterID": 21, "Value": 559.6870727539062}, {"ListeningId": 0, "ParameterID": 22, "Value": 414.1018371582031}, {"ListeningId": 0, "ParameterID": 23, "Value": 682.7551879882812}, {"ListeningId": 0, "ParameterID": 24, "Value": 1658.8853759765625}, {"ListeningId": 0, "ParameterID": 25, "Value": 87.09430694580078}, {"ListeningId": 0, "ParameterID": 26, "Value": 0.0}, {"ListeningId": 0, "ParameterID": 27, "Value": 146.90809631347656}, {"ListeningId": 0, "ParameterID": 28, "Value": 234.05001831054688}, {"ListeningId": 0, "ParameterID": 13, "Value": 0.9935136437416077}, {"ListeningId": 0, "ParameterID": 14, "Value": 1.0}, {"ListeningId": 0, "ParameterID": 15, "Value": 0.9482078552246094}, {"ListeningId": 0, "ParameterID": 16, "Value": 0.980573832988739}, {"ListeningId": 0, "ParameterID": 10, "Value": 50.068389892578125}, {"ListeningId": 0, "ParameterID": 11, "Value": 50.068389892578125}, {"ListeningId": 0, "ParameterID": 12, "Value": 50.068389892578125}, {"ListeningId": 0, "ParameterID": 32, "Value": 5714.23388671875}]}, {"ListeningId": 0, "MeterId": 4, "Timestamp": 1632423480, "listeningvalues": [{"ListeningId": 0, "ParameterID": 1, "Value": 231.61270141601562}, {"ListeningId": 0, "ParameterID": 2, "Value": 232.57046508789062}, {"ListeningId": 0, "ParameterID": 3, "Value": 230.51510620117188}, {"ListeningId": 0, "ParameterID": 4, "Value": 401.8204345703125}, {"ListeningId": 0, "ParameterID": 5, "Value": 401.3236389160156}, {"ListeningId": 0, "ParameterID": 6, "Value": 400.45770263671875}, {"ListeningId": 0, "ParameterID": 7, "Value": 2.718792676925659}, {"ListeningId": 0, "ParameterID": 8, "Value": 2.047351598739624}, {"ListeningId": 0, "ParameterID": 9, "Value": 2.8266472816467285}, {"ListeningId": 0, "ParameterID": 17, "Value": 623.16064453125}, {"ListeningId": 0, "ParameterID": 18, "Value": 476.15350341796875}, {"ListeningId": 0, "ParameterID": 19, "Value": 618.8754272460938}, {"ListeningId": 0, "ParameterID": 20, "Value": 1718.189697265625}, {"ListeningId": 0, "ParameterID": 21, "Value": 629.7069091796875}, {"ListeningId": 0, "ParameterID": 22, "Value": 476.15350341796875}, {"ListeningId": 0, "ParameterID": 23, "Value": 651.5848999023438}, {"ListeningId": 0, "ParameterID": 24, "Value": 1757.4453125}, {"ListeningId": 0, "ParameterID": 25, "Value": 90.56265258789062}, {"ListeningId": 0, "ParameterID": 26, "Value": 0.0}, {"ListeningId": 0, "ParameterID": 27, "Value": 203.85311889648438}, {"ListeningId": 0, "ParameterID": 28, "Value": 294.415771484375}, {"ListeningId": 0, "ParameterID": 13, "Value": 0.9896042346954346}, {"ListeningId": 0, "ParameterID": 14, "Value": 1.0}, {"ListeningId": 0, "ParameterID": 15, "Value": 0.9498001337051392}, {"ListeningId": 0, "ParameterID": 16, "Value": 0.9798014760017395}, {"ListeningId": 0, "ParameterID": 10, "Value": 49.980682373046875}, {"ListeningId": 0, "ParameterID": 11, "Value": 49.980682373046875}, {"ListeningId": 0, "ParameterID": 12, "Value": 49.980682373046875}, {"ListeningId": 0, "ParameterID": 32, "Value": 5713.18408203125}]}, {"ListeningId": 0, "MeterId": 5, "Timestamp": 1632423480, "listeningvalues": [{"ListeningId": 0, "ParameterID": 1, "Value": 230.14894104003906}, {"ListeningId": 0, "ParameterID": 2, "Value": 231.2772979736328}, {"ListeningId": 0, "ParameterID": 3, "Value": 231.2149658203125}, {"ListeningId": 0, "ParameterID": 4, "Value": 399.83502197265625}, {"ListeningId": 0, "ParameterID": 5, "Value": 400.8306884765625}, {"ListeningId": 0, "ParameterID": 6, "Value": 399.6543273925781}, {"ListeningId": 0, "ParameterID": 7, "Value": 2.4772396087646484}, {"ListeningId": 0, "ParameterID": 8, "Value": 1.9740263223648071}, {"ListeningId": 0, "ParameterID": 9, "Value": 2.7440025806427}, {"ListeningId": 0, "ParameterID": 17, "Value": 553.8975830078125}, {"ListeningId": 0, "ParameterID": 18, "Value": 456.0549621582031}, {"ListeningId": 0, "ParameterID": 19, "Value": 611.4701538085938}, {"ListeningId": 0, "ParameterID": 20, "Value": 1620.750244140625}, {"ListeningId": 0, "ParameterID": 21, "Value": 570.9024047851562}, {"ListeningId": 0, "ParameterID": 22, "Value": 456.33245849609375}, {"ListeningId": 0, "ParameterID": 23, "Value": 634.115478515625}, {"ListeningId": 0, "ParameterID": 24, "Value": 1661.3541259765625}, {"ListeningId": 0, "ParameterID": 25, "Value": 139.0812530517578}, {"ListeningId": 0, "ParameterID": 26, "Value": 0.0}, {"ListeningId": 0, "ParameterID": 27, "Value": 169.8061981201172}, {"ListeningId": 0, "ParameterID": 28, "Value": 308.8360900878906}, {"ListeningId": 0, "ParameterID": 13, "Value": 0.9698883891105652}, {"ListeningId": 0, "ParameterID": 14, "Value": 1.0}, {"ListeningId": 0, "ParameterID": 15, "Value": 0.9634584784507751}, {"ListeningId": 0, "ParameterID": 16, "Value": 0.9777823090553284}, {"ListeningId": 0, "ParameterID": 10, "Value": 49.980682373046875}, {"ListeningId": 0, "ParameterID": 11, "Value": 49.980682373046875}, {"ListeningId": 0, "ParameterID": 12, "Value": 49.980682373046875}, {"ListeningId": 0, "ParameterID": 32, "Value": 5710.4677734375}]}, {"ListeningId": 0, "MeterId": 6, "Timestamp": 1632423480, "listeningvalues": [{"ListeningId": 0, "ParameterID": 1, "Value": 230.2640380859375}, {"ListeningId": 0, "ParameterID": 2, "Value": 231.88626098632812}, {"ListeningId": 0, "ParameterID": 3, "Value": 230.80101013183594}, {"ListeningId": 0, "ParameterID": 4, "Value": 400.0657958984375}, {"ListeningId": 0, "ParameterID": 5, "Value": 400.7060546875}, {"ListeningId": 0, "ParameterID": 6, "Value": 399.330810546875}, {"ListeningId": 0, "ParameterID": 7, "Value": 2.728466033935547}, {"ListeningId": 0, "ParameterID": 8, "Value": 1.744497537612915}, {"ListeningId": 0, "ParameterID": 9, "Value": 2.690387010574341}, {"ListeningId": 0, "ParameterID": 17, "Value": 613.07275390625}, {"ListeningId": 0, "ParameterID": 18, "Value": 404.79498291015625}, {"ListeningId": 0, "ParameterID": 19, "Value": 610.5693969726562}, {"ListeningId": 0, "ParameterID": 20, "Value": 1628.177001953125}, {"ListeningId": 0, "ParameterID": 21, "Value": 628.2289428710938}, {"ListeningId": 0, "ParameterID": 22, "Value": 404.0479736328125}, {"ListeningId": 0, "ParameterID": 23, "Value": 622.0301513671875}, {"ListeningId": 0, "ParameterID": 24, "Value": 1654.8646240234375}, {"ListeningId": 0, "ParameterID": 25, "Value": 138.5702362060547}, {"ListeningId": 0, "ParameterID": 26, "Value": 0.0}, {"ListeningId": 0, "ParameterID": 27, "Value": 119.9310073852539}, {"ListeningId": 0, "ParameterID": 28, "Value": 258.425048828125}, {"ListeningId": 0, "ParameterID": 13, "Value": 0.9785017967224121}, {"ListeningId": 0, "ParameterID": 14, "Value": 0.9946768879890442}, {"ListeningId": 0, "ParameterID": 15, "Value": 0.9564515352249146}, {"ListeningId": 0, "ParameterID": 16, "Value": 0.9765434265136719}, {"ListeningId": 0, "ParameterID": 10, "Value": 49.980682373046875}, {"ListeningId": 0, "ParameterID": 11, "Value": 49.980682373046875}, {"ListeningId": 0, "ParameterID": 12, "Value": 49.980682373046875}, {"ListeningId": 0, "ParameterID": 32, "Value": 5712.14599609375}]}, {"ListeningId": 0, "MeterId": 7, "Timestamp": 1632423480, "listeningvalues": [{"ListeningId": 0, "ParameterID": 1, "Value": 231.2896270751953}, {"ListeningId": 0, "ParameterID": 2, "Value": 231.3926544189453}, {"ListeningId": 0, "ParameterID": 3, "Value": 230.94155883789062}, {"ListeningId": 0, "ParameterID": 4, "Value": 400.2670593261719}, {"ListeningId": 0, "ParameterID": 5, "Value": 400.1375732421875}, {"ListeningId": 0, "ParameterID": 6, "Value": 400.07403564453125}, {"ListeningId": 0, "ParameterID": 7, "Value": 2.4605422019958496}, {"ListeningId": 0, "ParameterID": 8, "Value": 2.0808181762695312}, {"ListeningId": 0, "ParameterID": 9, "Value": 2.99005389213562}, {"ListeningId": 0, "ParameterID": 17, "Value": 565.145751953125}, {"ListeningId": 0, "ParameterID": 18, "Value": 481.20623779296875}, {"ListeningId": 0, "ParameterID": 19, "Value": 667.6023559570312}, {"ListeningId": 0, "ParameterID": 20, "Value": 1715.3192138671875}, {"ListeningId": 0, "ParameterID": 21, "Value": 568.3153076171875}, {"ListeningId": 0, "ParameterID": 22, "Value": 481.92962646484375}, {"ListeningId": 0, "ParameterID": 23, "Value": 689.126220703125}, {"ListeningId": 0, "ParameterID": 24, "Value": 1738.914794921875}, {"ListeningId": 0, "ParameterID": 25, "Value": 62.13294982910156}, {"ListeningId": 0, "ParameterID": 26, "Value": 0.0}, {"ListeningId": 0, "ParameterID": 27, "Value": 174.10165405273438}, {"ListeningId": 0, "ParameterID": 28, "Value": 236.0988006591797}, {"ListeningId": 0, "ParameterID": 13, "Value": 0.9943803548812866}, {"ListeningId": 0, "ParameterID": 14, "Value": 0.9893508553504944}, {"ListeningId": 0, "ParameterID": 15, "Value": 0.9879789352416992}, {"ListeningId": 0, "ParameterID": 16, "Value": 0.990570068359375}, {"ListeningId": 0, "ParameterID": 10, "Value": 49.980682373046875}, {"ListeningId": 0, "ParameterID": 11, "Value": 49.980682373046875}, {"ListeningId": 0, "ParameterID": 12, "Value": 49.980682373046875}, {"ListeningId": 0, "ParameterID": 32, "Value": 5713.84619140625}]}, {"ListeningId": 0, "MeterId": 8, "Timestamp": 1632423480, "listeningvalues": [{"ListeningId": 0, "ParameterID": 1, "Value": 231.0967559814453}, {"ListeningId": 0, "ParameterID": 2, "Value": 231.46437072753906}, {"ListeningId": 0, "ParameterID": 3, "Value": 231.00831604003906}, {"ListeningId": 0, "ParameterID": 4, "Value": 400.6185607910156}, {"ListeningId": 0, "ParameterID": 5, "Value": 400.53240966796875}, {"ListeningId": 0, "ParameterID": 6, "Value": 399.8455505371094}, {"ListeningId": 0, "ParameterID": 7, "Value": 2.4614617824554443}, {"ListeningId": 0, "ParameterID": 8, "Value": 2.080270528793335}, {"ListeningId": 0, "ParameterID": 9, "Value": 2.9893267154693604}, {"ListeningId": 0, "ParameterID": 17, "Value": 565.15283203125}, {"ListeningId": 0, "ParameterID": 18, "Value": 481.2672119140625}, {"ListeningId": 0, "ParameterID": 19, "Value": 666.537841796875}, {"ListeningId": 0, "ParameterID": 20, "Value": 1714.7427978515625}, {"ListeningId": 0, "ParameterID": 21, "Value": 568.5986938476562}, {"ListeningId": 0, "ParameterID": 22, "Value": 481.5611572265625}, {"ListeningId": 0, "ParameterID": 23, "Value": 689.6904296875}, {"ListeningId": 0, "ParameterID": 24, "Value": 1738.73193359375}, {"ListeningId": 0, "ParameterID": 25, "Value": 62.15310287475586}, {"ListeningId": 0, "ParameterID": 26, "Value": 0.0}, {"ListeningId": 0, "ParameterID": 27, "Value": 174.08700561523438}, {"ListeningId": 0, "ParameterID": 28, "Value": 236.24935913085938}, {"ListeningId": 0, "ParameterID": 13, "Value": 0.9943803548812866}, {"ListeningId": 0, "ParameterID": 14, "Value": 0.9893508553504944}, {"ListeningId": 0, "ParameterID": 15, "Value": 0.9879789352416992}, {"ListeningId": 0, "ParameterID": 16, "Value": 0.990570068359375}, {"ListeningId": 0, "ParameterID": 10, "Value": 49.980682373046875}, {"ListeningId": 0, "ParameterID": 11, "Value": 49.980682373046875}, {"ListeningId": 0, "ParameterID": 12, "Value": 49.980682373046875}, {"ListeningId": 0, "ParameterID": 32, "Value": 5713.84619140625}]}, {"ListeningId": 0, "MeterId": 9, "Timestamp": 1632423480, "listeningvalues": [{"ListeningId": 0, "ParameterID": 1, "Value": 230.81898498535156}, {"ListeningId": 0, "ParameterID": 2, "Value": 232.085205078125}, {"ListeningId": 0, "ParameterID": 3, "Value": 230.60305786132812}, {"ListeningId": 0, "ParameterID": 4, "Value": 400.5095520019531}, {"ListeningId": 0, "ParameterID": 5, "Value": 400.8982238769531}, {"ListeningId": 0, "ParameterID": 6, "Value": 399.648193359375}, {"ListeningId": 0, "ParameterID": 7, "Value": 2.6723976135253906}, {"ListeningId": 0, "ParameterID": 8, "Value": 2.088024616241455}, {"ListeningId": 0, "ParameterID": 9, "Value": 2.9044606685638428}, {"ListeningId": 0, "ParameterID": 17, "Value": 601.8472290039062}, {"ListeningId": 0, "ParameterID": 18, "Value": 480.8555603027344}, {"ListeningId": 0, "ParameterID": 19, "Value": 632.0391235351562}, {"ListeningId": 0, "ParameterID": 20, "Value": 1714.741943359375}, {"ListeningId": 0, "ParameterID": 21, "Value": 616.840087890625}, {"ListeningId": 0, "ParameterID": 22, "Value": 484.599609375}, {"ListeningId": 0, "ParameterID": 23, "Value": 669.7775268554688}, {"ListeningId": 0, "ParameterID": 24, "Value": 1771.21728515625}, {"ListeningId": 0, "ParameterID": 25, "Value": 135.17245483398438}, {"ListeningId": 0, "ParameterID": 26, "Value": 60.12253189086914}, {"ListeningId": 0, "ParameterID": 27, "Value": 221.64942932128906}, {"ListeningId": 0, "ParameterID": 28, "Value": 416.94439697265625}, {"ListeningId": 0, "ParameterID": 13, "Value": 0.9756941199302673}, {"ListeningId": 0, "ParameterID": 14, "Value": 0.9922739267349243}, {"ListeningId": 0, "ParameterID": 15, "Value": 0.9436553120613098}, {"ListeningId": 0, "ParameterID": 16, "Value": 0.9705410599708557}, {"ListeningId": 0, "ParameterID": 10, "Value": 50.06689453125}, {"ListeningId": 0, "ParameterID": 11, "Value": 50.06689453125}, {"ListeningId": 0, "ParameterID": 12, "Value": 50.06689453125}, {"ListeningId": 0, "ParameterID": 32, "Value": 5718.72802734375}]}, {"ListeningId": 0, "MeterId": 10, "Timestamp": 1632423480, "listeningvalues": [{"ListeningId": 0, "ParameterID": 1, "Value": 230.90525817871094}, {"ListeningId": 0, "ParameterID": 2, "Value": 232.22421264648438}, {"ListeningId": 0, "ParameterID": 3, "Value": 230.22967529296875}, {"ListeningId": 0, "ParameterID": 4, "Value": 401.4511413574219}, {"ListeningId": 0, "ParameterID": 5, "Value": 400.1340026855469}, {"ListeningId": 0, "ParameterID": 6, "Value": 399.3686218261719}, {"ListeningId": 0, "ParameterID": 7, "Value": 2.4585812091827393}, {"ListeningId": 0, "ParameterID": 8, "Value": 1.8826234340667725}, {"ListeningId": 0, "ParameterID": 9, "Value": 2.9841508865356445}, {"ListeningId": 0, "ParameterID": 17, "Value": 565.814208984375}, {"ListeningId": 0, "ParameterID": 18, "Value": 432.8752746582031}, {"ListeningId": 0, "ParameterID": 19, "Value": 665.7603759765625}, {"ListeningId": 0, "ParameterID": 20, "Value": 1665.1968994140625}, {"ListeningId": 0, "ParameterID": 21, "Value": 568.63427734375}, {"ListeningId": 0, "ParameterID": 22, "Value": 437.1690368652344}, {"ListeningId": 0, "ParameterID": 23, "Value": 687.7393188476562}, {"ListeningId": 0, "ParameterID": 24, "Value": 1691.96630859375}, {"ListeningId": 0, "ParameterID": 25, "Value": 51.10116195678711}, {"ListeningId": 0, "ParameterID": 26, "Value": 60.690521240234375}, {"ListeningId": 0, "ParameterID": 27, "Value": 171.12832641601562}, {"ListeningId": 0, "ParameterID": 28, "Value": 283.1982421875}, {"ListeningId": 0, "ParameterID": 13, "Value": 0.9959446787834167}, {"ListeningId": 0, "ParameterID": 14, "Value": 0.9902981519699097}, {"ListeningId": 0, "ParameterID": 15, "Value": 0.9684527516365051}, {"ListeningId": 0, "ParameterID": 16, "Value": 0.9848985075950623}, {"ListeningId": 0, "ParameterID": 10, "Value": 50.06689453125}, {"ListeningId": 0, "ParameterID": 11, "Value": 50.06689453125}, {"ListeningId": 0, "ParameterID": 12, "Value": 50.06689453125}, {"ListeningId": 0, "ParameterID": 32, "Value": 7296.1708984375}]}, {"ListeningId": 0, "MeterId": 11, "Timestamp": 1632423480, "listeningvalues": [{"ListeningId": 0, "ParameterID": 1, "Value": 231.008056640625}, {"ListeningId": 0, "ParameterID": 2, "Value": 232.33860778808594}, {"ListeningId": 0, "ParameterID": 3, "Value": 229.91146850585938}, {"ListeningId": 0, "ParameterID": 4, "Value": 400.902587890625}, {"ListeningId": 0, "ParameterID": 5, "Value": 400.41583251953125}, {"ListeningId": 0, "ParameterID": 6, "Value": 399.2126770019531}, {"ListeningId": 0, "ParameterID": 7, "Value": 2.699824333190918}, {"ListeningId": 0, "ParameterID": 8, "Value": 1.8110723495483398}, {"ListeningId": 0, "ParameterID": 9, "Value": 2.67506742477417}, {"ListeningId": 0, "ParameterID": 17, "Value": 617.3717041015625}, {"ListeningId": 0, "ParameterID": 18, "Value": 420.67852783203125}, {"ListeningId": 0, "ParameterID": 19, "Value": 580.7049560546875}, {"ListeningId": 0, "ParameterID": 20, "Value": 1617.6805419921875}, {"ListeningId": 0, "ParameterID": 21, "Value": 622.806640625}, {"ListeningId": 0, "ParameterID": 22, "Value": 421.17535400390625}, {"ListeningId": 0, "ParameterID": 23, "Value": 614.102783203125}, {"ListeningId": 0, "ParameterID": 24, "Value": 1658.8712158203125}, {"ListeningId": 0, "ParameterID": 25, "Value": 86.76408386230469}, {"ListeningId": 0, "ParameterID": 26, "Value": 0.0}, {"ListeningId": 0, "ParameterID": 27, "Value": 199.01187133789062}, {"ListeningId": 0, "ParameterID": 28, "Value": 285.742431640625}, {"ListeningId": 0, "ParameterID": 13, "Value": 0.9903824925422668}, {"ListeningId": 0, "ParameterID": 14, "Value": 0.9993382096290588}, {"ListeningId": 0, "ParameterID": 15, "Value": 0.9864698052406311}, {"ListeningId": 0, "ParameterID": 16, "Value": 0.9920635223388672}, {"ListeningId": 0, "ParameterID": 10, "Value": 50.06689453125}, {"ListeningId": 0, "ParameterID": 11, "Value": 50.06689453125}, {"ListeningId": 0, "ParameterID": 12, "Value": 50.06689453125}, {"ListeningId": 0, "ParameterID": 32, "Value": 5708.05224609375}]}, {"ListeningId": 0, "MeterId": 12, "Timestamp": 1632423480, "listeningvalues": [{"ListeningId": 0, "ParameterID": 1, "Value": 230.8111114501953}, {"ListeningId": 0, "ParameterID": 2, "Value": 232.23915100097656}, {"ListeningId": 0, "ParameterID": 3, "Value": 231.4051513671875}, {"ListeningId": 0, "ParameterID": 4, "Value": 401.1642761230469}, {"ListeningId": 0, "ParameterID": 5, "Value": 401.1400146484375}, {"ListeningId": 0, "ParameterID": 6, "Value": 400.3073425292969}, {"ListeningId": 0, "ParameterID": 7, "Value": 2.6292130947113037}, {"ListeningId": 0, "ParameterID": 8, "Value": 2.0475966930389404}, {"ListeningId": 0, "ParameterID": 9, "Value": 2.7262563705444336}, {"ListeningId": 0, "ParameterID": 17, "Value": 581.326171875}, {"ListeningId": 0, "ParameterID": 18, "Value": 475.0707092285156}, {"ListeningId": 0, "ParameterID": 19, "Value": 593.884033203125}, {"ListeningId": 0, "ParameterID": 20, "Value": 1649.7303466796875}, {"ListeningId": 0, "ParameterID": 21, "Value": 606.1846923828125}, {"ListeningId": 0, "ParameterID": 22, "Value": 475.0769958496094}, {"ListeningId": 0, "ParameterID": 23, "Value": 630.3557739257812}, {"ListeningId": 0, "ParameterID": 24, "Value": 1710.258056640625}, {"ListeningId": 0, "ParameterID": 25, "Value": 171.51971435546875}, {"ListeningId": 0, "ParameterID": 26, "Value": 0.0}, {"ListeningId": 0, "ParameterID": 27, "Value": 211.6494140625}, {"ListeningId": 0, "ParameterID": 28, "Value": 382.92724609375}, {"ListeningId": 0, "ParameterID": 13, "Value": 0.9691241979598999}, {"ListeningId": 0, "ParameterID": 14, "Value": 1.0}, {"ListeningId": 0, "ParameterID": 15, "Value": 0.9704287648200989}, {"ListeningId": 0, "ParameterID": 16, "Value": 0.9798510074615479}, {"ListeningId": 0, "ParameterID": 10, "Value": 50.06689453125}, {"ListeningId": 0, "ParameterID": 11, "Value": 50.06689453125}, {"ListeningId": 0, "ParameterID": 12, "Value": 50.06689453125}, {"ListeningId": 0, "ParameterID": 32, "Value": 5708.7099609375}]}]